project_id,verdict,reason,primary_repo,commit,delivered_date,n_delivery_files,own_org_repos,shared_repos,planned_pm
acala-project-bodhi,EXCLUDED,un-separable: only shared/3rd-party monorepos,,,2021-05-06,2,,w3f/General-Grants-Program;w3f/Open-Grants-Program;AcalaNetwork/bodhi.js;AcalaNetwork/Acala;AcalaNetwork/evm-playground;AcalaNetwork/evm-examples,6.00
acala_xtokens,EXCLUDED,un-separable: only shared/3rd-party monorepos,,,2021-04-21,2,,w3f/General-Grants-Program;w3f/Open-Grants-Program;open-web3-stack/open-runtime-module-library,3.00
admeta,INCLUDED,single separable primary repo + dated delivery,https://github.com/AdMetaNetwork/admeta,d133bce5adaa41dc2acffa8f10b63928d22751b4,2022-12-22,1,AdMetaNetwork/admeta;AdMetaNetwork/admeta-webapp,,2.00
Afloat,INCLUDED,single separable primary repo + dated delivery,https://github.com/hashed-io/afloat-client-api,,2023-02-27,4,hashed-io/hashed-substrate;hashed-io/hashed-marketplaces-ui;hashed-io/hashed-private-server;hashed-io/hashed-private-client-api;hashed-io/afloat-client-api;hashed-io/hashed-confidential-docs-client-api,,
agridot,INCLUDED,single separable primary repo + dated delivery,https://github.com/kacena123/AgriDot,c54553b96181ed2a46c53c8c3073c5fe1c4c257a,2025-01-15,1,kacena123/AgriDot;kacena123/agridot-backend;kacena123/agridot-docs,,4.00
Aisland-DocSig,INCLUDED,single separable primary repo + dated delivery,https://github.com/aisland-dao/docsig,,2023-10-15,2,aisland-dao/docsig;aisland-dao/aisland-node,,3.00
ajuna,INCLUDED,single separable primary repo + dated delivery,https://github.com/ajuna-network/Ajuna.SDK,,2023-03-10,4,darkfriend77/SubstrateNetApi;JetonNetwork/SubstrateNetApi;JetonNetwork/Open-Grants-Program;dotmog/Schnorrkel;ajuna-network/Ajuna.SDK;ajuna-network/Open-Grants-Program,,4.00
AlgoCash,INCLUDED,single separable primary repo + dated delivery,https://github.com/ReserveLabs/AlgoCash,,2021-06-30,1,ReserveLabs/AlgoCash,w3f/General-Grants-Program;w3f/Open-Grants-Program,
anagolay-project-idiyanale-multi-token-community-contributions-for-verified-creators,INCLUDED,single separable primary repo + dated delivery,https://github.com/anagolay/anagolay-chain,3bfaa83146555ffe6e4203b4d21d80b73ae0a0d8,2023-02-03,2,anagolay/anagolay-chain;anagolay/anagolay-js-sdk,,
anagolay-project-idiyanale-phase,INCLUDED,single separable primary repo + dated delivery,https://github.com/anagolay/w3f-grant-support-repo,,2022-05-30,2,anagolay/w3f-grant-support-repo;anagolay/anagolay-chain,,
anchor,INCLUDED,single separable primary repo + dated delivery,https://github.com/ff13dfly/Anchor,,2023-03-13,1,ff13dfly/Anchor,,1.00
apron-network,INCLUDED,single separable primary repo + dated delivery,https://github.com/Apron-Network/apron-node,,2021-03-09,1,Apron-Network/apron-node;Apron-Network/materials;Apron-Network/apron-contracts;Apron-Network/apron-marketplace-demo;Apron-Network/dashboard-static;Apron-Network/apron_gateway,w3f/General-Grants-Program;w3f/Open-Grants-Program,12.00
ares_protocol,INCLUDED,single separable primary repo + dated delivery,https://github.com/aresprotocols/ares-module,,2021-03-09,1,aresprotocols/ares-module,w3f/Open-Grants-Program,
ArtZero_InkWhale,INCLUDED,single separable primary repo + dated delivery,https://github.com/ArtZero-io/Contracts,,2023-04-01,2,ArtZero-io/Contracts;ArtZero-io/frontend-react;ArtZero-io/backend;InkWhale-net/contracts;InkWhale-net/backend;InkWhale-net/frontend,,20.00
assemblyscript-scale-codec,INCLUDED,single separable primary repo + dated delivery,https://github.com/LimeChain/as-scale-codec,,2020-06-08,1,LimeChain/as-scale-codec,w3f/Open-Grants-Program,
asylum,EXCLUDED,no project repo referenced,,,2022-09-09,3,,,
Awesome-Polka,INCLUDED,single separable primary repo + dated delivery,https://github.com/tolgayayci/awesome-polka,,2023-05-08,1,tolgayayci/awesome-polka,,
BandersnatchVRF,INCLUDED,single separable primary repo + dated delivery,https://github.com/Esscrypt/bandersnatch-vrf,,2025-12-19,1,Esscrypt/bandersnatch;Esscrypt/bandersnatch-vrf,,
bit_country,INCLUDED,single separable primary repo + dated delivery,https://github.com/bit-country/Bit-Country-Blockchain,,2021-12-07,2,bit-country/Bit-Country-Blockchain;bit-country/Metaverse-Network;bit-country/Bit-Country-Dapp,w3f/Open-Grants-Program,5.00
blackprint_js,INCLUDED,single separable primary repo + dated delivery,https://github.com/Blackprint/Blackprint,,2022-09-01,3,Blackprint/nodes-polkadot.js;Blackprint/Blackprint,,
bright_tresury,INCLUDED,single separable primary repo + dated delivery,https://github.com/bright/bright-tresury,,2021-12-29,3,bright/bright-tresury,w3f/General-Grants-Program;w3f/Open-Grants-Program,
calamar,INCLUDED,single separable primary repo + dated delivery,https://github.com/topmonks/calamar,76954c810465eafaab7755d7c19308cc36726d17,2024-01-02,3,topmonks/calamar,polkadot-js/apps,1.66
candle_auction_ink,INCLUDED,single separable primary repo + dated delivery,https://github.com/agryaznov/candle-auction-ink,,2022-03-09,3,agryaznov/candle-auction-ink;agryaznov/substrate-docs,substrate-developer-hub/substrate-docs,1.00
canyon_network_phrase,INCLUDED,single separable primary repo + dated delivery,https://github.com/canyon-network/canyon,,2021-08-27,1,canyon-network/canyon;canyon-network/canyon-cli,,1.50
centrifuge-gsrpc-v2,INCLUDED,single separable primary repo + dated delivery,https://github.com/centrifuge/go-substrate-rpc-client,,2023-06-29,2,centrifuge/go-substrate-rpc-client,,
Cere_Turnkey_Private_Blockchain_Network,INCLUDED,single separable primary repo + dated delivery,https://github.com/Cerebellum-Network/private-standalone-network-node,,2021-01-16,2,Cerebellum-Network/private-standalone-network-node;Cerebellum-Network/cere-enterprise-smart-contracts,w3f/General-Grants-Program;w3f/Open-Grants-Program,
ces_data_store,INCLUDED,single separable primary repo + dated delivery,https://github.com/CESSProject/data-store-pallet,,2022-06-25,3,CESSProject/data-store-pallet;CESSProject/data-store-sidecar;CESSProject/CIPs;CESSProject/cess,,6.00
CESS,INCLUDED,single separable primary repo + dated delivery,https://github.com/Cumulus2021/cess,,2022-01-15,3,Cumulus2021/cess;CESSProject/cess;CESSProject/cess-proving-system;CESSProject/storage-mining-tool;CESSProject/cess-ui-js;CESSProject/web-app,,8.00
chainviz,INCLUDED,single separable primary repo + dated delivery,https://github.com/helikon-labs/chainviz,,2023-09-19,1,helikon-labs/chainviz,,1.60
choko-wallet,INCLUDED,single separable primary repo + dated delivery,https://github.com/choko-wallet/wallet-app,,2022-11-15,1,choko-wallet/wallet-app;choko-wallet/sdk;skyekiwi/skyekiwi-protocol,,15.00
CILA-omnichain-infrastructure,INCLUDED,single separable primary repo + dated delivery,https://github.com/Collective-Intelligence-Labs/cila-substrate,,2023-08-14,1,Collective-Intelligence-Labs/cila-substrate,,6.00
citadel,EXCLUDED,un-separable: only shared/3rd-party monorepos,,,2023-01-18,1,,w3f/General-Grants-Program;w3f/Open-Grants-Program,
clover_january21,INCLUDED,single separable primary repo + dated delivery,https://github.com/clover-network/clover,,2021-02-02,1,clover-network/clover-rosetta-service;clover-network/clover;clover-network/clover-explorer;clover-network/clover-store-core;clover-network/clover-mobile-wallet;clover-network/clover-mulichain-wallet,w3f/General-Grants-Program;w3f/Open-Grants-Program,34.50
Cogency,INCLUDED,single separable primary repo + dated delivery,https://github.com/CogencyWeb3/Web3MediaPilot,,2023-03-14,2,CogencyWeb3/Web3MediaPilot,,
CoinFabrik_On_Ink_Integration_Tests,INCLUDED,single separable primary repo + dated delivery,https://github.com/CoinFabrik/on-ink-integration-tests,,2023-12-06,3,CoinFabrik/on-ink-integration-tests;your-repo/pull;your-repo/issue,paritytech/ink;paritytech/cargo-contract;paritytech/substrate-contracts-node,
contracts-tool,EXCLUDED,un-separable: only shared/3rd-party monorepos,,,2024-05-22,2,,paritytech/smart-bench,2.10
Contract_wizard,INCLUDED,single separable primary repo + dated delivery,https://github.com/protofire/polkadot-contract-wizard,,2023-11-24,1,protofire/polkadot-contract-wizard;protofire/cw_docs,,7.50
CoongWallet,INCLUDED,single separable primary repo + dated delivery,https://github.com/CoongCrafts/coong-wallet,,2023-06-15,2,CoongCrafts/coong-wallet;CoongCrafts/playground-dapp,,7.50
CosmWasmVM_CoreProduct,INCLUDED,single separable primary repo + dated delivery,https://github.com/CosmWasm/cosmwasm,,2023-09-13,1,CosmWasm/cosmwasm;ComposableFi/composable;ComposableFi/cosmwasm-vm,paritytech/wasmi,
c++polkadot-light-client,INCLUDED,single separable primary repo + dated delivery,https://github.com/eqlabs/polkadot-light-client,,2022-09-26,1,eqlabs/polkadot-light-client-spec;eqlabs/polkadot-light-client;eqlabs/cpp-libp2p;eqlabs/scale-codec-cpp;eqlabs/soralog;eqlabs/libp2p-sqlite-modern-cpp,,
create-substrate-app,INCLUDED,single separable primary repo + dated delivery,https://github.com/philoniare/create-substrate-app,,2024-03-05,1,philoniare/create-substrate-app,,1.00
crossbow,INCLUDED,single separable primary repo + dated delivery,https://github.com/dodorare/crossbow,7da4f92d7b1cc0ad2fbf6ed7f4765d8c473ac04e,2022-09-14,3,dodorare/crossbow;dodorare/android-tools-rs,,17.50
cryptex,INCLUDED,single separable primary repo + dated delivery,https://github.com/ideal-lab5/smoldot,,2023-10-19,3,ideal-lab5/smoldot;ideal-lab5/substrate-connect;ideal-lab5/etf.js;ideal-lab5/etf-cli;ideal-lab5/etf-sdk;ideal-lab5/contracts,,4.50
cryptolab-staking-reward-collector-front-end,INCLUDED,single separable primary repo + dated delivery,https://github.com/cryptolab-network/chain-data-collector,,2021-06-29,1,cryptolab-network/chain-data-collector;cryptolab-network/cryptolab-web-server;cryptolab-network/polkadot-staking-site;cryptolab-network/cryptolab-package,w3f/General-Grants-Program;w3f/Open-Grants-Program,
cScale,INCLUDED,single separable primary repo + dated delivery,https://github.com/MatthewDarnell/cScale,,2021-11-23,1,MatthewDarnell/cScale,,
curve_amm,INCLUDED,single separable primary repo + dated delivery,https://github.com/equilibrium-eosdt/equilibrium-curve-amm,,2021-05-20,2,equilibrium-eosdt/equilibrium-curve-amm,w3f/General-Grants-Program;w3f/Open-Grants-Program,
cyborg,INCLUDED,single separable primary repo + dated delivery,https://github.com/Cyborg-Network/cyborg-parachain,9685a55711b2e1ec63fdbc6603965e7b3784f8d6,2024-08-10,1,Cyborg-Network/cyborg-parachain;Cyborg-Network/Worker,,4.00
cyclops,INCLUDED,single separable primary repo + dated delivery,https://github.com/ArthurHoeke/cyclops,,2023-04-16,3,ArthurHoeke/cyclops,,3.00
da_comparative_study,INCLUDED,single separable primary repo + dated delivery,https://github.com/Chainscore/DA-Research,,2025-11-11,1,Chainscore/DA-Research,,8.00
Dante_Network,INCLUDED,single separable primary repo + dated delivery,https://github.com/dantenetwork/protocol-stack-for-ink,,2022-11-18,2,dantenetwork/protocol-stack-for-ink;dantenetwork/Pitch-Deck;dantenetwork/ink-sdk;dantenetwork/cross-chain-demo;dantenetwork/message-ink;dantenetwork/ink-test-router,,18.00
dao-entrance-phase,INCLUDED,single separable primary repo + dated delivery,https://github.com/dao-entrance/dao-entrance-node,,2023-03-31,2,dao-entrance/dao-entrance-node;dao-entrance/app;dao-entrance/org-node,,4.00
daos,INCLUDED,single separable primary repo + dated delivery,https://github.com/daos-org/daos,,2022-11-30,2,daos-org/daos;DICO-TEAM/dico-chain,,12.00
DAOsign,INCLUDED,single separable primary repo + dated delivery,https://github.com/DAOsign/polkadot-smart-contracts,,2024-11-18,3,DAOsign/polkadot-smart-contracts;DAOsign/daosign-ink-js-sdk;DAOsign/frontend;user-attachments/assets;DAOsign/relayer,,4.00
dapp_wallet_integration_native_mobile_libraries,INCLUDED,single separable primary repo + dated delivery,https://github.com/tesseract-one/Tesseract.android,,2024-01-30,4,tesseract-one/Tesseract.android;tesseract-one/dev-wallet.kotlin;tesseract-one/dev-wallet;tesseract-one/Tesseract.swift;tesseract-one/dev-wallet.swift;tesseract-one/polkachat.kotlin,,
dart-scale-codec,INCLUDED,single separable primary repo + dated delivery,https://github.com/nbltrust/dart-scale-codec,,2020-11-18,1,nbltrust/dart-scale-codec,w3f/Open-Grants-Program,26.50
Datagen_Project,INCLUDED,single separable primary repo + dated delivery,https://github.com/Datagen-Project/Datagen-Substrate-Grant,,2022-10-22,1,Datagen-Project/Datagen-Substrate-Grant,,10.00
data_platform_with_deep_indexed_data_and_staking_reports,INCLUDED,single separable primary repo + dated delivery,https://github.com/p2p-org/polkadot-grant,,2023-10-25,1,p2p-org/polkadot-grant;p2p-org/polkadot-grant-dags,,300.00
datdot,INCLUDED,single separable primary repo + dated delivery,https://github.com/playproject-io/datdot-service,,2022-03-19,1,playproject-io/datdot-service,w3f/General-Grants-Program,
dauth_network,INCLUDED,single separable primary repo + dated delivery,https://github.com/DAuth-Network/instant-proof,,2024-02-05,1,DAuth-Network/instant-proof;keysafe-protocol/keysafe-app;DAuth-Network/dauth,,24.00
Decentralised_Security_Marketplace,INCLUDED,single separable primary repo + dated delivery,https://github.com/ParthChaudhary31/Security_Marketplace_Smartcontract,,2023-09-08,1,ParthChaudhary31/Security_Marketplace_Smartcontract;ParthChaudhary31/Security_Marketplace_Backend;ParthChaudhary31/Security_Marketplace_Frontend,,
Decentralized_Threshold_Signing_Service,INCLUDED,single separable primary repo + dated delivery,https://github.com/Fiono11/decentralized_threshold_signing_service,,2025-11-27,3,Fiono11/decentralized_threshold_signing_service,,3.00
decentralml,INCLUDED,single separable primary repo + dated delivery,https://github.com/livetreetech/DecentralML,,2023-12-19,1,livetreetech/DecentralML,,5.00
deeper_network,INCLUDED,single separable primary repo + dated delivery,https://github.com/deeper-chain/deeper-chain,,2023-01-18,1,deeper-chain/deeper-chain;atomos-dev/control-plane,,5.00
deip,INCLUDED,single separable primary repo + dated delivery,https://github.com/DEIPworld/deip-polkadot,,2021-05-20,1,DEIPworld/deip-polkadot,w3f/General-Grants-Program;w3f/Open-Grants-Program,9.00
Deitos_Network,INCLUDED,single separable primary repo + dated delivery,https://github.com/Deitos-Network/deitos-ip,,2024-03-13,2,Deitos-Network/deitos-ip;Deitos-Network/deitos-node;Deitos-Network/deitos-cli;Deitos-Network/deitos-gate;Deitos-Network/deitos-verifier,,
delightfuldot,INCLUDED,single separable primary repo + dated delivery,https://github.com/CoongCrafts/delightfuldot,,2024-03-21,2,CoongCrafts/delightfuldot;sinzii/delightfuldot-poc;dedotdev/dedot,paritytech/zombienet,9.00
delmonicos,INCLUDED,single separable primary repo + dated delivery,https://github.com/Delmonicos/charger-node,,2022-02-23,3,Delmonicos/charger-node;Delmonicos/pallet-did;Delmonicos/charging-management-platform;Delmonicos/user-frontend,w3f/General-Grants-Program;w3f/Open-Grants-Program,3.00
democratic-governance,INCLUDED,single separable primary repo + dated delivery,https://github.com/encointer/pallets,,2024-01-18,1,encointer/pallets;encointer/encointer-node;pifragile/personhood-democracy-1-submission,,
DIA_Bridgestate,INCLUDED,single separable primary repo + dated delivery,https://github.com/diadata-org/bridgestate-ocw,,2023-08-07,2,diadata-org/bridgestate-ocw,,
Diffy_messenger_st1_ms1,INCLUDED,single separable primary repo + dated delivery,https://github.com/Belsoft-rs/diffychat-pallet,,2023-04-17,1,Belsoft-rs/diffychat-pallet;Belsoft-rs/diffychat-dotrtc,,
Diffy_messenger_st1_ms2,INCLUDED,single separable primary repo + dated delivery,https://github.com/Belsoft-rs/diffychat-pallet,,2023-07-07,1,Belsoft-rs/diffychat-pallet;Belsoft-rs/diffychat-client,,
DINFRA,EXCLUDED,no project repo referenced,,,2023-12-06,2,,,3.50
dipole-oracle-millestone,INCLUDED,single separable primary repo + dated delivery,https://github.com/DipoleTech/dipole-oracle,,2020-07-13,1,DipoleTech/dipole-oracle,w3f/Open-Grants-Program,
distributed_cryptography_for_polkadot_wallets,INCLUDED,single separable primary repo + dated delivery,https://github.com/perun-network/polkadot-wallet-grant,,2025-05-10,3,perun-network/polkadot-wallet-grant,,9.06
distributedKeyManagement,INCLUDED,single separable primary repo + dated delivery,https://github.com/KryptikApp/swordExample,,2023-03-26,1,KryptikApp/swordExample,,1.20
DistrubutedKeyManagement,INCLUDED,single separable primary repo + dated delivery,https://github.com/KryptikApp/sword,,2022-12-09,1,KryptikApp/sword,,
DKSAP,INCLUDED,single separable primary repo + dated delivery,https://github.com/GreenLemonProtocol/dksap-polkadot,,2022-07-17,1,GreenLemonProtocol/dksap-polkadot,,
dora-factory-multisig,INCLUDED,single separable primary repo + dated delivery,https://github.com/DoraFactory/dorafactory-multisig,,2022-03-28,1,DoraFactory/dorafactory-multisig,w3f/General-Grants-Program,2.00
Doter,INCLUDED,single separable primary repo + dated delivery,https://github.com/ChainBridgeNetworkTeam/Doter,,2021-07-15,2,ChainBridgeNetworkTeam/Doter,w3f/General-Grants-Program;w3f/Open-Grants-Program,
dotflow,INCLUDED,single separable primary repo + dated delivery,https://github.com/TheDotflow/dotflow-ink,,2023-09-13,2,TheDotflow/dotflow-ink;TheDotflow/dotflow-ui;colorfulnotion/xcm-global-registry,,
dot-login,INCLUDED,single separable primary repo + dated delivery,https://github.com/singkeo/dot-login,,2024-07-23,1,singkeo/dot-login-substrate-node;singkeo/dot-login,,18.00
dotly,INCLUDED,single separable primary repo + dated delivery,https://github.com/justmert/dotly-backend,,2023-09-28,1,justmert/dotly-backend;justmert/dotly-frontend,,2.00
dot_marketplace,INCLUDED,single separable primary repo + dated delivery,https://github.com/WowLabz/dot_marketplace_docker,,2021-12-03,3,WowLabz/tasking_backend;WowLabz/tasking_frontend;WowLabz/authentication_service;WowLabz/dot_marketplace_docker,w3f/General-Grants-Program,11.82
dot_marketplace-Phase3,INCLUDED,single separable primary repo + dated delivery,https://github.com/WowLabz/dot-marketplace-v2,,2023-01-06,3,WowLabz/dot-marketplace-v2;WowLabz/dot_marketplace_docker;WowLabz/tasking_frontend;WowLabz/dot_marketplace_file_server,w3f/General-Grants-Program,4.78
dot_marketplace_v2,INCLUDED,single separable primary repo + dated delivery,https://github.com/WowLabz/dot-marketplace-v2,,2022-05-11,2,WowLabz/tasking_backend;WowLabz/dot-marketplace-v2;WowLabz/dot_marketplace_docker,w3f/General-Grants-Program,4.78
dotmog,INCLUDED,single separable primary repo + dated delivery,https://github.com/dotmog/SubstrateNetApi,,2021-05-02,3,darkfriend77/SubstrateNetApi;dotmog/SubstrateNetApi;dotmog/pallet-dotmog;dotmog/Unity3DExample;dotmog/SubstrateUnityWalletSimple,w3f/General-Grants-Program;w3f/Open-Grants-Program,2.00
dotnix,INCLUDED,single separable primary repo + dated delivery,https://github.com/sporyon/dotnix-core,,2024-08-08,2,sporyon/dotnix-core,,
dotnix_followup,INCLUDED,single separable primary repo + dated delivery,https://github.com/sporyon/dotnix-core,88d566372d584b699bb92b45862a8191ff7fe4de,2026-03-11,2,sporyon/dotnix-core,,
DotPay,INCLUDED,single separable primary repo + dated delivery,https://github.com/bytepayment/bytepay,,2022-03-11,2,bytepayment/bytepay;bytepayment/bytepaytest,,
dotpulse,INCLUDED,single separable primary repo + dated delivery,https://github.com/CrossChainLabs-DOT/dotpulse-api,,2022-12-13,2,CrossChainLabs-DOT/dotpulse-api;CrossChainLabs-DOT/dotpulse-scraper;CrossChainLabs-DOT/dotpulse-webapp,,
eiger-PNS,INCLUDED,single separable primary repo + dated delivery,https://github.com/eigerco/polkadot-native-storage,,2023-10-23,1,eigerco/polkadot-native-storage,,
eightfish,INCLUDED,single separable primary repo + dated delivery,https://github.com/eightfish-org/eightfish,,2023-05-11,2,eightfish-org/eightfish;eightfish-org/eightfish-example-todo,,4.00
ElasticLabs_PolakdotAgentKit,INCLUDED,single separable primary repo + dated delivery,https://github.com/elasticlabs-org/polkadot-agent-kit,edb75aaf1d2d1f999b62425642bd39b3d4b27203,2025-11-17,3,elasticlabs-org/polkadot-agent-kit;elasticlabs-org/polkadot-agent-kit-docs;openguild-labs/polkadot-agent-kit,,6.00
eliza-plugin-dot,INCLUDED,single separable primary repo + dated delivery,https://github.com/ChainSupport/eliza-plugin-dot,,2025-11-08,1,ChainSupport/eliza-plugin-dot;ChainSupport/eliza-dot-aes;ChainSupport/eliza,,1.50
ElizaPolkadotPlugin,INCLUDED,single separable primary repo + dated delivery,https://github.com/elizaOS/eliza,,2025-07-19,1,Esscrypt/plugin-polkadot;elizaos-plugins/registry;elizaOS/eliza,,1.50
epirus_substrate_explorer,INCLUDED,single separable primary repo + dated delivery,https://github.com/web3labs/epirus-substrate,,2022-08-05,1,web3labs/epirus-substrate,,6.00
epirus_substrate_explorer-phase2,INCLUDED,single separable primary repo + dated delivery,https://github.com/web3labs/epirus-substrate,,2022-12-08,1,web3labs/ink-verifier-server;web3labs/ink-verifier-image;web3labs/epirus-substrate,,6.00
epirus_substrate-phase2,INCLUDED,single separable primary repo + dated delivery,https://github.com/web3labs/epirus-substrate,,2023-02-10,1,web3labs/ink-verifier-server;web3labs/epirus-substrate,,6.00
escrow,INCLUDED,single separable primary repo + dated delivery,https://github.com/herou/EscrowPallet,,2022-10-14,2,herou/EscrowPallet,,
Evanesco_Network,INCLUDED,single separable primary repo + dated delivery,https://github.com/Evanesco-Labs/WhiteNoise.rs,,2021-09-17,2,Evanesco-Labs/WhiteNoise.rs;Evanesco-Labs/WhiteNoise-RPC,w3f/General-Grants-Program;w3f/Open-Grants-Program,9.00
Faceless,INCLUDED,single separable primary repo + dated delivery,https://github.com/HeisenbergLin22/Faceless_milestone2_delivery,,2022-12-14,1,HeisenbergLin22/Faceless_milestone2_delivery,w3f/General-Grants-Program,6.00
faceless_delivery,INCLUDED,single separable primary repo + dated delivery,https://github.com/HeisenbergLin22/Faceless_milestone1,,2023-01-18,1,HeisenbergLin22/Faceless_milestone1,w3f/General-Grants-Program,6.00
fair_squares,INCLUDED,single separable primary repo + dated delivery,https://github.com/Fair-Squares/fair-squares,,2023-03-21,5,Fair-Squares/fair-squares;Fair-Squares/fs-dapp,,12.00
faterium,INCLUDED,single separable primary repo + dated delivery,https://github.com/faterium/faterium-node,,2023-01-26,2,faterium/faterium-node;faterium/faterium-server;faterium/faterium-dapp,,
Faucet,INCLUDED,single separable primary repo + dated delivery,https://github.com/karooolis/sybil-resistant-substrate-faucet,,2023-01-18,1,karooolis/sybil-resistant-substrate-faucet,,1.00
faucet-bot,INCLUDED,single separable primary repo + dated delivery,https://github.com/StringNick/sybil-resistant-chat-bot-substrate-faucet,,2023-07-29,1,StringNick/sybil-resistant-chat-bot-substrate-faucet;centrifuge/go-substrate-rpc-client,,2.25
fennel-protocol,INCLUDED,single separable primary repo + dated delivery,https://github.com/fennelLabs/Fennel-Protocol,,2022-04-26,3,fennelLabs/Fennel-Protocol;fennelLabs/fennel-lib;fennelLabs/fennel-cli;fennelLabs/fennel-server,,9.00
FIAT-on-off-ramp,INCLUDED,single separable primary repo + dated delivery,https://github.com/element36-io/ebics-java-service,,2023-05-08,3,element36-io/ebics-java-service;element36-io/ocw-ebics,w3f/Open-Grants-Program,9.00
fidi-dotsight,INCLUDED,single separable primary repo + dated delivery,https://github.com/fidi-tech/dotsight,12280b45f5f1ddd855d6b91eaee4abbf1916f534,2024-04-05,3,fidi-tech/dotsight;fidi-tech/dotsight-ui,,
fractapp,INCLUDED,single separable primary repo + dated delivery,https://github.com/fractapp/fractapp,,2021-11-25,3,fractapp/fractapp;fractapp/fractapp-server;fractapp/staking-bot;fractapp/scanner,w3f/Open-Grants-Program,10.50
FuturProtocol,INCLUDED,single separable primary repo + dated delivery,https://github.com/RELAI-Network/relai-network,,2024-04-05,1,RELAI-Network/relai-network;RELAI-Network/futurstore-app;MobSF/Mobile-Security-Framework-MobSF;RELAI-Network/sast-dast-gateway;RELAI-Network/futur-console-react;RELAI-Network/relai-fn,,
Gafi,INCLUDED,single separable primary repo + dated delivery,https://github.com/cryptoviet/gafi,,2022-11-24,3,cryptoviet/gafi;grindytech/gafi;grindytech/gafi-test,,13.80
galaxy,INCLUDED,single separable primary repo + dated delivery,https://github.com/7flash/galaxy-polkadot,f97d5e2e5eab3322782f72d3b469d11cbf7e94a9,2023-09-28,2,7flash/galaxy-polkadot;7flash/galaxy-polkadot-contract;7flash/galaxy-desktop-app;7flash/galaxydraw;7flash/galaxy-dist;7flash/webui,,1.00
GenesisDAO,INCLUDED,single separable primary repo + dated delivery,https://github.com/deep-ink-ventures/genesis-dao-node,,2023-05-23,3,deep-ink-ventures/genesis-dao-node;deep-ink-ventures/genesis-dao-frontend;deep-ink-ventures/genesis-dao-service,,
gluon,INCLUDED,single separable primary repo + dated delivery,https://github.com/tearust/gluon-website,,2021-06-07,2,tearust/gluon-website;tearust/gluon-app;tearust/gluon-pallet;tearust/tea-layer1,w3f/General-Grants-Program;w3f/Open-Grants-Program,12.50
grant_management_webapp,INCLUDED,single separable primary repo + dated delivery,https://github.com/antiers-solutions/gmw-frontend,,2023-08-09,1,antiers-solutions/gmw-frontend;antiers-solutions/gmw-backend,,
grantmaster,INCLUDED,single separable primary repo + dated delivery,https://github.com/Zaniyar/grantmaster,,2024-01-02,1,Zaniyar/grantmaster,,3.00
GreenLemon,INCLUDED,single separable primary repo + dated delivery,https://github.com/GreenLemonProtocol/dksap-polkadot,,2022-10-18,2,GreenLemonProtocol/dksap-polkadot;GreenLemonProtocol/ink,,
halva_bootstrapping,INCLUDED,single separable primary repo + dated delivery,https://github.com/halva-suite/halva,,2020-10-06,1,halva-suite/halva;halva-suite/halva-test-example,w3f/Open-Grants-Program,
halva-framework,INCLUDED,single separable primary repo + dated delivery,https://github.com/halva-suite/halva,,2020-08-14,1,halva-suite/halva-test-example;halva-suite/halva,w3f/Open-Grants-Program,
hamster-millestone,INCLUDED,single separable primary repo + dated delivery,https://github.com/hamster-shared/hamster,,2022-05-07,2,hamster-shared/hamster;hamster-shared/hamster-doc;hamster-shared/hamster-client;hamster-shared/hamster-provider;hamster-shared/frontend;hamster-shared/hamster-gateway,w3f/General-Grants-Program,8.00
hex-space-social-graph,INCLUDED,single separable primary repo + dated delivery,https://github.com/rust-0x0/hex-space-protocol-substrate,9123f9503f45a89958bef6c96eb308b82dd7f3a6,2022-07-12,1,rust-0x0/hex-space-protocol-substrate;rust-0x0/hex-space-protocol-front-end;rust-0x0/hex-space-protocol-docs,,1.00
High-Availability validator setup,INCLUDED,single separable primary repo + dated delivery,https://github.com/tikv/tikv,,2023-07-11,3,tikv/tikv;bright/substrate-raft-setup;bright/substrate-raft,,
hs-web3,INCLUDED,single separable primary repo + dated delivery,https://github.com/airalab/hs-web3,,2021-08-19,4,airalab/hs-web3,w3f/Open-Grants-Program,
hybrid,INCLUDED,single separable primary repo + dated delivery,https://github.com/hybrid-explorer/hybrid-indexer,,2023-08-07,3,hybrid-explorer/hybrid-indexer;hybrid-explorer/hybrid-dapp;hybrid-explorer/polkadot-indexer,,
hybrid2,INCLUDED,single separable primary repo + dated delivery,https://github.com/hybrid-explorer/hybrid-indexer,a15b1ce1a4e40546e22e818d034880ca37187a60,2024-03-20,4,hybrid-explorer/hybrid-indexer;hybrid-explorer/polkadot-indexer;hybrid-explorer/hybrid-api-rs;hybrid-explorer/hybrid-cli,paritytech/subxt,
hybrid-node-research,INCLUDED,single separable primary repo + dated delivery,https://github.com/Zondax/mayon,,2023-03-19,1,Zondax/mayon,,
Hyperdot,INCLUDED,single separable primary repo + dated delivery,https://github.com/Infra3-Network/hyperdot-node,,2024-01-15,2,colorfulnotion/substrate-etl;Infra3-Network/hyperdot-node;Infra3-Network/hyperdot-fronted,,
hyperfridge,INCLUDED,single separable primary repo + dated delivery,https://github.com/element36-io/hyperfridge-r0,,2026-01-28,5,element36-io/hyperfridge-r0;element36-io/ebics-java-service;element36-io/ocw-ebics,,9.00
idavoll_network,INCLUDED,single separable primary repo + dated delivery,https://github.com/idavollnetwork/idavoll,,2021-06-17,1,idavollnetwork/idavoll,w3f/General-Grants-Program;w3f/Open-Grants-Program,
identics_identity_indexer,INCLUDED,single separable primary repo + dated delivery,https://github.com/vikiival/identics,,2025-09-09,1,vikiival/identics;casey/just,,6.00
identity_directory,INCLUDED,single separable primary repo + dated delivery,https://github.com/Shard-Labs/identity-directory,,2021-10-18,2,Shard-Labs/identity-directory;Shard-Labs/identity-hub,w3f/General-Grants-Program;w3f/Open-Grants-Program,
imbue_network,INCLUDED,single separable primary repo + dated delivery,https://github.com/imbuenetwork/imbue,,2022-03-23,2,imbuenetwork/imbue;ImbueNetwork/imbue;ImbueNetwork/prototype;ImbueNetwork/dapp,,0.00
infimum,INCLUDED,single separable primary repo + dated delivery,https://github.com/rhysbalevicius/infimum,,2024-12-09,2,rhysbalevicius/infimum;arkworks-rs/groth16;zkcrypto/bellman,,0.00
ink-analyzer,INCLUDED,single separable primary repo + dated delivery,https://github.com/ink-analyzer/ink-analyzer,,2023-08-04,4,ink-analyzer/ink-analyzer;ink-analyzer/ink-vscode,paritytech/ink,
ink-analyzer-phase,INCLUDED,single separable primary repo + dated delivery,https://github.com/ink-analyzer/ink-analyzer,,2024-02-05,7,ink-analyzer/ink-analyzer;ink-analyzer/ink-vscode,,
ink-boxes,INCLUDED,single separable primary repo + dated delivery,https://github.com/nerdsince98/ink-boxes,,2022-12-13,2,nerdsince98/ink-boxes;avirajkhare00/ink-boxes-ui,,
ink-explorer,INCLUDED,single separable primary repo + dated delivery,https://github.com/blockcoders/ink-substrate-explorer-api,,2022-11-18,2,blockcoders/ink-substrate-explorer-api;blockcoders/ink-substrate-explorer-frontend,,18.00
ink-pallet-benchmarking,INCLUDED,single separable primary repo + dated delivery,https://github.com/Nikhil-Desai-Talentica/substrate-node-template-benchmarking,,2023-07-04,3,Nikhil-Desai-Talentica/substrate-node-template-benchmarking;hyperledger/solang,,
ink-playground,INCLUDED,single separable primary repo + dated delivery,https://github.com/Zeeve-App/ink-playground,5bb6b61e067ea1b9ce17d099d994993e891437c1,2024-06-13,2,Zeeve-App/ink-playground;Zeeve-App/ink,paritytech/ink-playground,
inkscope-fuzzer,INCLUDED,single separable primary repo + dated delivery,https://github.com/inkscopexyz/inkscope-fuzzer,,2024-05-17,2,inkscopexyz/inkscope-fuzzer;CoinFabrik/scout,,4.50
ink-smart-contract-wizard,INCLUDED,single separable primary repo + dated delivery,https://github.com/avirajkhare00/ink-wizard,,2023-01-16,2,avirajkhare00/ink-wizard;avirajkhare00/homebrew-ink-wizard;Supercolony-net/openbrush-contracts,,2.00
Intersetellar-network-WP2,INCLUDED,single separable primary repo + dated delivery,https://github.com/Interstellar-Network/lib_circuits,,2023-09-19,1,Interstellar-Network/lib_circuits,,
Interstellar-Network,INCLUDED,single separable primary repo + dated delivery,https://github.com/Interstellar-Network/api_garble,,2023-02-17,5,Interstellar-Network/api_garble;Interstellar-Network/api_circuits;Interstellar-Network/lib_garble;Interstellar-Network/lib_circuits;Interstellar-Network/Interstellar-Book;Interstellar-Network/wallet-app,,55.00
Interstellar-Network-WP2,INCLUDED,single separable primary repo + dated delivery,https://github.com/Interstellar-Network/lib-garble-rs,,2023-10-05,1,Interstellar-Network/lib-garble-rs,,55.00
InvArch,INCLUDED,single separable primary repo + dated delivery,https://github.com/InvArch/InvArch-Pallet-Library,,2022-07-20,2,InvArch/InvArch-Pallet-Library;InvArch/InvArch-Frames;InvArch/INV4-Git;InvArch/InvArch-Node;InvArch/InvArch-node,,
invoice,INCLUDED,single separable primary repo + dated delivery,https://github.com/gertt/Invoice,,2023-01-20,3,gertt/Invoice,,
ipfs_utilities,INCLUDED,single separable primary repo + dated delivery,https://github.com/TDSoftware/substrate-ipfs,,2023-04-21,2,TDSoftware/substrate-ipfs;TDSoftware/substrate-ipfs-ui;TDSoftware/substrate-ipfs-example-ui,,4.00
iris,INCLUDED,single separable primary repo + dated delivery,https://github.com/iridium-labs/iris-docs,,2022-04-05,2,iridium-labs/iris-docs;iridium-labs/ui;iridium-labs/contracts,,
iris_followup,INCLUDED,single separable primary repo + dated delivery,https://github.com/ideal-lab5/iris,,2022-12-19,2,ideal-lab5/iris;ideal-lab5/contracts;ideal-lab5/ui;driemworks/iris;ideal-lab5/whitepaper,,22.50
iris_milestone-delivery,INCLUDED,single separable primary repo + dated delivery,https://github.com/iridium-labs/ui,,2021-12-24,1,iridium-labs/iris-docs;iridium-labs/ui,,
ismp-milestone-delivery,INCLUDED,single separable primary repo + dated delivery,https://github.com/polytope-labs/ismp,,2023-05-31,1,polytope-labs/ismp-rs;polytope-labs/ismp;polytope-labs/substrate-ismp,,6.00
ISO20022,EXCLUDED,no project repo referenced,,,2023-10-20,1,,,
iso20022-ecosystem-research-and-technical-strategy,EXCLUDED,no project repo referenced,,,2024-09-04,1,,,
ISO8583,INCLUDED,single separable primary repo + dated delivery,https://github.com/adit313/ISO8583-Blockchain-Integration-Plan,,2022-10-02,1,adit313/ISO8583-Blockchain-Integration-Plan,,4.00
iso_8583_PoC,INCLUDED,single separable primary repo + dated delivery,https://github.com/subclone/payment-processor,,2024-03-22,2,subclone/payment-processor;subclone/iso8583-chain,,4.00
Iunokit,INCLUDED,single separable primary repo + dated delivery,https://github.com/Luno-lab/LunoKit,,2025-11-12,1,Luno-lab/LunoKit,,6.00
java-client,INCLUDED,single separable primary repo + dated delivery,https://github.com/emeraldpay/polkaj,,2020-05-08,1,emeraldpay/polkaj,w3f/Open-Grants-Program,60.00
java_client_mileston,INCLUDED,single separable primary repo + dated delivery,https://github.com/emeraldpay/polkaj,,2020-08-17,2,emeraldpay/polkaj,w3f/Open-Grants-Program,60.00
JuniDb,EXCLUDED,no project repo referenced,,,2022-04-06,1,,,10.00
keysafe_network,INCLUDED,single separable primary repo + dated delivery,https://github.com/keysafe-protocol/keysafe-app,,2022-11-26,1,keysafe-protocol/keysafe-app;keysafe-protocol/documents;keysafe-protocol/keysafe-sgx;keysafe-protocol/contracts;keysafe-protocol/keysafe-front,w3f/General-Grants-Program,24.00
Knowledge-Oriented-Framework,INCLUDED,single separable primary repo + dated delivery,https://github.com/mobr-ai/POnto,,2023-08-01,3,mobr-ai/POnto,,0.85
Kodadot_assethub_nft_indexer,INCLUDED,single separable primary repo + dated delivery,https://github.com/kodadot/stick,,2024-02-22,1,kodadot/stick;kodadot/packages;vikiival/squidtegrity;casey/just,,
kodadot_atomic_swap_indexer,INCLUDED,single separable primary repo + dated delivery,https://github.com/kodadot/stick,,2024-07-24,1,kodadot/stick;vikiival/kodaquery;vikiival/squidtegrity;casey/just,,
konomi,INCLUDED,single separable primary repo + dated delivery,https://github.com/konomi-network/cumulus,,2021-06-18,1,konomi-network/cumulus;konomi-network/lending-demo,w3f/General-Grants-Program;w3f/Open-Grants-Program,3.00
KSM-embeddable-tip-or-donate-button,INCLUDED,single separable primary repo + dated delivery,https://github.com/Shard-Labs/kusama-tips-widget,,2021-01-07,1,Shard-Labs/kusama-tips-widget,w3f/General-Grants-Program;w3f/Open-Grants-Program,
kuma-wallet,INCLUDED,single separable primary repo + dated delivery,https://github.com/blockcoders/kuma-wallet,,2023-08-11,4,blockcoders/kuma-wallet;kumawallet/extension,,
kylin-network,INCLUDED,single separable primary repo + dated delivery,https://github.com/Kylin-Network/kylin-node,,2021-02-10,1,Kylin-Network/kylin-node;Kylin-Network/documents;Kylin-Network/kylin-ocw-module;Kylin-Network/sample-data-fetcher;Kylin-Network/kylin-contracts;Kylin-Network/kylin-market-frontend,w3f/General-Grants-Program;w3f/Open-Grants-Program,6.00
KZero,INCLUDED,single separable primary repo + dated delivery,https://github.com/kzero-xyz/kzero,,2025-10-06,4,kzero-xyz/kzero-circuit;kzero-xyz/kzero-grant-docs;kzero-xyz/kzero-service;kzero-xyz/kzero;kzero-xyz/kzero-salt-enclave-service;kzero-xyz/kzero-wallet,,
lastic,INCLUDED,single separable primary repo + dated delivery,https://github.com/LasticXYZ/squid-sdk,,2024-05-03,2,LasticXYZ/squid-sdk;LasticXYZ/subsquid;LasticXYZ/LasticUI,,
lastic-price-simulator-milestione,INCLUDED,single separable primary repo + dated delivery,https://github.com/LasticXYZ/price-simulation,,2024-01-02,1,LasticXYZ/price-simulation;LasticXYZ/LasticOrg,,
LedgerAssetsApp_G6_1,INCLUDED,single separable primary repo + dated delivery,https://github.com/Zondax/ledger-statemint,,2022-08-18,1,Zondax/ledger-statemint;Zondax/ledger-statemine;Zondax/ledger-substrate-js;zondax/ledger-statemine;zondax/ledger-statemint;zondax/ledger-substrate-rs,,
ledgerUpgrade,INCLUDED,single separable primary repo + dated delivery,https://github.com/Zondax/ledger-polkadot,,2025-05-28,1,Zondax/ledger-polkadot;Zondax/ledger-substrate-js,,
liberland,INCLUDED,single separable primary repo + dated delivery,https://github.com/liberland/liberland_substrate,,2023-06-05,2,liberland/liberland_substrate;DorianSternVukotic/liberland-middleware-api;liberland/liberlandhub.io,,15.00
Libra,INCLUDED,single separable primary repo + dated delivery,https://github.com/atscaletech/libra,,2022-11-21,3,atscaletech/libra;atscaletech/libra-js;atscaletech/libra-docs,,
LightSpell,INCLUDED,single separable primary repo + dated delivery,https://github.com/paraspell/xcm-api,99fc787bc505dfdb82afe23f252498b30dc8d16d,2023-08-10,1,paraspell/xcm-api;paraspell/docs,,5.00
LiisaPortfolioTracker,INCLUDED,single separable primary repo + dated delivery,https://github.com/LiisaNFT/PolkadotNFTPortfolioTracker,,2024-05-22,2,LiisaNFT/PolkadotNFTPortfolioTracker,,11.25
lip_payments,INCLUDED,single separable primary repo + dated delivery,https://github.com/virto-network/virto-node,73c2af347d320b5abd9e377867106d16314b1472,2022-03-02,2,virto-network/virto-node;virto-network/website;virto-network/open-runtime-module-library;virto-network/valor,open-web3-stack/open-runtime-module-library,
load_balanced_endpoints_operations,INCLUDED,single separable primary repo + dated delivery,https://github.com/geometry-labs/substrate-meta,,2022-05-31,3,geometry-labs/substrate-meta;geometry-labs/websocket-logger;CachetHQ/Cachet;upptime/upptime;upptime/uptime-monitor;geometry-labs/terraform-polkadot-aws-node,w3f/General-Grants-Program;polkadot-js/apps,
logion_wallet,INCLUDED,single separable primary repo + dated delivery,https://github.com/logion-network/logion-wallet,,2022-06-13,4,logion-network/logion-test;logion-network/logion-node;logion-network/logion-backend-ts;logion-network/logion-wallet;logion-network/logion-directory;logion-network/logion-pg-backup-manager,,20.00
lunie-governance_milestones-1,INCLUDED,single separable primary repo + dated delivery,https://github.com/luniehq/lunie,,2020-09-23,1,luniehq/lunie,w3f/Open-Grants-Program,
lunokit,INCLUDED,single separable primary repo + dated delivery,https://github.com/Luno-lab/LunoKit,,2025-10-09,1,Luno-lab/LunoKit;Luno-lab/lkdoc,,6.00
MangoBOX,INCLUDED,single separable primary repo + dated delivery,https://github.com/Mangoboxlabs/Mangoboxink,,2022-10-27,1,Mangoboxlabs/Mangoboxink,,8.00
MangoSale,INCLUDED,single separable primary repo + dated delivery,https://github.com/Mangoboxlabs/MangoSale,,2023-08-08,2,Mangoboxlabs/MangoSale;Mangoboxlabs/MangoSaleV2,,8.00
manta_network,INCLUDED,single separable primary repo + dated delivery,https://github.com/Manta-Network/pallet-manta-dap,,2021-02-06,1,Manta-Network/pallet-manta-dap;Manta-Network/manta-node;Manta-Network/manta-front-end,w3f/General-Grants-Program;w3f/Open-Grants-Program,
massbit_route,INCLUDED,single separable primary repo + dated delivery,https://github.com/massbitprotocol/massbitroute,,2022-09-28,2,massbitprotocol/massbitchain;massbitprotocol/w3f-testing-guide;massbitprotocol/massbitroute;massbitprotocol/massbitroute_gwman;massbitprotocol/massbitroute_fisherman;massbitprotocol/massbitroute_node,,12.00
material,EXCLUDED,no project repo referenced,,,2024-04-08,1,,,
melodot,INCLUDED,single separable primary repo + dated delivery,https://github.com/ZeroDAO/melodot,,2023-12-23,4,ZeroDAO/melodot,,6.75
MeProtocol,INCLUDED,single separable primary repo + dated delivery,https://github.com/Me-Protocol/rusty-protocol-v0.1,,2024-07-12,2,Me-Protocol/rusty-protocol-v0.1;Me-Protocol/Rusty-Protocol-Backend-Portal,,13000.00
merkle_tree,INCLUDED,single separable primary repo + dated delivery,https://github.com/frisitano/merkle-tree-db,ebd3ee8492d2db61cccdb5a8f82740e93eef5c83,2023-03-05,1,frisitano/merkle-tree-db,,
migrationEase,INCLUDED,single separable primary repo + dated delivery,https://github.com/Zondax/polkadot-web-migration,,2025-07-22,2,Zondax/polkadot-web-migration,,
mobile_dapp_connection,INCLUDED,single separable primary repo + dated delivery,https://github.com/tesseract-one/Tesseract.rs,,2023-04-19,3,tesseract-one/Tesseract.rs;tesseract-one/Tesseract.android;tesseract-one/Tesseract.swift;tesseract-one/dev-wallet;tesseract-one/polkachat.rs,,1.66
mobile-game-framework-millestone,INCLUDED,single separable primary repo + dated delivery,https://github.com/creator-rs/creator,ece9d1f84816ef7420533fe35167cb1a5baca6c5,2021-07-15,3,creator-rs/creator;bevyengine/bevy;RustAudio/cpal;creator-rs/creator-templates;creator-rs/fastlane-plugin,w3f/Open-Grants-Program,
multisignature_management_tool,INCLUDED,single separable primary repo + dated delivery,https://github.com/itering/subscan-multisig-ui,30f83b4a4d9f0f060c46db103cee3125e8f0e487,2021-08-03,2,itering/subscan-multisig-ui;itering/subscan-multisig-backend;itering/subscan-multisig-react,w3f/Open-Grants-Program,
Multix-a-simple-UI-for-complex-multisigs,INCLUDED,single separable primary repo + dated delivery,https://github.com/ChainSafe/Multix,,2023-02-06,1,ChainSafe/Multix,,1.50
myriad_social,INCLUDED,single separable primary repo + dated delivery,https://github.com/myriadsocial/myriad-node-parachain,,2024-11-20,3,myriadsocial/myriad-node-parachain;myriadsocial/myriad-infrastructure;myriadsocial/myriad-web;myriadsocial/myriad-scripts;myriadsocial/myriad-api;myriadsocial/myriad-importer-extension,,9.00
native-bitcoin-vaults,INCLUDED,single separable primary repo + dated delivery,https://github.com/hashed-io/native-bitcoin-vaults-UI,,2022-10-18,2,bitcoindevkit/bdk;hashed-io/hashed-substrate;hashed-io/bdk-services;hashed-io/native-bitcoin-vaults-UI;hashed-io/nbv-ur-codec;hashed-io/hashed-network-portal-ui,,6.00
NeuroZK,INCLUDED,single separable primary repo + dated delivery,https://github.com/Cyborg-Network/cyborg-parachain,,2025-06-07,3,Cyborg-Network/cyborg-parachain;Cyborg-Network/cyborg-connect;Cyborg-Network/Cyborg-worker-node;Cyborg-Network/Cyborg-miner,open-web3-stack/open-runtime-module-library,12.00
new_bls12_hash_function,INCLUDED,single separable primary repo + dated delivery,https://github.com/dishport/Indifferentiable-hashing-to-ordinary-elliptic-curves-of-j-0-with-the-cost-of-one-exponentiation,,2022-08-31,2,dishport/Indifferentiable-hashing-to-ordinary-elliptic-curves-of-j-0-with-the-cost-of-one-exponentiation;zhenfeizhang/indifferentiable-hashing,,6.00
NewOmega,INCLUDED,single separable primary repo + dated delivery,https://github.com/WiktorStarczewski/newomega.polkadot,c0c5ca0,2023-01-18,4,WiktorStarczewski/newomega.polkadot;WiktorStarczewski/newomega.trinity;WiktorStarczewski/newomega-polkadot-hybrid,w3f/General-Grants-Program;w3f/Open-Grants-Program,4.00
nftaa,INCLUDED,single separable primary repo + dated delivery,https://github.com/decenzio/nftaa,,2025-09-02,3,decenzio/polkadot-nftaa-proposal;decenzio/nftaa;decenzio/pallet-nftaa;decenzio/stick;decenzio/nft-gallery;kodadot/nft-gallery,paritytech/zombienet,12.00
nft_collectibles_wallet,INCLUDED,single separable primary repo + dated delivery,https://github.com/GamePowerNetwork/gamepower-module-library,,2021-06-08,1,GamePowerNetwork/gamepower-module-library;GamePowerNetwork/gamepower-wallet-template,w3f/General-Grants-Program;w3f/Open-Grants-Program,
nft_explorer,INCLUDED,single separable primary repo + dated delivery,https://github.com/uni-arts-chain/evm-nft-tracker,,2021-11-18,2,uni-arts-chain/evm-nft-tracker;uni-arts-chain/substrate-nft-tracker;uni-arts-chain/uniscan,,5.00
nftstore-network,INCLUDED,single separable primary repo + dated delivery,https://github.com/NFTT-studio/NFTMart-Node,,2021-07-09,1,NFTT-studio/NFTMart-Node;NFTT-studio/nftmart-fontend;NFTT-studio/nftmart,w3f/General-Grants-Program;w3f/Open-Grants-Program;open-web3-stack/open-runtime-module-library,4.00
Nolik,INCLUDED,single separable primary repo + dated delivery,https://github.com/chainify/nolik,,2022-09-13,2,chainify/pallet-nolik;chainify/substrate-nolik-dev;chainify/nolik;chainify/nolik-cli,,2.00
nulink,INCLUDED,single separable primary repo + dated delivery,https://github.com/NuLink-network/nulink-chain,,2022-03-25,2,NuLink-network/nulink-chain,w3f/General-Grants-Program,12.00
ocelloids_monitoring_sdk,INCLUDED,single separable primary repo + dated delivery,https://github.com/sodazone/ocelloids,,2023-07-24,1,sodazone/ocelloids,,4.00
ocelloids_xcm_monitoring_service,INCLUDED,single separable primary repo + dated delivery,https://github.com/sodazone/xcm-monitoring,,2023-11-20,1,sodazone/xcm-monitoring,,4.00
offline_elction_tool,INCLUDED,single separable primary repo + dated delivery,https://github.com/antiers-solutions/polkadot-staking-miner,,2026-01-29,1,antiers-solutions/polkadot-staking-miner,,
offline_election_tool,INCLUDED,single separable primary repo + dated delivery,https://github.com/antiers-solutions/polkadot-staking-miner,,2026-02-03,1,antiers-solutions/polkadot-staking-miner,,
Omniverse_DLT,INCLUDED,single separable primary repo + dated delivery,https://github.com/Omniverse-Web3-Labs/Omniverse-DLT-Introduction,,2023-06-18,2,Omniverse-Web3-Labs/omniverse-swap;Omniverse-Web3-Labs/Omniverse-DLT-Introduction;Omniverse-Web3-Labs/omniverse-evm;Omniverse-Web3-Labs/omniverse-swap-tools;Omniverse-Web3-Labs/omniverse-flow;Omniverse-Web3-Labs/omniverse-ink,paritytech/substrate-contracts-node,12.00
On_chain_cash_exchange,INCLUDED,single separable primary repo + dated delivery,https://github.com/bsn-si/ocex-smartcontract,,2022-07-06,2,bsn-si/ocex-smartcontract;bsn-si/ocex-cli;bsn-si/ocex-activation,,8.00
openbrush,INCLUDED,single separable primary repo + dated delivery,https://github.com/727-Ventures/openbrush-contracts,,2023-01-20,3,727-Ventures/openbrush-contracts;727-Ventures/pallet-assets-chain-extension;727-Ventures/openbrush-website;Supercolony-net/openbrush-contracts;OpenZeppelin/openzeppelin-contracts,paritytech/chainextension-registry;paritytech/ink;paritytech/substrate-contracts-node;w3f/PSPs,
openbrush_follow_up,INCLUDED,single separable primary repo + dated delivery,https://github.com/Supercolony-net/openbrush-contracts,,2022-07-26,3,Supercolony-net/openbrush-contracts,paritytech/ink;paritytech/cargo-contract;paritytech/parity-scale-codec;w3f/PSPs,
openPayroll,INCLUDED,single separable primary repo + dated delivery,https://github.com/polkadrys/openPayroll,,2023-07-26,1,polkadrys/open-payroll-web;polkadrys/openPayroll,,8.00
openrollup-mvp-phase,INCLUDED,single separable primary repo + dated delivery,https://github.com/open-rollup/pallet-open-rollup,,2023-06-14,1,open-rollup/pallet-open-rollup;open-rollup/blog;0xPolygonMiden/miden-vm,,11.25
OpenSquare_offchain_voting,INCLUDED,single separable primary repo + dated delivery,https://github.com/opensquare-network/collaboration,,2021-11-19,1,opensquare-network/collaboration;opensquare-network/docs-off-chain-voting,,
OpenSquare_paid_qa,INCLUDED,single separable primary repo + dated delivery,https://github.com/opensquare-network/paid-qa,,2022-07-12,1,opensquare-network/paid-qa;opensquare-network/ipfs;opensquare-network/qa-spec,,
orochi-network-orosign-part1,INCLUDED,single separable primary repo + dated delivery,https://github.com/orochi-network/orochi-networkhub.io,,2023-10-17,1,orochi-network/orochi-networkhub.io,w3f/General-Grants-Program,
p2p_state_channels,INCLUDED,single separable primary repo + dated delivery,https://github.com/peer3to/state-channels-plus,,2024-12-02,2,peer3to/state-channels-plus,,
pacificstore,INCLUDED,single separable primary repo + dated delivery,https://github.com/vlbos/pacificstore-node,,2021-04-28,1,vlbos/pacificstore-node;ProjectOpenSea/wyvern-js,w3f/Open-Grants-Program,
pallet_drand_client,INCLUDED,single separable primary repo + dated delivery,https://github.com/random-meat/drand-substrate-client,,2023-01-16,1,random-meat/drand-substrate-client,,2.00
pallet_supersig_decentration,INCLUDED,single separable primary repo + dated delivery,https://github.com/kabocha-network/pallet_supersig,,2023-02-22,3,decentration/substrate-supersig-template;kabocha-network/pallet_supersig;decentration/apps,,
pallet-verifier,INCLUDED,single separable primary repo + dated delivery,https://github.com/davidsemakula/pallet-verifier,,2024-12-09,1,davidsemakula/pallet-verifier;rust-lang/rust-clippy;rust-lang/miri,,
PANIC,INCLUDED,single separable primary repo + dated delivery,https://github.com/SimplyVC/panic,,2022-08-22,1,SimplyVC/panic,,3.00
parachain_staking,INCLUDED,single separable primary repo + dated delivery,https://github.com/PureStake/moonbeam,,2021-12-05,2,PureStake/moonbeam;PureStake/apps,w3f/General-Grants-Program;w3f/Open-Grants-Program;polkadot-js/apps,
parallel,INCLUDED,single separable primary repo + dated delivery,https://github.com/parallel-finance/parallel,,2021-10-21,2,parallel-finance/parallel;parallel-finance/nominate-client,w3f/General-Grants-Program;w3f/Open-Grants-Program,16.00
paraport,INCLUDED,single separable primary repo + dated delivery,https://github.com/paraportxyz/app,,2025-10-20,1,paraportxyz/app;paraportxyz/docs;paraportxyz/sdk,,6.00
ParaSpell,INCLUDED,single separable primary repo + dated delivery,https://github.com/dudo50/ParaSpell,2fb7b9c2a4bf6bf9602abced3f5662be96f2bc65,2022-09-30,1,dudo50/ParaSpell;paraspell/sdk;ParaSpell/sdk,,2.00
Paraspell-followup,INCLUDED,single separable primary repo + dated delivery,https://github.com/paraspell/sdk,aea02541f7168d7a7f566b7311fcf70f6a977115,2023-01-29,3,paraspell/sdk;paraspell/ui;paraspell/sub-scaffold;paraspell/xcm-sdk;paraspell/ui-v1;paraspell/ui-v2,,2.00
ParaSpell-followup2,INCLUDED,single separable primary repo + dated delivery,https://github.com/paraspell/sdk,,2023-04-18,1,paraspell/sdk;paraspell/ui-v2;paraspell/xcm-sdk;paraspell/ui;paraspell/docs;kodadot/sub-scaffold,,2.00
patron,INCLUDED,single separable primary repo + dated delivery,https://github.com/Brushfam/patron-backend,,2023-07-06,1,Brushfam/patron-backend;Brushfam/patron-frontend,paritytech/substrate-contracts-node,
perun_app_channels,INCLUDED,single separable primary repo + dated delivery,https://github.com/perun-network/perun-polkadot-pallet,54c55acabfe2f5b57a79b4330726cf572453c0f0,2022-09-20,3,perun-network/perun-polkadot-pallet;perun-network/perun-polkadot-backend;perun-network/perun-polkadot-node;perun-network/perun-polkadot-appdemo;ajuna-network/Ajuna;hyperledger-labs/go-perun,,9.06
perun_channels,INCLUDED,single separable primary repo + dated delivery,https://github.com/perun-network/perun-polkadot-pallet,,2021-07-20,2,perun-network/perun-polkadot-pallet,w3f/General-Grants-Program,9.06
perun_integration,INCLUDED,single separable primary repo + dated delivery,https://github.com/perun-network/perun-polkadot-pallet,,2021-11-12,5,perun-network/perun-polkadot-pallet;perun-network/go-perun;hyperledger-labs/go-perun;perun-network/perun-polkadot-backend;perun-network/perun-polkadot-demo,,9.06
php-rpc-lib,INCLUDED,single separable primary repo + dated delivery,https://github.com/gmajor-encrypt/php-scale-codec,,2022-04-29,2,gmajor-encrypt/php-scale-codec;gmajor-encrypt/sr25519-bindings;gmajor-encrypt/php-substrate-api,,
php-rpc-lib-follow-up,INCLUDED,single separable primary repo + dated delivery,https://github.com/gmajor-encrypt/php-substrate-api,,2023-02-21,1,gmajor-encrypt/php-substrate-api;gmajor-encrypt/php-scale-codec,,
php-scale-lib,INCLUDED,single separable primary repo + dated delivery,https://github.com/gmajor-encrypt/php-scale-codec,,2021-10-13,2,gmajor-encrypt/php-scale-codec,w3f/Open-Grants-Program,
php-substrate-api,INCLUDED,single separable primary repo + dated delivery,https://github.com/neha0921/substrate-interface-package,,2021-12-14,1,neha0921/substrate-interface-package;neha0921/package-test,,
Plus,INCLUDED,single separable primary repo + dated delivery,https://github.com/Nick-1979/polkadot-Js-Plus-extension,,2022-03-23,2,Nick-1979/polkadot-Js-Plus-extension,,9.00
Plutonication,INCLUDED,single separable primary repo + dated delivery,https://github.com/RostislavLitovkin/Plutonication,,2024-08-21,4,RostislavLitovkin/PlutonicationServer;RostislavLitovkin/Plutonication;cisar2218/Plutonication,,1.66
pocs,INCLUDED,single separable primary repo + dated delivery,https://github.com/auguth/pocs,,2025-04-08,3,auguth/pocs;auguth/ink-contracts-for-testing,,
polkadart,INCLUDED,single separable primary repo + dated delivery,https://github.com/rankanizer/polkadart,d112181c8769a8e74d3eff57a46940a3dbf7370c,2024-03-08,4,rankanizer/polkadart;leonardocustodio/polkadart,,60.00
Polkadart_extension,INCLUDED,single separable primary repo + dated delivery,https://github.com/leonardocustodio/polkadart,,2025-03-07,1,leonardocustodio/polkadart,,6.00
polkadart-followup,INCLUDED,single separable primary repo + dated delivery,https://github.com/leonardocustodio/polkadart,,2024-10-31,1,leonardocustodio/polkadart;polkadart/docs,,6.00
polkadex,INCLUDED,single separable primary repo + dated delivery,https://github.com/Polkadex-Substrate/Polkadex,,2020-10-02,1,Polkadex-Substrate/Polkadex,w3f/Open-Grants-Program,
polkadot_analytics_platform,INCLUDED,single separable primary repo + dated delivery,https://github.com/mobr-ai/PolkadotAnalytics,,2023-09-04,1,mobr-ai/PolkadotAnalytics;mobr-ai/POnto,,0.85
polkadot-contract-wizard,INCLUDED,single separable primary repo + dated delivery,https://github.com/protofire/polkadot-contract-wizard,,2023-05-05,2,protofire/polkadot-contract-wizard;protofire/ink-compiler-be,,7.50
polkadot_dart,INCLUDED,single separable primary repo + dated delivery,https://github.com/Pocket4D/Polkadot-Dart,,2020-12-04,1,Pocket4D/Polkadot-Dart,w3f/Open-Grants-Program,60.00
polkadot-desktop-app,EXCLUDED,un-separable: only shared/3rd-party monorepos,,,2021-08-20,3,,w3f/General-Grants-Program;w3f/Open-Grants-Program;polkadot-js/apps;w3f/polkadot-wiki;polkadot-js/ui,3.75
polkadotjs-ecdsa,EXCLUDED,un-separable: only shared/3rd-party monorepos,,,2020-05-04,1,,w3f/Open-Grants-Program;polkadot-js/common;polkadot-js/ui;polkadot-js/api,
polkadotjs-ecdsa-hardware,INCLUDED,single separable primary repo + dated delivery,https://github.com/gluneau/polkadotjs-ecdsa-hardware,,2022-11-21,1,AstarNetwork/astar-frame;gluneau/polkadotjs-ecdsa-hardware,polkadot-js/apps,
polkadot-js-extension-per-account-auth,EXCLUDED,un-separable: only shared/3rd-party monorepos,,,2023-01-18,1,,polkadot-js/extension,1.00
polkadotjs_no_code,INCLUDED,single separable primary repo + dated delivery,https://github.com/ezcodeco/Bubble-Plugin-Polkadot.js,,2022-02-10,2,ezcodeco/Bubble-Plugin-Polkadot.js,,4.00
polkadot-js-plus-nomination-pools,INCLUDED,single separable primary repo + dated delivery,https://github.com/Nick-1979/polkadot-Js-Plus-extension,,2022-06-28,1,Nick-1979/polkadot-Js-Plus-extension,,9.00
polkadot-js-plus-social-recovery-wallet,INCLUDED,single separable primary repo + dated delivery,https://github.com/Nick-1979/polkadot-Js-Plus-extension,,2022-08-11,1,Nick-1979/polkadot-Js-Plus-extension,,9.00
Polkadot-Protocol-Conformance-Tests,INCLUDED,single separable primary repo + dated delivery,https://github.com/LimeChain/polkadot-conformance,,2023-12-01,1,LimeChain/polkadot-conformance,,
polkadot-runtime-releaser,INCLUDED,single separable primary repo + dated delivery,https://github.com/hack-ink/polkadot-runtime-releaser,,2025-01-17,1,hack-ink/polkadot-runtime-releaser;hack-ink/polkadot-runtime-releaser-workshop,,
polkadot_tests,INCLUDED,single separable primary repo + dated delivery,https://github.com/Zondax/polkadot-testing,,2023-12-22,1,Zondax/polkadot-testing;Zondax/Polkadot-conformance-tests,,
Polkadot_Web_UI,INCLUDED,single separable primary repo + dated delivery,https://github.com/RidOne-technologies/polkadot-angular-identicon,,2021-08-03,1,RidOne-technologies/polkadot-angular-identicon;RidOne-technologies/polkadot-web-identicon,w3f/General-Grants-Program,
PolkaFlow,INCLUDED,single separable primary repo + dated delivery,https://github.com/justmert/eco-flow-frontend,,2023-05-08,1,justmert/eco-flow-frontend;justmert/eco-flow-backend,,2.00
polkaj_android_support,INCLUDED,single separable primary repo + dated delivery,https://github.com/emeraldpay/polkaj,,2021-12-02,2,emeraldpay/polkaj,,60.00
polkakey,INCLUDED,single separable primary repo + dated delivery,https://github.com/w3finance/PolkaKey,7d2bf55bd67b6729d9ed88ef8c962836f9729903,2020-04-26,2,w3finance/PolkaKey,w3f/Open-Grants-Program,
polkamask,INCLUDED,single separable primary repo + dated delivery,https://github.com/PolkaGate/polkaMask,,2024-01-27,1,PolkaGate/polkaMask;PolkaGate/polkadot-js-extension;PolkaGate/polkadot-cloud-library,,6.00
polkamusic,INCLUDED,single separable primary repo + dated delivery,https://github.com/polkamusic/PolkaMusic-Core,,2021-10-12,1,polkamusic/PolkaMusic-Core;polkamusic/Rights-Management-Portal,w3f/General-Grants-Program;w3f/Open-Grants-Program,
polkashots,INCLUDED,single separable primary repo + dated delivery,https://github.com/midl-dev/polkadot-snapshot-generator,,2020-12-25,1,midl-dev/polkadot-snapshot-generator,w3f/General-Grants-Program;w3f/Open-Grants-Program,
polkastats,INCLUDED,single separable primary repo + dated delivery,https://github.com/Colm3na/polkastats-backend-v3,,2020-06-12,3,Colm3na/polkastats-backend-v3;Colm3na/polkastats-v3;Colm3na/ledger-polkadot-js;Colm3na/polkapulse,w3f/Open-Grants-Program,
polk-auction,INCLUDED,single separable primary repo + dated delivery,https://github.com/CrommVardek/polk-auction-core,,2022-05-31,3,CrommVardek/polk-auction-core;CrommVardek/polk-auction-ui,,
Polkawatch,EXCLUDED,no project repo referenced,,,2022-04-21,2,,,
polket_toearnfun,INCLUDED,single separable primary repo + dated delivery,https://github.com/polketio/polket-node,,2023-03-02,2,polketio/polket-node;polketio/toearnfun_flutter_app;polkawallet-io/sdk,,16.00
pontem-network,INCLUDED,single separable primary repo + dated delivery,https://github.com/pontem-network/sp-move,49d6f1d8598aca86bf7e59f309a078cd573fcc0e,2021-05-12,3,dfinance/sp-move;dfinance/sp-move-vm;dfinance/petgraph;RIg410/indexmap;dfinance/move-tools;pontem-network/sp-move,w3f/General-Grants-Program;w3f/Open-Grants-Program,4.00
preparing-polkadot-pallet-balances-for-formal-verification,INCLUDED,single separable primary repo + dated delivery,https://github.com/.../preparing-polkadot-pallet-balances-for-formal-verification.md,,2025-10-21,1,.../LICENSE;Inferara/pallet-balances-formal-verification;.../preparing-polkadot-pallet-balances-for-formal-verification.md,,
PRIMIS,INCLUDED,single separable primary repo + dated delivery,https://github.com/Primis-Labs/client,,2022-11-01,1,Primis-Labs/client,,
PrivaDEX_aggregator,INCLUDED,single separable primary repo + dated delivery,https://github.com/kapilsinha/privadex,,2023-02-28,4,kapilsinha/privadex;kapilsinha/privadex-swap-ui,,11.00
Profond,INCLUDED,single separable primary repo + dated delivery,https://github.com/profondHQ/profond-psp22-contract,,2023-12-20,2,profondHQ/profond-psp22-contract;profondHQ/profond-backend-api;profondHQ/paras-ink-nft-launchpad-contract;profondHQ/launchpad;profondHQ/profond-indexer;profondHQ/profond-analytics,,
project_aurras_mvp_phase,INCLUDED,single separable primary repo + dated delivery,https://github.com/HugoByte/aurras,,2023-11-07,5,HugoByte/aurras-event-feed-substrate-js;HugoByte/aurras-event-manager;HugoByte/aurras-documentation;HugoByte/aurras-deployment-docker-compose;HugoByte/aurras-deployment-kubernetes;HugoByte/aurras,w3f/General-Grants-Program;w3f/Open-Grants-Program,
prosopo,INCLUDED,single separable primary repo + dated delivery,https://github.com/prosopo-io/provider,,2022-07-25,2,prosopo-io/provider;prosopo-io/protocol;prosopo-io/dapp-example;prosopo-io/integration;prosopo-io/prosopo-website;Supercolony-net/openbrush-contracts,paritytech/substrate-contracts-node;paritytech/ink,
psc,INCLUDED,single separable primary repo + dated delivery,https://github.com/OmniBTC/PSC,,2023-02-13,1,OmniBTC/PSC,paritytech/zombienet,
qrucial_dao,INCLUDED,single separable primary repo + dated delivery,https://github.com/Qrucial/QRUCIAL-DAO,,2023-07-05,2,Qrucial/QRUCIAL-DAO,,
QSTN,INCLUDED,single separable primary repo + dated delivery,https://github.com/QSTN-US/Polkadot-QSTN-v1,,2024-01-23,1,QSTN-US/Polkadot-QSTN-v1;QSTN-US/qstn-polkadot-marketplace-v021,,120.00
quadratic-funding,INCLUDED,single separable primary repo + dated delivery,https://github.com/OAK-Foundation/quadratic-funding-pallet,,2021-10-06,2,OAK-Foundation/quadratic-funding-pallet;OAK-Foundation/quadratic-funding-test;OAK-Foundation/quadratic-funding-webapp,w3f/General-Grants-Program;w3f/Open-Grants-Program,12.00
quadratic-funding-pallet,INCLUDED,single separable primary repo + dated delivery,https://github.com/zhangjiannan/QFgrant,,2021-04-28,3,zhangjiannan/QFgrant,w3f/General-Grants-Program;w3f/Open-Grants-Program,2.00
queryWeb3,INCLUDED,single separable primary repo + dated delivery,https://github.com/Query-Web3/database,,2025-12-20,1,Query-Web3/database;Query-Web3/backend,,270.00
RainbowDAO-Protocol-ink!-Phase1,INCLUDED,single separable primary repo + dated delivery,https://github.com/RainbowcityFoundation/RainbowDAO-Protocol-Ink-milestone_1,,2022-04-08,2,RainbowcityFoundation/RainbowDAO-Protocol-Ink-milestone_1;RainbowcityFoundation/RainbowDAO-Protocol-Ink-UI-milestone_1;RainbowcityFoundation/RainbowDAO-Protocol-Ink-docs;RainbowcityFoundation/RainbowDAO-Protocol-Ink-milestone_2;RainbowcityFoundation/RainbowDAO-Protocol-Ink-UI-milestone_2,,
rb_substrate_client,INCLUDED,single separable primary repo + dated delivery,https://github.com/uni-arts-chain/sr25519,,2021-10-26,1,uni-arts-chain/sr25519,,
RedStone,INCLUDED,single separable primary repo + dated delivery,https://github.com/redstone-network/redstone-node,,2022-12-04,1,redstone-network/redstone-node,,6.00
regionx,INCLUDED,single separable primary repo + dated delivery,https://github.com/RegionX-Labs/RegionX,,2024-03-07,2,RegionX-Labs/CoreHub;RegionX-Labs/RegionX;RegionX-Labs/Coretime-Mock;RegionX-Labs/Docs,,
relaycode,INCLUDED,single separable primary repo + dated delivery,https://github.com/itsyogesh/relaycode,,2026-02-08,2,itsyogesh/relaycode,,4.00
research-feasibility-go-runtime,INCLUDED,single separable primary repo + dated delivery,https://github.com/limechain/gosemble,,2022-09-26,1,limechain/gosemble;LimeChain/gosemble;LimeChain/tinygo,,
research-feasibiliy-java-host,INCLUDED,single separable primary repo + dated delivery,https://github.com/LimeChain/java-host-research,,2023-02-08,1,LimeChain/java-host-research;LimeChain/wasmer-java,,
roloi,INCLUDED,single separable primary repo + dated delivery,https://github.com/RoloiMoney/roloi-polkadot-w3f-grant,,2022-07-18,1,RoloiMoney/roloi-polkadot-w3f-grant,,2.00
roloi-xcm-payment-automation,INCLUDED,single separable primary repo + dated delivery,https://github.com/NeoPower-Digital/tempora,,2024-04-22,2,NeoPower-Digital/tempora,,7.50
Rubeus_keeper,INCLUDED,single separable primary repo + dated delivery,https://github.com/bsn-si/rubeus-smartcontract,,2022-12-05,2,bsn-si/rubeus-smartcontract;bsn-si/rubeus-client,,4.00
Rubeus_keeper_st2,INCLUDED,single separable primary repo + dated delivery,https://github.com/bsn-si/rubeus-smartcontract,,2023-03-09,2,bsn-si/rubeus-smartcontract;bsn-si/rubeus-client,,4.00
ruby,INCLUDED,single separable primary repo + dated delivery,https://github.com/rubyprotocol/documents,,2021-12-31,2,rubyprotocol/documents;Ruby-Protocol/private_ml;fentec-project/CiFEr;lornacrevelingwgo23/zeropool_substrate_fork;rubyprotocol/Ruby_milestone2;lornacrevelingwgo23/Ruby_dockerfile,w3f/General-Grants-Program,6.00
rv_kmir,INCLUDED,single separable primary repo + dated delivery,https://github.com/runtimeverification/mir-semantics,,2023-12-20,4,runtimeverification/mir-semantics;runtimeverification/mir-semantics-compiletest;runtimeverification/kup,,
SaaS3,INCLUDED,single separable primary repo + dated delivery,https://github.com/SaaS3-Foundation/dRuntime-fat,,2023-05-24,2,SaaS3-Foundation/dRuntime-fat;SaaS3-Foundation/saas3-dao;SaaS3-Foundation/SaaS3-DAO-Pallets,,6.00
saito-gamebridge,INCLUDED,single separable primary repo + dated delivery,https://github.com/SaitoTech/saito-crypto-api-modules,f8eb04e3059776d8b1cb300d682c681c00615643,2021-11-10,2,SaitoTech/saito-crypto-api-modules;SaitoTech/Saito-Game-Engine,w3f/General-Grants-Program;w3f/Open-Grants-Program,
sandox_ms3_delivery,INCLUDED,single separable primary repo + dated delivery,https://github.com/sandoxio/sandox,,2023-10-20,1,sandoxio/sandox,,16.00
Sandox_st1_ms1_delivery,INCLUDED,single separable primary repo + dated delivery,https://github.com/sandoxio/sandox,,2023-07-12,1,sandoxio/sandox,,16.00
Sandox_st1_ms2_delivery,INCLUDED,single separable primary repo + dated delivery,https://github.com/sandoxio/sandox,,2023-08-29,1,sandoxio/sandox,,16.00
sarp-basic-functionality,INCLUDED,single separable primary repo + dated delivery,https://github.com/scs/MIRAI,,2023-07-06,1,scs/MIRAI,,
scale-codec-comparator,INCLUDED,single separable primary repo + dated delivery,https://github.com/gmajor-encrypt/scale-codec-comparator,,2023-01-22,3,gmajor-encrypt/scale-codec-comparator,,
ScoutCoinFabrik,INCLUDED,single separable primary repo + dated delivery,https://github.com/CoinFabrik/scout,,2023-07-04,2,CoinFabrik/web3-grant;CoinFabrik/scout;crytic/slither;blocksecteam/rustle,,
Security_Marketplace,INCLUDED,single separable primary repo + dated delivery,https://github.com/ParthChaudhary31/Security_Marketplace_Backend,,2023-11-30,1,ParthChaudhary31/Security_Marketplace_Backend;ParthChaudhary31/Security_Marketplace_Frontend;ParthChaudhary31/Security_Marketplace_Cron,,
sensio_network,EXCLUDED,un-separable: only shared/3rd-party monorepos,,,2020-04-29,1,,w3f/Open-Grants-Program,
SEOR-code-less-smart-contract-platform,INCLUDED,single separable primary repo + dated delivery,https://github.com/SealSC/smart-contracts,,2021-11-11,2,SealSC/smart-contracts;SealSC/multi-chain-js,w3f/General-Grants-Program;w3f/Open-Grants-Program,
sequester,INCLUDED,single separable primary repo + dated delivery,https://github.com/SequesterChain/pallets,,2022-06-21,1,SequesterChain/pallets;SequesterChain/sequester-example-node,,
shadows-network,INCLUDED,single separable primary repo + dated delivery,https://github.com/ShadowsNetwork/shadows,,2021-02-04,1,ShadowsNetwork/shadows,w3f/General-Grants-Program;w3f/Open-Grants-Program,15.00
Shivarthu,INCLUDED,single separable primary repo + dated delivery,https://github.com/amiyatulu/shivarthu,a38ff3aa038474613427a3ee4af3ed8108f70941,2024-08-28,2,amiyatulu/shivarthu;amiyatulu/shivarthu_frontend;reaudito/shivarthu;reaudito/shivarthu-client-tests;reaudito/shivarthu-client;reaudito/shivarthu_offchain_computing,,16.00
signac,INCLUDED,single separable primary repo + dated delivery,https://github.com/digitalnativeinc/signac,,2022-11-02,2,digitalnativeinc/signac;standardweb3/signac,,
signet,INCLUDED,single separable primary repo + dated delivery,https://github.com/TalismanSociety/siws,86c6e921df2af1cfe8000fb76f3f3917f1ad0d19,2023-11-14,1,TalismanSociety/siws;TalismanSociety/talisman-web,,1.00
silent_data,INCLUDED,single separable primary repo + dated delivery,https://github.com/appliedblockchain/silentdata-node-public,,2023-07-12,1,appliedblockchain/silentdata-node-public;appliedblockchain/silentdata-polkadot-public;appliedblockchain/silentdata-node;appliedblockchain/silentdata-polkadot,,
sirato-substrate-explorer-phase3,INCLUDED,single separable primary repo + dated delivery,https://github.com/web3labs/epirus-substrate,,2023-06-23,1,web3labs/epirus-substrate,,6.00
skyekiwi-protocol,INCLUDED,single separable primary repo + dated delivery,https://github.com/skyekiwi/skyekiwi-protocol,18171d1174b12f78d85bbd92183d53d3924468f2,2022-02-07,2,skyekiwi/skyekiwi-protocol;skyekiwi/contract-demo;skyekiwi/skyekiwi-network,polkadot-js/common,8.00
skyepass,INCLUDED,single separable primary repo + dated delivery,https://github.com/skyekiwi/skyepass-vault,,2021-04-20,1,skyekiwi/skyepass-vault;bitchan/eccrypto;grempe/secrets.js;skyekiwi/skyepass-ux,w3f/General-Grants-Program;w3f/Open-Grants-Program,
skynet-substrate-integration,INCLUDED,single separable primary repo + dated delivery,https://github.com/SkynetLabs/skynet-substrate,,2022-03-01,1,SkynetLabs/skynet-substrate;SkynetLabs/skynet-substrate-offchain-worker-node;SkynetLabs/skynet-substrate-front-end-example,,1.50
slonigiraf,INCLUDED,single separable primary repo + dated delivery,https://github.com/slonigiraf/recommendation-letter,,2022-03-25,1,slonigiraf/recommendation-letter;slonigiraf/recommendation-letter-example-ui;slonigiraf/recommendation-letter-example-node,,1.00
slothunter,INCLUDED,single separable primary repo + dated delivery,https://github.com/hack-ink/slothunter,,2023-09-06,2,hack-ink/slothunter;hack-ink/telegram-webhook,,
social_recivery_wallet,INCLUDED,single separable primary repo + dated delivery,https://github.com/hypha-dao/hashed-wallet,,2023-01-26,3,hypha-dao/hashed-wallet,,
societal,INCLUDED,single separable primary repo + dated delivery,https://github.com/sctllabs/societal-front-end,,2022-12-21,2,sctllabs/societal-grant-submission;sctllabs/societal-front-end;sctllabs/societal-grant-submission-2,,12.00
societal-grant,INCLUDED,single separable primary repo + dated delivery,https://github.com/sctllabs/societal-grant-2-submission,,2023-08-29,5,sctllabs/societal-grant-2-submission;sctllabs/societal-client;sctllabs/node-indexer;sctllabs/societal-node,,6.00
sol2ink,INCLUDED,single separable primary repo + dated delivery,https://github.com/727-Ventures/sol2ink,bc014edcbb738a66c0bbbe2e063d5c93d9df75b4,2023-02-13,1,727-Ventures/sol2ink;Uniswap/v2-core;Uniswap/v2-periphery,,
sol2ink-delivery,INCLUDED,single separable primary repo + dated delivery,https://github.com/Supercolony-net/sol2ink,,2023-01-18,1,Supercolony-net/sol2ink,,
Solang-developer-experience-improvements,INCLUDED,single separable primary repo + dated delivery,https://github.com/hyperledger/solang,,2023-07-09,2,hyperledger/solang,,
Solang_Playground,INCLUDED,single separable primary repo + dated delivery,https://github.com/hyperledger-labs/solang-playground,,2025-01-16,4,hyperledger-labs/solang-playground,,
solidity-trie-verifier,INCLUDED,single separable primary repo + dated delivery,https://github.com/polytope-labs/solidity-merkle-trees,,2023-02-28,1,polytope-labs/solidity-merkle-trees,,13.50
solidity-verifier-for-accountable-light-client,INCLUDED,single separable primary repo + dated delivery,https://github.com/ethereum/EIPs,,2023-09-28,2,ethereum/EIPs;celo-org/celo-blockchain;darwinia-network/apk-proofs;arkworks-rs/algebra;darwinia-network/apk-verifier,paritytech/frontier;w3f/apk-proofs,
spacewalk,INCLUDED,single separable primary repo + dated delivery,https://github.com/pendulum-chain/spacewalk,,2022-11-22,2,pendulum-chain/spacewalk;interlay/interbtc;pendulum-chain/stellar-experiments,,1.50
spartan_poc_consensus_module,INCLUDED,single separable primary repo + dated delivery,https://github.com/subspace/spartan-codec,,2021-07-29,3,subspace/spartan-codec;subspace/spartan-farmer,w3f/General-Grants-Program;w3f/Open-Grants-Program,
SpellRouter_Milestone,INCLUDED,single separable primary repo + dated delivery,https://github.com/paraspell/xcm-router,6a5fc8a53bce38cf23207f04620cc3f83c942eb1,2024-01-24,2,paraspell/xcm-router;paraspell/docs;paraspell/xcm-api,,
sr25519_donna,INCLUDED,single separable primary repo + dated delivery,https://github.com/TerenceGe/sr25519-donna,,2020-06-23,2,TerenceGe/sr25519-donna,w3f/Open-Grants-Program,
ssal,INCLUDED,single separable primary repo + dated delivery,https://github.com/MatteoPerona/ssal_commods,,2024-03-13,1,MatteoPerona/ssal_commods;MatteoPerona/ssal-demo-frontend,,5.00
stable-asset,INCLUDED,single separable primary repo + dated delivery,https://github.com/nutsfinance/stable-asset,,2022-03-25,3,nutsfinance/stable-asset,w3f/General-Grants-Program;w3f/Open-Grants-Program;AcalaNetwork/Acala,2.00
staking-rewards-viewer,INCLUDED,single separable primary repo + dated delivery,https://github.com/jackson-harris-iii/staking-rewards-viewer,,2021-08-13,1,jackson-harris-iii/staking-rewards-viewer,w3f/General-Grants-Program,4.00
Standard_Protocol,INCLUDED,single separable primary repo + dated delivery,https://github.com/digitalnativeinc/standard-substrate,,2023-01-18,1,digitalnativeinc/standard-substrate;digitalnativeinc/lumen,,2.00
Stardust,INCLUDED,single separable primary repo + dated delivery,https://github.com/adit313/State-of-the-Stablecoin-Industry,,2022-05-20,2,adit313/State-of-the-Stablecoin-Industry;adit313/TerraDeepDive,,
starks_network,INCLUDED,single separable primary repo + dated delivery,https://github.com/gbctech/starks-node,,2020-10-16,1,gbctech/starks-node,w3f/Open-Grants-Program,3.00
Starry_Network,INCLUDED,single separable primary repo + dated delivery,https://github.com/Starry-Network/starry_node,,2021-06-22,1,Starry-Network/starry_node;Starry-Network/app;Starry-Network/starry_query,w3f/General-Grants-Program;w3f/Open-Grants-Program;w3f/PSPs,2.50
stone-index-on-substrate,INCLUDED,single separable primary repo + dated delivery,https://github.com/stonedefi/stone-index-substrate-ui,,2021-10-13,1,stonedefi/stone-index-substrate-ui;stonedefi/stoneindex-node;stonedefi/stone-index-swaps-integration-demo;lsaether/pallet-swaps,w3f/General-Grants-Program;w3f/Open-Grants-Program,
storageHub,INCLUDED,single separable primary repo + dated delivery,https://github.com/Moonsong-Labs/storage-hub-runtime-poc,,2024-01-15,2,Moonsong-Labs/storage-hub-design-proposal;Moonsong-Labs/storage-hub-runtime-poc,,
Stylograph,INCLUDED,single separable primary repo + dated delivery,https://github.com/deep-ink-ventures/genesis-dao-node,,2023-09-25,1,deep-ink-ventures/genesis-dao-node;deep-ink-ventures/pallet_hookpoints;deep-ink-ventures/hookpoints-cli,,
subalfred,INCLUDED,single separable primary repo + dated delivery,https://github.com/hack-ink/subalfred,,2023-01-14,3,hack-ink/subalfred;hack-ink/subalfred-check-features-action;hack-ink/subalfred-check-runtime-action;hack-ink/subalfred-github-action-examples;marketplace/actions,paritytech/ss58-registry,
subauction,INCLUDED,single separable primary repo + dated delivery,https://github.com/galacticcouncil/Basilisk-node,,2022-03-04,2,galacticcouncil/Basilisk-node,,
subcoin,INCLUDED,single separable primary repo + dated delivery,https://github.com/subcoin-project/subcoin,,2024-09-13,3,subcoin-project/subcoin,,3.00
subdao-network,INCLUDED,single separable primary repo + dated delivery,https://github.com/SubDAO-Network/subdao-node,,2021-04-15,1,SubDAO-Network/subdao-node;SubDAO-Network/docs;SubDAO-Network/SubDAO-node;SubDAO-Network/SubDAO-contracts;SubDAO-Network/subdao-frontend;SubDAO-Network/subdao-preview,w3f/General-Grants-Program;w3f/Open-Grants-Program,8.00
subdao-network_chrome_extension,INCLUDED,single separable primary repo + dated delivery,https://github.com/SubDAO-Network/subdao-extension,,2021-09-30,1,SubDAO-Network/subdao-extension,w3f/General-Grants-Program;w3f/Open-Grants-Program,8.00
subdao-network_polkasign,INCLUDED,single separable primary repo + dated delivery,https://github.com/SubDAO-Network/polkasign-contract,,2021-12-16,1,SubDAO-Network/polkasign-contract;SubDAO-Network/polkasign-docs;SubDAO-Network/subdao-polkasign,w3f/General-Grants-Program,8.00
subdex,INCLUDED,single separable primary repo + dated delivery,https://github.com/subdarkdex/pallet-subdex,,2020-12-06,1,subdarkdex/pallet-subdex;subdarkdex/pallet-generic-token-dealer;subdarkdex/subdex-xc-network;subdarkdex/subdex-parachain;subdarkdex/generic-parachain,w3f/Open-Grants-Program;paritytech/cumulus,
SubGame_Network,INCLUDED,single separable primary repo + dated delivery,https://github.com/SubGame-Network/subgame-network,,2021-10-06,2,SubGame-Network/subgame-network;SubGame-Network/GameCenter;SubGame-Network/SubGameModule,w3f/General-Grants-Program;w3f/Open-Grants-Program,
SubIdentity,INCLUDED,single separable primary repo + dated delivery,https://github.com/TDSoftware/subidentity-webapp,,2022-08-30,3,TDSoftware/subidentity-webapp;TDSoftware/subidentity-package;TDSoftware/subidentity-backend,,9.00
subquery,INCLUDED,single separable primary repo + dated delivery,https://github.com/OnFinality-io/subql,,2021-01-27,1,OnFinality-io/subql;OnFinality-io/subql-examples,w3f/General-Grants-Program;w3f/Open-Grants-Program,3.00
SubRelay,INCLUDED,single separable primary repo + dated delivery,https://github.com/subrelay/subrelay-api,,2023-07-01,2,subrelay/subrelay-api;subrelay/interface,,7.50
subscript_lang,INCLUDED,single separable primary repo + dated delivery,https://github.com/ascontract/subscript,9d9961759610b7bf45fd810255ca36bca33dc475,2021-01-13,1,ascontract/subscript;ascontract/as-scale-codec,w3f/General-Grants-Program;w3f/Open-Grants-Program;paritytech/canvas-node,4.00
SubsCrypt,INCLUDED,single separable primary repo + dated delivery,https://github.com/oxydev/SubsCrypt-solidty,,2021-11-03,3,oxydev/SubsCrypt-solidty;oxydev/SubsCrypt-ink;oxydev/SubsCrypt-docs;oxydev/subsCrypt-front;oxydev/SubsCrypt-npm-library;oxydev/SubsCrypt-nodejs-backend,w3f/General-Grants-Program;w3f/Open-Grants-Program;w3f/PSPs,
subsmt,INCLUDED,single separable primary repo + dated delivery,https://github.com/farcloud-labs/subsmt,,2025-05-22,2,farcloud-labs/subsmt,,6.00
Substats,INCLUDED,single separable primary repo + dated delivery,https://github.com/CESSProject/substats,,2023-02-27,3,CESSProject/substats,,10.00
substrate_client_java,INCLUDED,single separable primary repo + dated delivery,https://github.com/strategyobject/substrate-client-java,,2022-08-24,2,strategyobject/substrate-client-java;orgs/strategyobject;strategyobject/substrate-client-examples,,
substrate_core_polywrapper,INCLUDED,single separable primary repo + dated delivery,https://github.com/polywrap/integrations,,2022-10-24,1,polywrap/integrations,,2.00
substrate_evm_adapter,INCLUDED,single separable primary repo + dated delivery,https://github.com/subclone/subeth,,2025-11-22,2,subclone/subeth,,
substrate-molochdao,INCLUDED,single separable primary repo + dated delivery,https://github.com/DoraFactory/Substrate-Moloch-V1,,2021-07-16,2,DoraFactory/Substrate-Moloch-V1;DoraFactory/Substrate-Moloch-V2,w3f/General-Grants-Program;w3f/Open-Grants-Program,
Substrate_Move_System_Pallet,INCLUDED,single separable primary repo + dated delivery,https://github.com/eigerco/substrate-move,,2024-02-08,2,eigerco/pallet-move;eigerco/substrate-node-template-move-vm-test;eigerco/substrate-move;eigerco/smove,,4.00
substrate_startkit_GUI,INCLUDED,single separable primary repo + dated delivery,https://github.com/MVPWorkshop/substrate-startkit-gui-api,,2020-12-04,2,MVPWorkshop/substrate-startkit-gui-api;MVPWorkshop/substrate-startkit-gui-app,w3f/Open-Grants-Program,5.00
substrate-tutorials,INCLUDED,single separable primary repo + dated delivery,https://github.com/rusty-crewmates/substrate-tutorials,,2023-05-30,2,rusty-crewmates/substrate-tutorials,,
subvt_telegram_bot-milestones-1-and,INCLUDED,single separable primary repo + dated delivery,https://github.com/helikon-labs/subvt,,2022-05-21,1,helikon-labs/polkadot-kusama-1kv-telegram-bot;helikon-labs/subvt-backend;helikon-labs/subvt,,0.99
subwallet,INCLUDED,single separable primary repo + dated delivery,https://github.com/yxf/subwallet,,2020-07-24,2,yxf/subwallet,w3f/Open-Grants-Program,
subxtpy,INCLUDED,single separable primary repo + dated delivery,https://github.com/philoniare/subxtpy,,2024-10-15,2,philoniare/subxtpy;philoniare/subxtpy-flask-example,,6.00
sunshine-keybase,INCLUDED,single separable primary repo + dated delivery,https://github.com/sunshine-protocol/sunshine-keybase,,2020-10-06,1,sunshine-protocol/sunshine-keybase;sunshine-protocol/sunshine-keybase-ui;sunshine-protocol/sunshine,w3f/Open-Grants-Program,
sup,EXCLUDED,un-separable: only shared/3rd-party monorepos,,,2020-11-10,2,,w3f/Open-Grants-Program,
supersig_fellowship,INCLUDED,single separable primary repo + dated delivery,https://github.com/decentration/pallet_supersig,,2023-07-12,2,decentration/pallet_supersig;decentration/apps;decentration/supersig-ui;decentration/substrate-supersig-template,,
SwarmNL,INCLUDED,single separable primary repo + dated delivery,https://github.com/algorealmInc/SwarmNL,,2025-01-23,2,algorealmInc/SwarmNL,,3.00
swift_api,INCLUDED,single separable primary repo + dated delivery,https://github.com/tesseract-one/Substrate.swift,,2023-09-16,2,tesseract-one/Substrate.swift;tesseract-one/Sr25519.swift;tesseract-one/JsonRPC.swift,w3f/General-Grants-Program,
swush-dex-aggregator,INCLUDED,single separable primary repo + dated delivery,https://github.com/swush-labs/swush-app,,2025-05-14,2,swush-labs/swush-app;galacticcouncil/hydration-node,,7.50
SydTek,INCLUDED,single separable primary repo + dated delivery,https://github.com/jgophd/Developed-Materials-and-Raw-Data,,2023-08-31,3,jgophd/Developed-Materials-and-Raw-Data,,20.00
t3rn-xbi,INCLUDED,single separable primary repo + dated delivery,https://github.com/t3rn/xbi,,2022-09-19,1,t3rn/xbi,w3f/PSPs,
tcdt,INCLUDED,single separable primary repo + dated delivery,https://github.com/tcdt-lab/bcdns,,2025-06-25,4,tcdt-lab/bcdns,,
tdot,INCLUDED,single separable primary repo + dated delivery,https://github.com/nutsfinance/stable-asset,,2022-10-19,3,nutsfinance/stable-asset;nutsfinance/bifrost,w3f/General-Grants-Program;AcalaNetwork/Acala,
tellor,INCLUDED,single separable primary repo + dated delivery,https://github.com/tellor-io/tellor-parachain-contracts,7f8cf44f526d0c42fd35074024f2daa40c637579,2023-05-02,1,tellor-io/tellor-parachain-contracts,,8.00
Threshold_Signature,INCLUDED,single separable primary repo + dated delivery,https://github.com/Fiono11/cli,,2024-12-16,2,Fiono11/cli,w3f/schnorrkel,1.00
TogetherCrew_Community_health_check,INCLUDED,single separable primary repo + dated delivery,https://github.com/RnDAO/tc-Documentation,,2024-02-13,2,RnDAO/tc-Documentation;TogetherCrew/twitter-bot;RnDAO/tc-botComm;RnDAO/tc-dbComm;RnDAO/tc-serverComm,,
tokeneconomics-survey,INCLUDED,single separable primary repo + dated delivery,https://github.com/taqtiqa-mark/tokenomics-survey-2022,,2023-09-08,3,taqtiqa-mark/tokenomics-survey-2022,,
Tokenguard - Milestone 1 & 2,INCLUDED,single separable primary repo + dated delivery,https://github.com/tokenguardio/dashboard-creator-client,,2024-06-10,1,tokenguardio/dashboard-creator-client;tokenguardio/dashboard-creator-server,,3.00
tpscore,INCLUDED,single separable primary repo + dated delivery,https://github.com/BCS-Labs/tpscore-etl-system,,2023-09-26,2,BCS-Labs/tpscore-etl-system;BCS-Labs/tpscore-web-client,,4.00
tracking_chain,INCLUDED,single separable primary repo + dated delivery,https://github.com/TrackingChains/TrackingChain,,2023-11-15,4,TrackingChains/TrackingChain;TrackingChains/InkTrackingChain;TrackingChains/EVMTrackingChain,,6.50
TreasuryTracker,INCLUDED,single separable primary repo + dated delivery,https://github.com/stake-plus/treasury-tracker,,2023-10-10,1,stake-plus/treasury-tracker;stake-plus/polkadotjs-proxy,,1.25
TREX_Network,INCLUDED,single separable primary repo + dated delivery,https://github.com/NexTokenTech/TREX,,2023-02-01,1,NexTokenTech/TREX;NexTokenTech/trex-keyholder;NexTokenTech/trex-doc-md;NexTokenTech/trex-account-funds,,
tribal_protocol,INCLUDED,single separable primary repo + dated delivery,https://github.com/tribal-protocol/tribal_contract,,2022-08-08,1,tribal-protocol/tribal_contract;tribal-protocol/substrate-poc-client,,12.00
tuxedo,INCLUDED,single separable primary repo + dated delivery,https://github.com/Off-Narrative-Labs/Tuxedo,,2023-05-08,3,Off-Narrative-Labs/Tuxedo;orgs/Off-Narrative-Labs;Off-Narrative-Labs/Tuxedo-Order-Book-Dex-Tutorial,,
TuxedoDApp,INCLUDED,single separable primary repo + dated delivery,https://github.com/mlabs-haskell/TuxedoDapp,,2024-11-07,2,mlabs-haskell/TuxedoDapp;orgs/mlabs-haskell;mlabs-haskell/Tuxedo;Off-Narrative-Labs/Tuxedo,,6.00
tuxedo-parachain,INCLUDED,single separable primary repo + dated delivery,https://github.com/Off-Narrative-Labs/Tuxedo,,2024-04-18,2,Off-Narrative-Labs/Tuxedo;orgs/Off-Narrative-Labs,,
typechain-polkadot,INCLUDED,single separable primary repo + dated delivery,https://github.com/Supercolony-net/typechain-polkadot,,2022-11-10,2,Supercolony-net/typechain-polkadot;727-Ventures/typechain-polkadot,,
typechain-polkadot-follow-up,INCLUDED,single separable primary repo + dated delivery,https://github.com/727-Ventures/typechain-polkadot,,2023-02-22,1,727-Ventures/typechain-polkadot;727-Ventures/openbrush-contracts,,
typechain_revived,INCLUDED,single separable primary repo + dated delivery,https://github.com/C-Forge/typechain-polkadot,221d891bf0f2ab63918a469bc8aaacf40579da79,2024-10-04,2,C-Forge/typechain-polkadot;Pendzl/pendzl;Brushfam/typechain-polkadot,,
typink,INCLUDED,single separable primary repo + dated delivery,https://github.com/dedotdev/typink,,2025-02-03,2,dedotdev/typink;sinzii/psp22-transfer,,4.50
uke_protocol,INCLUDED,single separable primary repo + dated delivery,https://github.com/Uke-Messaging/uke,,2022-11-22,2,Uke-Messaging/uke-pallet;Uke-Messaging/uke,,9.00
unified_collator_node_deployment,INCLUDED,single separable primary repo + dated delivery,https://github.com/for-parity-with-love/unified-collator-node-deployment,,2023-03-21,1,for-parity-with-love/unified-collator-node-deployment,,
universaldot.me,INCLUDED,single separable primary repo + dated delivery,https://github.com/UniversalDot/pallets,,2022-03-30,2,UniversalDot/pallets;UniversalDot/compose-service;UniversalDot/universal-dot-node;UniversalDot/universal-dot-front-end,,10.00
upgradeability,INCLUDED,single separable primary repo + dated delivery,https://github.com/trustfractal/ink-upgrade-template,,2021-03-25,1,trustfractal/ink-upgrade-template,w3f/General-Grants-Program;w3f/Open-Grants-Program,
validated_streams,INCLUDED,single separable primary repo + dated delivery,https://github.com/comrade-coop/validated-streams,,2023-06-27,2,comrade-coop/validated-streams,,3.00
Validator_Monitoring_Service,INCLUDED,single separable primary repo + dated delivery,https://github.com/p2p-org/polkadot_monitoring_service,,2024-03-19,2,p2p-org/polkadot_monitoring_service,,3.00
validators_selection,INCLUDED,single separable primary repo + dated delivery,https://github.com/miepsik/validators_selection,,2023-03-07,1,miepsik/validators_selection,,
validators_selection1,INCLUDED,single separable primary repo + dated delivery,https://github.com/miepsik/validators_selection,,2023-01-17,1,miepsik/validators_selection,,
ventur,INCLUDED,single separable primary repo + dated delivery,https://github.com/Popular-Coding/ventur,,2023-01-13,2,Popular-Coding/ventur,,8.00
vera_defi_phase,INCLUDED,single separable primary repo + dated delivery,https://github.com/veradefi/defi,,2021-07-05,1,veradefi/defi;veradefi/ambrosia,w3f/General-Grants-Program;w3f/Open-Grants-Program,
walt-id_nft-infra,INCLUDED,single separable primary repo + dated delivery,https://github.com/walt-id/waltid-nftkit,,2023-04-26,1,walt-id/waltid-nftkit;walt-id/waltid-walletkit;walt-id/waltid-web-wallet;walt-id/waltid-idpkit,,
wasmedge_substrate,INCLUDED,single separable primary repo + dated delivery,https://github.com/WasmEdge/WasmEdge,,2022-09-19,2,second-state/substrate-wasmedge;WasmEdge/WasmEdge,,
wasm-opt-for-rust,INCLUDED,single separable primary repo + dated delivery,https://github.com/brson/wasm-opt-rs,,2022-11-05,2,brson/wasm-opt-rs;stellar/soroban-cli;xd009642/tarpaulin,paritytech/cargo-contract,
wasm_runtimes_fuzzing,INCLUDED,single separable primary repo + dated delivery,https://github.com/pventuzelo/wasm_runtimes_fuzzing,7b47782f01187571446f2f2d376a1d6183ee68ff,2020-07-16,4,pventuzelo/wasm_runtimes_fuzzing;wasmerio/wasmer,w3f/Open-Grants-Program,
Web3Box,INCLUDED,single separable primary repo + dated delivery,https://github.com/web3box-labs/apps,,2023-02-09,1,web3box-labs/apps,,
web3-compatible-api,INCLUDED,single separable primary repo + dated delivery,https://github.com/PureStake/moonbeam,,2020-07-24,1,PureStake/moonbeam,w3f/Open-Grants-Program;paritytech/frontier,
Web3Go,INCLUDED,single separable primary repo + dated delivery,https://github.com/web3go-xyz/web3go-xyz-v2,,2023-03-23,2,web3go-xyz/web3go-xyz-v2;web3go-xyz/portal-ui;web3go-xyz/portal-service;web3go-xyz/RMRK-Indexer;web3go-xyz/Crowdloan-Indexer;web3go-xyz/moonbeam-balance-indexer,,6.00
webb_extended_mixer,INCLUDED,single separable primary repo + dated delivery,https://github.com/webb-tools/webb-dapp,,2022-06-28,1,webb-tools/webb-dapp;webb-tools/relayer;webb-tools/webb.js,,
Webb_Mixer,INCLUDED,single separable primary repo + dated delivery,https://github.com/webb-tools/anon,,2021-04-29,1,webb-tools/anon;webb-tools/bulletproof-gadgets,w3f/General-Grants-Program;w3f/Open-Grants-Program,20.00
Webb_Mixer_Extended,INCLUDED,single separable primary repo + dated delivery,https://github.com/webb-tools/anon,,2021-10-22,1,webb-tools/anon;webb-tools/arkworks-gadgets,w3f/General-Grants-Program,20.00
WeTEE,INCLUDED,single separable primary repo + dated delivery,https://github.com/wetee-dao/chain,,2024-04-12,3,wetee-dao/chain;wetee-dao/worker;wetee-dao/examples;wetee-dao/libos-entry,,7.00
whiteflag-on-fennel-protocol,INCLUDED,single separable primary repo + dated delivery,https://github.com/fennelLabs/Fennel-Protocol,,2022-08-25,2,fennelLabs/Fennel-Protocol;fennelLabs/fennel-lib;fennelLabs/fennel-cli;fennelLabs/fennel-server;fennelLabs/fennel-api;fennelLabs/fennel-app,,9.00
wika_network,INCLUDED,single separable primary repo + dated delivery,https://github.com/randombishop/wika_etl,,2022-04-18,2,randombishop/wika_etl;randombishop/wika_api,,3.00
Xcavate,INCLUDED,single separable primary repo + dated delivery,https://github.com/XcavateBlockchain/MVP_Lending_Pool,,2023-09-26,1,XcavateBlockchain/MVP_Lending_Pool;XcavateBlockchain/lending_protocol_contracts;XcavateBlockchain/kilt-credentials;XcavateBlockchain/MVP_Frontend;XcavateBlockchain/MVP_Backend;XcavateBlockchain/MVP_Admin,,8.00
xcm-domain-service,INCLUDED,single separable primary repo + dated delivery,https://github.com/azero-id/xcm-domain-service,,2023-10-17,2,azero-id/xcm-domain-service;azero-id/contracts-parachain,,2.00
xcm-sdk,INCLUDED,single separable primary repo + dated delivery,https://github.com/blockcoders/xcm-sdk,,2023-02-24,2,blockcoders/xcm-sdk,,18.00
xcmsend,INCLUDED,single separable primary repo + dated delivery,https://github.com/XcmSend/app-v0.0.1,,2023-11-20,2,XcmSend/app-v0.0.1;XcmSend/app;XcmSend/api,,
xcm-tools,INCLUDED,single separable primary repo + dated delivery,https://github.com/gmajor-encrypt/xcm-tools,,2023-09-25,3,gmajor-encrypt/scale.go;gmajor-encrypt/substrate-api-rpc;itering/substrate-api-rpc;itering/scale.go;gmajor-encrypt/xcm-tools,,
xcm-tools-follow-up,INCLUDED,single separable primary repo + dated delivery,https://github.com/gmajor-encrypt/xcm-tools,,2024-08-27,2,gmajor-encrypt/xcm-tools,,
xcnft,INCLUDED,single separable primary repo + dated delivery,https://github.com/paraspell-research/xcnft-pallet,c6682ecdf2fe9fdc51a678b028d77a0a4e33efa6,2024-11-07,2,paraspell-research/xcnft-pallet;paraspell-research/xcnft-docs,,6.00
xNFT,INCLUDED,single separable primary repo + dated delivery,https://github.com/antiers-solutions/xNFT,,2024-02-29,1,antiers-solutions/xNFT,,6.00
yatima,INCLUDED,single separable primary repo + dated delivery,https://github.com/yatima-inc/yatima,,2021-10-17,3,yatima-inc/Open-Grants-Program;yatima-inc/sp-ipld;yatima-inc/sp-cid;yatima-inc/sp-multihash;yatima-inc/bytecursor;yatima-inc/sp-im,w3f/General-Grants-Program,12.00
yibanchen,INCLUDED,single separable primary repo + dated delivery,https://github.com/YibanChen/yc-node,,2021-11-17,2,YibanChen/yc-node;YibanChen/yibanchen-app;YibanChen/YibanChenAppSeleniumTests,,
yieldscan_phase,INCLUDED,single separable primary repo + dated delivery,https://github.com/yieldscan/yieldscan-frontend,,2021-09-17,1,yieldscan/yieldscan-frontend;yieldscan/yieldscan-backend-crawler;yieldscan/yieldscan-backend-api,,4.50
Zaturn_generic-attestable-oracle-parachain,INCLUDED,single separable primary repo + dated delivery,https://github.com/Acurast/acurast-substrate,,2022-10-19,1,Acurast/acurast-substrate;Acurast/acurast-docs;Acurast/acurast-core;Acurast/data-processor;Acurast/acurast-kotlin-sdk,,
zeeve_larch,INCLUDED,single separable primary repo + dated delivery,https://github.com/Zeeve-App/larch,30aa28681493d92cbdb5d1f56c11063790bc518f,2023-11-03,2,Zeeve-App/larch,,
zenlink,INCLUDED,single separable primary repo + dated delivery,https://github.com/zenlinkpro/whitepaper,,2020-11-08,1,zenlinkpro/whitepaper;zenlinkpro/canvas-node;zenlinkpro/pallet-zenlink,w3f/Open-Grants-Program,
zenlink_dex_smart_contract,INCLUDED,single separable primary repo + dated delivery,https://github.com/zenlinkpro/whitepaper,,2020-12-02,1,zenlinkpro/whitepaper;zenlinkpro/zenlink-dex-contract,w3f/Open-Grants-Program,
ZeroDAO_Network-millestone,INCLUDED,single separable primary repo + dated delivery,https://github.com/ZeroDAO/ZeroDAO-node,,2021-11-18,1,ZeroDAO/ZeroDAO-node;ZeroDAO/experience-app,,
zeropool-2-snjax,INCLUDED,single separable primary repo + dated delivery,https://github.com/zeropoolnetwork/fawkes-crypto,,2023-06-22,1,zeropoolnetwork/fawkes-crypto;zeropoolnetwork/libzeropool;zeropoolnetwork/zeropool-substrate;zeropoolnetwork/zeropool-client-js;zeropoolnetwork/zeropool-support-js,,12.00
zk-plonk,INCLUDED,single separable primary repo + dated delivery,https://github.com/AstarNetwork/plonk,,2022-03-02,1,AstarNetwork/plonk,w3f/General-Grants-Program,13.00
zk-rollups,INCLUDED,single separable primary repo + dated delivery,https://github.com/PlasmNetwork/ZKRollups,,2021-03-22,1,PlasmNetwork/ZKRollups,w3f/General-Grants-Program;w3f/Open-Grants-Program,3.00
ZK-Snarks_with_Substrate_tutorial,INCLUDED,single separable primary repo + dated delivery,https://github.com/bright/zk-snarks-with-substrate,,2023-02-02,2,bright/zk-snarks-with-substrate,,
Zkverse,INCLUDED,single separable primary repo + dated delivery,https://github.com/Zkvers/substrate-zk,,2023-04-18,1,Zkvers/substrate-zk;Zkvers/snarkjs-bellman-adapter,,2.50
zkwasm-rollups-transfer,INCLUDED,single separable primary repo + dated delivery,https://github.com/KogarashiNetwork/Kogarashi,,2024-02-20,2,KogarashiNetwork/Kogarashi;KogarashiNetwork/zksubstrate,,10.00
