project_id,repo_url,effort_since,effort_until,pm_mid_current,pm_mid_commitonly_recheck,n_commits,n_prs,n_issues,n_issue_comments,n_review_comments,contributors_all,contributors_committing,active_days_union,pm_mid_rich,pm_low_rich,pm_rgb,status,note
admeta,https://github.com/AdMetaNetwork/admeta,2021-11-12,2022-12-13,0.3684,,59,16,4,0,1,1,1,25,1.3158,0.5452,1.3158,OK,
Afloat,https://github.com/hashed-io/afloat-client-api,2022-08-30,2023-02-09,1.0,,55,10,1,0,4,5,5,28,1.4737,0.4018,1.4737,OK,
agridot,https://github.com/kacena123/AgriDot,2024-12-06,2024-12-08,0.0,,4,0,0,0,0,1,1,2,0.1053,0.0473,0.1053,OK,
Aisland-DocSig,https://github.com/aisland-dao/docsig,2023-07-02,2023-10-14,1.7368,,123,0,71,66,0,3,3,41,2.1579,1.1398,2.1579,OK,
ajuna,https://github.com/ajuna-network/Ajuna.SDK,2022-04-02,2023-02-28,1.0526,,83,0,0,0,0,3,3,34,1.7895,0.5957,1.7895,OK,
AlgoCash,https://github.com/ReserveLabs/AlgoCash,2021-01-22,2021-06-30,0.2632,,20,6,0,0,0,4,4,8,0.4211,0.1377,0.4211,OK,
anagolay-project-idiyanale-phase,https://github.com/anagolay/w3f-grant-support-repo,2022-02-11,2022-05-30,0.0526,,6,0,0,0,0,1,1,4,0.2105,0.0533,0.2105,OK,
anchor,https://github.com/ff13dfly/Anchor,2021-10-08,2023-03-13,2.6842,,132,0,0,0,0,1,1,56,2.9474,1.2415,2.9474,OK,
apron-network,https://github.com/Apron-Network/apron-node,2021-01-23,2021-03-09,0.1579,,7,0,0,0,0,4,4,5,0.2632,0.0659,0.2632,OK,
ares_protocol,https://github.com/aresprotocols/ares-module,2020-11-23,2021-03-02,1.6316,,50,1,0,0,0,6,6,32,1.6842,0.4629,1.6842,OK,
ArtZero_InkWhale,https://github.com/ArtZero-io/Contracts,2022-03-05,2023-03-29,11.3684,,544,2,17,23,0,8,8,227,11.9474,4.6792,11.9474,OK,
assemblyscript-scale-codec,https://github.com/LimeChain/as-scale-codec,2020-05-04,2020-06-08,1.6316,,144,23,16,1,59,2,2,36,1.8947,0.7783,1.8947,OK,
Awesome-Polka,https://github.com/tolgayayci/awesome-polka,2023-04-24,2023-04-24,0.0,,1,0,0,0,0,1,1,1,0.0526,0.0132,0.0526,OK,
BandersnatchVRF,https://github.com/Esscrypt/bandersnatch-vrf,2025-12-18,2025-12-19,0.0526,,6,0,0,0,0,1,1,2,0.1053,0.0507,0.1053,OK,
bit_country,https://github.com/bit-country/Bit-Country-Blockchain,2020-09-15,2021-12-06,12.9474,,776,132,15,46,31,12,12,322,16.9474,6.0903,16.7895,OK,
blackprint_js,https://github.com/Blackprint/Blackprint,2020-02-18,2022-08-29,12.8421,,655,0,2,4,0,3,3,249,13.1053,5.3267,12.8421,OK,
bright_tresury,https://github.com/bright/bright-tresury,2020-10-06,2021-12-29,20.7895,,1026,0,0,0,0,8,8,398,20.9474,7.9592,20.6842,OK,
calamar,https://github.com/topmonks/calamar,2022-06-20,2023-12-06,8.3684,,589,65,112,59,28,11,11,197,10.3684,4.3391,10.2632,OK,
candle_auction_ink,https://github.com/agryaznov/candle-auction-ink,2021-10-19,2021-12-17,1.5263,,73,3,0,2,3,2,2,32,1.6842,0.6894,1.6842,OK,
canyon_network_phrase,https://github.com/canyon-network/canyon,2021-06-20,2021-08-19,1.2105,,35,35,14,0,0,1,1,33,1.7368,0.8586,1.7368,OK,
centrifuge-gsrpc-v2,https://github.com/centrifuge/go-substrate-rpc-client,2019-06-06,2023-06-26,2.8947,,154,203,150,756,299,135,135,645,33.9474,9.4756,33.9474,OK,
Cere_Turnkey_Private_Blockchain_Network,https://github.com/Cerebellum-Network/private-standalone-network-node,2020-10-09,2021-01-16,2.3158,,135,48,0,1,10,8,8,67,3.5263,1.0594,3.5263,OK,
ces_data_store,https://github.com/CESSProject/data-store-pallet,2022-03-31,2022-05-07,0.3684,,20,2,0,0,0,4,4,10,0.5263,0.137,0.5263,OK,
CESS,https://github.com/Cumulus2021/cess,2021-09-30,2022-01-15,0.4737,,67,4,0,0,0,6,6,26,1.3684,0.4047,1.3684,OK,
chainviz,https://github.com/helikon-labs/chainviz,2023-07-16,2023-09-18,1.9474,,105,19,1,32,0,1,1,38,2.0,0.839,1.7895,OK,
choko-wallet,https://github.com/choko-wallet/wallet-app,2022-07-12,2022-11-15,5.3684,,201,12,0,0,0,3,3,105,5.5263,1.8452,5.4211,OK,
CILA-omnichain-infrastructure,https://github.com/Collective-Intelligence-Labs/cila-substrate,2019-08-28,2023-08-14,4.4737,,202,16,0,10,0,44,44,164,8.6316,2.2305,8.6316,OK,
clover_january21,https://github.com/clover-network/clover,2020-09-01,2021-01-28,4.0526,,198,1,0,0,0,4,4,86,4.5263,1.6311,4.1579,OK,
Cogency,https://github.com/CogencyWeb3/Web3MediaPilot,2022-09-22,2023-03-02,0.0,,221,0,1,0,0,1,1,13,0.6842,0.2892,0.6842,OK,
CoinFabrik_On_Ink_Integration_Tests,https://github.com/CoinFabrik/on-ink-integration-tests,2023-08-22,2023-12-06,3.0526,,273,37,84,61,30,10,10,116,6.1053,1.66,6.1053,OK,
Contract_wizard,https://github.com/protofire/polkadot-contract-wizard,2023-01-10,2023-11-20,5.1579,,250,295,1,375,62,7,7,180,9.4737,3.2793,9.4737,OK,
CoongWallet,https://github.com/CoongCrafts/coong-wallet,2022-12-25,2023-06-15,7.7368,,625,28,31,28,146,2,2,163,8.5789,3.7663,7.9474,OK,
CosmWasmVM_CoreProduct,https://github.com/CosmWasm/cosmwasm,2019-10-01,2023-09-13,39.6842,,1500,452,268,1500,1500,151,151,1267,66.6842,24.2252,66.1053,OK,
c++polkadot-light-client,https://github.com/eqlabs/polkadot-light-client,2022-08-31,2022-09-26,0.3684,,26,9,16,6,25,4,4,20,1.0526,0.384,1.0526,OK,
create-substrate-app,https://github.com/philoniare/create-substrate-app,2024-03-03,2024-03-05,0.1053,,18,0,0,0,0,1,1,3,0.1579,0.0835,0.1579,OK,
crossbow,https://github.com/dodorare/crossbow,2020-09-01,2022-01-09,9.4211,,338,18,39,4,0,7,7,203,10.6842,3.5648,10.6842,OK,
cryptex,https://github.com/ideal-lab5/smoldot,2020-02-20,2023-08-17,40.3158,,1500,0,0,0,0,15,15,300,15.7895,8.0151,15.0,OK,
cryptolab-staking-reward-collector-front-end,https://github.com/cryptolab-network/chain-data-collector,2021-04-12,2021-06-29,0.8947,,59,6,0,0,0,2,2,21,1.1053,0.5229,1.1053,OK,
cScale,https://github.com/MatthewDarnell/cScale,2021-09-16,2021-11-09,1.1053,,54,0,0,0,0,2,2,19,1.0,0.4805,1.0,OK,
curve_amm,https://github.com/equilibrium-eosdt/equilibrium-curve-amm,2021-02-25,2021-05-20,1.5789,,84,1,0,0,0,2,2,32,1.6842,0.7265,1.6842,OK,
cyborg,https://github.com/Cyborg-Network/cyborg-parachain,2024-07-01,2024-07-13,0.5789,,32,6,0,0,0,2,2,12,0.6316,0.2848,0.6316,OK,
cyclops,https://github.com/ArthurHoeke/cyclops,2023-02-20,2023-04-14,0.0,,135,4,0,1,0,2,2,30,1.5789,0.8083,1.5789,OK,
da_comparative_study,https://github.com/Chainscore/DA-Research,2025-08-05,2025-10-15,1.1053,,44,1,0,0,0,2,2,23,1.2105,0.4712,1.2105,OK,
Dante_Network,https://github.com/dantenetwork/protocol-stack-for-ink,2022-04-22,2022-11-02,3.0,,135,11,0,0,0,4,4,72,3.7895,1.4201,3.7895,OK,
daos,https://github.com/daos-org/daos,2022-06-09,2022-11-29,2.2632,,113,5,1,0,0,2,2,49,2.5789,0.9894,2.5789,OK,
DAOsign,https://github.com/DAOsign/polkadot-smart-contracts,2023-10-06,2024-03-28,0.8421,,29,8,0,0,2,5,5,22,1.1579,0.35,1.1579,OK,
dapp_wallet_integration_native_mobile_libraries,https://github.com/tesseract-one/Tesseract.android,2022-07-19,2023-12-23,3.2105,,196,3,6,2,0,3,3,67,3.5263,1.3571,3.5263,OK,
dart-scale-codec,https://github.com/nbltrust/dart-scale-codec,2020-09-16,2020-11-17,0.4211,,16,2,0,0,0,1,1,9,0.4737,0.1486,0.4737,OK,
Datagen_Project,https://github.com/Datagen-Project/Datagen-Substrate-Grant,2022-08-22,2022-10-20,1.3684,,110,0,0,0,0,1,1,27,1.4211,0.5651,1.4211,OK,
data_platform_with_deep_indexed_data_and_staking_reports,https://github.com/p2p-org/polkadot-grant,2023-10-24,2023-10-24,0.0,,2,0,0,0,0,1,1,1,0.0526,0.0133,0.0526,OK,
datdot,https://github.com/playproject-io/datdot-service,2019-12-25,2021-11-18,10.7895,,284,4,15,30,0,9,9,225,11.8421,3.6114,11.8421,OK,
dauth_network,https://github.com/DAuth-Network/instant-proof,2023-04-06,2024-01-17,3.7895,,175,1,2,0,0,3,3,77,4.0526,1.3694,4.0526,OK,
Decentralised_Security_Marketplace,https://github.com/ParthChaudhary31/Security_Marketplace_Smartcontract,2023-07-28,2023-08-28,0.2632,,9,0,0,0,0,2,2,7,0.3684,0.0838,0.3684,OK,
Decentralized_Threshold_Signing_Service,https://github.com/Fiono11/decentralized_threshold_signing_service,2025-10-11,2025-10-30,0.3158,,18,0,0,0,0,1,1,6,0.3158,0.1529,0.3158,OK,
decentralml,https://github.com/livetreetech/DecentralML,2023-06-21,2023-12-19,1.5263,,116,0,1,0,0,4,4,31,1.6316,0.551,1.6316,OK,
deeper_network,https://github.com/deeper-chain/deeper-chain,2020-10-26,2023-01-12,15.1053,,449,333,25,203,247,24,24,592,31.1579,9.2889,31.1053,OK,
Deitos_Network,https://github.com/Deitos-Network/deitos-ip,2023-10-04,2024-01-11,0.7895,,23,2,0,0,0,3,3,18,0.9474,0.2263,0.9474,OK,
delightfuldot,https://github.com/CoongCrafts/delightfuldot,2023-10-07,2024-03-21,6.2632,,526,28,38,3,40,2,2,128,6.7368,2.845,6.2105,OK,
delmonicos,https://github.com/Delmonicos/charger-node,2021-03-05,2021-08-03,2.3684,,91,0,0,0,0,3,3,46,2.4211,0.8302,2.4211,OK,
democratic-governance,https://github.com/encointer/pallets,2020-05-12,2024-01-09,3.5263,,208,185,177,414,974,10,10,663,34.8947,11.0363,34.8947,OK,
DIA_Bridgestate,https://github.com/diadata-org/bridgestate-ocw,2023-04-27,2023-08-04,0.4211,,19,0,0,0,0,2,2,11,0.5789,0.1613,0.5789,OK,
Diffy_messenger_st1_ms1,https://github.com/Belsoft-rs/diffychat-pallet,2023-04-12,2023-04-14,0.0526,,5,0,0,0,0,2,2,2,0.1053,0.0334,0.1053,OK,
Diffy_messenger_st1_ms2,https://github.com/Belsoft-rs/diffychat-pallet,2023-04-12,2023-07-07,0.5263,,24,10,0,0,0,5,5,13,0.6842,0.2047,0.6842,OK,
dipole-oracle-millestone,https://github.com/DipoleTech/dipole-oracle,2020-06-10,2020-06-10,0.0,,2,0,0,0,0,2,2,2,0.1053,0.0263,0.1053,OK,
distributed_cryptography_for_polkadot_wallets,https://github.com/perun-network/polkadot-wallet-grant,2024-01-15,2024-01-15,0.0,,2,0,0,0,0,1,1,1,0.0526,0.0139,0.0526,OK,
distributedKeyManagement,https://github.com/KryptikApp/swordExample,2022-03-29,2023-03-26,8.1579,,1308,0,0,0,0,3,3,160,8.4211,3.5269,8.2632,OK,
DistrubutedKeyManagement,https://github.com/KryptikApp/sword,2023-01-21,2023-01-27,0.2105,,11,1,0,0,0,1,1,4,0.2105,0.0684,0.2105,OK,
DKSAP,https://github.com/GreenLemonProtocol/dksap-polkadot,2022-07-17,2022-07-17,0.0,,4,0,0,0,0,1,1,1,0.0526,0.0183,0.0526,OK,
dora-factory-multisig,https://github.com/DoraFactory/dorafactory-multisig,2022-02-21,2022-03-28,0.4211,,13,0,0,0,0,2,2,11,0.5789,0.1589,0.5789,OK,
Doter,https://github.com/ChainBridgeNetworkTeam/Doter,2021-03-26,2021-07-15,5.2632,,254,107,0,0,0,2,2,197,10.3684,1.6795,8.0,OK,
dotflow,https://github.com/TheDotflow/dotflow-ink,2023-04-01,2023-09-07,1.1579,,63,50,25,22,32,2,2,53,2.7895,1.1784,2.7368,OK,
dot-login,https://github.com/singkeo/dot-login,2024-04-04,2024-07-23,0.4211,,15,0,0,0,0,2,2,10,0.5263,0.1618,0.5263,OK,
dotly,https://github.com/justmert/dotly-backend,2023-06-03,2023-09-28,0.4211,,19,0,1,0,0,1,1,9,0.4737,0.1899,0.4737,OK,
dot_marketplace,https://github.com/WowLabz/dot_marketplace_docker,2021-09-07,2021-10-27,0.4737,,27,0,0,0,0,3,3,11,0.5789,0.1927,0.5789,OK,
dot_marketplace-Phase3,https://github.com/WowLabz/dot-marketplace-v2,2022-02-24,2022-12-26,0.3684,,39,3,0,0,0,5,5,14,0.7368,0.2219,0.7368,OK,
dot_marketplace_v2,https://github.com/WowLabz/dot-marketplace-v2,2022-02-24,2022-05-10,0.2105,,27,0,0,0,0,3,3,6,0.3158,0.1092,0.3158,OK,
dotmog,https://github.com/dotmog/SubstrateNetApi,2020-09-07,2021-05-02,4.6316,,265,4,5,21,0,6,6,101,5.3158,2.1707,5.2632,OK,
dotnix,https://github.com/sporyon/dotnix-core,2024-05-13,2024-08-02,1.0,,55,0,0,0,0,2,2,19,1.0,0.4137,1.0,OK,
dotnix_followup,https://github.com/sporyon/dotnix-core,2024-05-13,2026-03-11,3.2632,,174,1,0,0,0,4,4,57,3.0,1.1072,3.0,OK,
DotPay,https://github.com/bytepayment/bytepay,2022-01-05,2022-03-11,2.2632,,74,2,8,12,0,7,7,47,2.4737,0.8797,2.4737,OK,
dotpulse,https://github.com/CrossChainLabs-DOT/dotpulse-api,2022-10-12,2022-12-13,0.3158,,17,0,0,0,0,3,3,10,0.5263,0.1383,0.5263,OK,
eiger-PNS,https://github.com/eigerco/polkadot-native-storage,2023-10-23,2023-10-23,0.0,,3,1,0,0,0,1,1,1,0.0526,0.0139,0.0526,OK,
eightfish,https://github.com/eightfish-org/eightfish,2022-10-27,2023-05-12,2.6842,,147,17,46,29,8,4,4,69,3.6316,1.5325,3.6316,OK,
ElasticLabs_PolakdotAgentKit,https://github.com/elasticlabs-org/polkadot-agent-kit,2025-02-05,2025-11-06,0.8947,,127,82,36,69,165,7,7,148,7.7895,2.4269,7.7895,OK,
eliza-plugin-dot,https://github.com/ChainSupport/eliza-plugin-dot,2025-11-07,2025-11-08,0.0526,,34,0,0,0,0,1,1,2,0.1053,0.1247,0.1053,OK,
ElizaPolkadotPlugin,https://github.com/elizaOS/eliza,2024-02-28,2025-07-18,115.7368,,1500,0,0,1500,1500,430,430,1190,62.6316,11.3636,61.6842,OK,
epirus_substrate_explorer,https://github.com/web3labs/epirus-substrate,2022-06-06,2022-08-05,3.2105,,332,0,0,0,0,2,2,58,3.0526,1.4095,3.0526,OK,
epirus_substrate_explorer-phase2,https://github.com/web3labs/epirus-substrate,2022-06-06,2022-12-05,5.0,,459,0,0,0,0,2,2,92,4.8421,2.0997,4.8421,OK,
epirus_substrate-phase2,https://github.com/web3labs/epirus-substrate,2022-06-06,2023-02-10,6.2632,,531,0,0,0,0,2,2,116,6.1053,2.5769,6.1053,OK,
escrow,https://github.com/herou/EscrowPallet,2022-09-08,2022-09-08,0.0,,1,0,0,0,0,1,1,1,0.0526,0.0132,0.0526,OK,
Evanesco_Network,https://github.com/Evanesco-Labs/WhiteNoise.rs,2021-05-06,2021-09-14,1.5789,,60,20,0,0,0,3,3,49,2.5789,0.7526,2.5789,OK,
Faceless,https://github.com/HeisenbergLin22/Faceless_milestone2_delivery,2022-12-12,2022-12-13,0.0,,3,0,0,0,0,2,2,3,0.1579,0.0326,0.1579,OK,
faceless_delivery,https://github.com/HeisenbergLin22/Faceless_milestone1,2022-07-25,2022-08-10,0.1053,,11,2,0,0,0,2,2,8,0.4211,0.1216,0.4211,OK,
fair_squares,https://github.com/Fair-Squares/fair-squares,2022-02-20,2023-03-16,9.8947,,563,125,113,191,186,5,5,375,19.7368,7.4099,18.8947,OK,
faterium,https://github.com/faterium/faterium-node,2022-11-07,2023-01-19,0.7368,,28,0,0,0,0,1,1,15,0.7895,0.3211,0.7895,OK,
Faucet,https://github.com/karooolis/sybil-resistant-substrate-faucet,2022-08-10,2022-10-13,0.8421,,82,7,0,7,0,1,1,17,0.8947,0.4466,0.8947,OK,
fennel-protocol,https://github.com/fennelLabs/Fennel-Protocol,2020-11-17,2022-04-05,1.0526,,38,24,48,96,82,4,4,72,3.7895,1.2698,3.7895,OK,
FIAT-on-off-ramp,https://github.com/element36-io/ebics-java-service,2021-05-22,2022-11-21,0.8421,,95,29,0,6,0,4,4,35,1.8421,0.5455,1.8421,OK,
fidi-dotsight,https://github.com/fidi-tech/dotsight,2023-09-11,2023-09-11,0.0526,,2,3,0,0,0,2,2,5,0.2632,0.0658,0.2632,OK,
fractapp,https://github.com/fractapp/fractapp,2020-10-02,2021-11-25,5.5789,,249,74,0,0,0,4,4,131,6.8947,1.8994,6.8947,OK,
FuturProtocol,https://github.com/RELAI-Network/relai-network,2023-04-18,2024-03-31,0.0526,,18,0,0,0,0,1,1,13,0.6842,0.2015,0.6842,OK,
Gafi,https://github.com/cryptoviet/gafi,2019-08-28,2022-07-27,7.2105,,388,0,0,0,0,32,32,230,12.1053,3.8172,11.2632,OK,
galaxy,https://github.com/7flash/galaxy-polkadot,2023-04-28,2023-09-28,0.6316,,25,5,0,5,0,2,2,12,0.6316,0.2071,0.6316,OK,
GenesisDAO,https://github.com/deep-ink-ventures/genesis-dao-node,2023-01-09,2023-05-23,3.3684,,208,63,41,57,0,5,5,100,5.2632,2.0066,5.2632,OK,
gluon,https://github.com/tearust/gluon-website,2020-12-16,2021-04-02,1.6316,,65,1,0,0,0,4,4,36,1.8947,0.6152,1.8947,OK,
grant_management_webapp,https://github.com/antiers-solutions/gmw-frontend,2023-08-01,2023-08-09,0.5263,,28,10,0,0,0,5,5,14,0.7368,0.2277,0.7368,OK,
grantmaster,https://github.com/Zaniyar/grantmaster,2023-07-04,2023-12-27,1.1053,,37,2,1,1,0,1,1,22,1.1579,0.3498,1.1579,OK,
GreenLemon,https://github.com/GreenLemonProtocol/dksap-polkadot,2022-07-17,2022-09-12,0.8421,,50,2,0,0,0,1,1,18,0.9474,0.3709,0.9474,OK,
halva_bootstrapping,https://github.com/halva-suite/halva,2020-07-02,2020-10-06,2.1579,,129,12,3,7,7,3,3,53,2.7895,1.095,2.7895,OK,
halva-framework,https://github.com/halva-suite/halva,2020-07-02,2020-08-14,1.2105,,83,12,2,5,7,2,2,33,1.7368,0.6686,1.7368,OK,
hamster-millestone,https://github.com/hamster-shared/hamster,2022-01-10,2022-05-05,0.7895,,34,10,1,0,0,6,6,22,1.1579,0.3227,1.1579,OK,
hex-space-social-graph,https://github.com/rust-0x0/hex-space-protocol-substrate,2022-06-21,2022-07-12,0.3684,,13,0,0,0,0,1,1,8,0.4211,0.145,0.4211,OK,
High-Availability validator setup,https://github.com/tikv/tikv,2016-01-07,2023-07-11,247.4211,,1500,0,0,1500,1500,172,172,1879,98.8947,23.7134,94.9474,OK,
hs-web3,https://github.com/airalab/hs-web3,2016-10-03,2021-08-11,11.4211,,613,56,56,290,56,36,36,426,22.4211,7.3789,22.4211,OK,
hybrid,https://github.com/hybrid-explorer/hybrid-indexer,2023-03-08,2023-08-07,3.5263,,260,0,0,0,0,1,1,65,3.4211,1.6705,3.4211,OK,
hybrid2,https://github.com/hybrid-explorer/hybrid-indexer,2023-03-08,2023-10-06,4.1053,,294,0,0,0,0,1,1,77,4.0526,1.9335,4.0526,OK,
hybrid-node-research,https://github.com/Zondax/mayon,2023-02-28,2023-03-19,0.3158,,32,5,0,1,0,6,6,16,0.8421,0.2909,0.8421,OK,
Hyperdot,https://github.com/Infra3-Network/hyperdot-node,2023-08-25,2023-11-29,2.2632,,68,0,0,0,0,2,2,44,2.3158,0.7389,2.3158,OK,
hyperfridge,https://github.com/element36-io/hyperfridge-r0,2023-12-05,2024-03-17,0.0,,41,14,0,14,16,3,3,32,1.6842,0.5729,1.6842,OK,
idavoll_network,https://github.com/idavollnetwork/idavoll,2020-11-12,2021-06-16,2.9474,,201,68,0,0,0,8,8,63,3.3158,1.4151,3.2632,OK,
identics_identity_indexer,https://github.com/vikiival/identics,2024-10-28,2025-09-09,0.9474,,273,0,39,34,0,1,1,18,0.9474,0.4804,0.9474,OK,
identity_directory,https://github.com/Shard-Labs/identity-directory,2021-03-03,2021-10-14,2.8421,,169,22,0,1,14,6,6,74,3.8947,1.5308,3.8947,OK,
imbue_network,https://github.com/imbuenetwork/imbue,2021-12-02,2022-03-23,1.7368,,90,20,0,5,1,5,5,43,2.2632,0.8688,2.2632,OK,
infimum,https://github.com/rhysbalevicius/infimum,2023-09-01,2024-12-09,4.2105,,142,25,6,24,0,1,1,79,4.1579,1.5814,4.1579,OK,
ink-analyzer,https://github.com/ink-analyzer/ink-analyzer,2023-03-16,2023-08-04,3.0,,243,0,2,6,0,2,2,63,3.3158,1.8852,3.3158,OK,
ink-analyzer-phase,https://github.com/ink-analyzer/ink-analyzer,2023-03-16,2024-02-04,7.0526,,432,1,2,8,0,3,3,144,7.5789,3.7295,7.3684,OK,
ink-boxes,https://github.com/nerdsince98/ink-boxes,2022-11-09,2022-11-11,0.1579,,16,0,0,0,0,1,1,3,0.1579,0.1052,0.1579,OK,
ink-explorer,https://github.com/blockcoders/ink-substrate-explorer-api,2022-08-02,2022-11-18,2.3158,,120,12,0,6,0,5,5,62,3.2632,1.0636,3.2632,OK,
ink-pallet-benchmarking,https://github.com/Nikhil-Desai-Talentica/substrate-node-template-benchmarking,2023-02-16,2023-02-16,0.0,,1,0,0,0,0,1,1,1,0.0526,0.0132,0.0526,OK,
ink-playground,https://github.com/Zeeve-App/ink-playground,2021-09-02,2024-04-19,10.7368,,1500,8,0,0,0,13,13,200,10.5263,4.7948,10.5263,OK,
inkscope-fuzzer,https://github.com/inkscopexyz/inkscope-fuzzer,2023-12-13,2024-05-17,0.6842,,37,41,0,4,14,2,2,45,2.3684,0.7227,2.3684,OK,
ink-smart-contract-wizard,https://github.com/avirajkhare00/ink-wizard,2023-01-05,2023-01-16,0.3158,,24,1,0,0,0,1,1,7,0.3684,0.1547,0.3684,OK,
Intersetellar-network-WP2,https://github.com/Interstellar-Network/lib_circuits,2022-03-10,2023-08-29,1.2632,,79,21,0,1,14,2,2,55,2.8947,0.9915,2.8947,OK,
Interstellar-Network,https://github.com/Interstellar-Network/api_garble,2022-03-10,2022-10-04,0.6316,,23,7,0,0,0,1,1,16,0.8421,0.2494,0.8421,OK,
Interstellar-Network-WP2,https://github.com/Interstellar-Network/lib-garble-rs,2022-11-14,2023-09-27,2.0526,,110,7,0,0,0,1,1,52,2.7368,1.0535,2.7368,OK,
InvArch,https://github.com/InvArch/InvArch-Pallet-Library,2021-08-29,2022-07-19,5.8947,,440,103,73,56,64,9,9,200,10.5263,3.3061,10.2632,OK,
invoice,https://github.com/gertt/Invoice,2019-08-28,2023-01-20,5.0,,198,0,0,0,0,37,37,157,8.2632,2.2776,8.2632,OK,
ipfs_utilities,https://github.com/TDSoftware/substrate-ipfs,2023-01-17,2023-04-19,2.1579,,126,22,1,3,4,6,6,55,2.8947,1.0426,2.8947,OK,
iris,https://github.com/iridium-labs/iris-docs,2021-11-04,2022-04-01,0.6842,,15,0,0,0,0,1,1,13,0.6842,0.1721,0.6842,OK,
iris_followup,https://github.com/ideal-lab5/iris,2022-06-09,2022-12-18,3.5789,,126,8,0,0,0,1,1,67,3.5263,1.3477,3.5263,OK,
iris_milestone-delivery,https://github.com/iridium-labs/ui,2021-08-28,2021-12-14,0.7895,,24,3,0,0,0,1,1,15,0.7895,0.2244,0.7895,OK,
ismp-milestone-delivery,https://github.com/polytope-labs/ismp,2023-05-24,2023-05-29,0.0526,,3,2,0,0,0,2,2,5,0.2632,0.0586,0.2632,OK,
ISO8583,https://github.com/adit313/ISO8583-Blockchain-Integration-Plan,2022-10-02,2022-10-08,0.0526,,2,0,0,0,0,1,1,1,0.0526,0.0134,0.0526,OK,
iso_8583_PoC,https://github.com/subclone/payment-processor,2023-08-10,2024-03-22,0.8947,,34,5,0,0,0,1,1,19,1.0,0.3564,1.0,OK,
Iunokit,https://github.com/Luno-lab/LunoKit,2025-04-17,2025-11-12,2.5263,,246,121,5,132,0,5,5,83,4.3684,1.8299,4.3684,OK,
java-client,https://github.com/emeraldpay/polkaj,2020-04-20,2020-05-07,0.6842,,23,0,0,0,0,1,1,12,0.6316,0.2211,0.6316,OK,
java_client_mileston,https://github.com/emeraldpay/polkaj,2020-04-20,2020-08-17,3.1579,,148,19,1,19,0,5,5,63,3.3158,1.1742,3.3158,OK,
keysafe_network,https://github.com/keysafe-protocol/keysafe-app,2021-11-29,2022-07-10,1.9474,,93,9,7,4,0,3,3,45,2.3684,0.9002,2.3684,OK,
Knowledge-Oriented-Framework,https://github.com/mobr-ai/POnto,2023-02-09,2023-07-31,1.2105,,49,0,0,0,0,2,2,24,1.2632,0.3452,1.2632,OK,
Kodadot_assethub_nft_indexer,https://github.com/kodadot/stick,2023-04-27,2024-02-18,5.0,,494,107,122,333,128,12,12,214,11.2632,3.9066,11.2632,OK,
kodadot_atomic_swap_indexer,https://github.com/kodadot/stick,2023-04-27,2024-07-24,6.2105,,626,149,143,411,132,12,12,288,15.1579,5.1284,15.1579,OK,
konomi,https://github.com/konomi-network/cumulus,2019-01-15,2021-06-17,10.1053,,462,5,0,0,0,37,37,310,16.3158,4.8751,16.3158,OK,
KSM-embeddable-tip-or-donate-button,https://github.com/Shard-Labs/kusama-tips-widget,2020-09-28,2021-01-07,1.7895,,73,1,0,0,0,2,2,36,1.8947,0.527,1.8947,OK,
kuma-wallet,https://github.com/blockcoders/kuma-wallet,2023-01-17,2023-08-10,3.7368,,311,27,9,1,0,3,3,99,5.2105,2.2965,5.2105,OK,
kylin-network,https://github.com/Kylin-Network/kylin-node,2020-11-18,2021-02-10,0.5789,,58,6,1,4,1,9,9,44,2.3158,0.6051,2.3158,OK,
KZero,https://github.com/kzero-xyz/kzero,2025-02-10,2025-08-25,0.0526,,7,11,0,0,0,2,2,10,0.5263,0.1398,0.5263,OK,
lastic,https://github.com/LasticXYZ/squid-sdk,2024-02-03,2024-04-25,0.5789,,50,4,1,0,0,1,1,14,0.7368,0.2929,0.7368,OK,
lastic-price-simulator-milestione,https://github.com/LasticXYZ/price-simulation,2023-10-30,2023-12-20,0.6842,,70,14,15,9,0,3,3,21,1.1053,0.5307,1.1053,OK,
LedgerAssetsApp_G6_1,https://github.com/Zondax/ledger-statemint,2022-02-22,2022-08-15,0.5789,,79,20,2,5,0,5,5,20,1.0526,0.3941,1.0526,OK,
ledgerUpgrade,https://github.com/Zondax/ledger-polkadot,2024-05-21,2025-05-21,1.2105,,50,27,10,20,10,22,22,57,3.0,0.8256,3.0,OK,
liberland,https://github.com/liberland/liberland_substrate,2019-01-15,2023-06-05,34.3158,,1500,210,82,313,59,141,141,825,43.4211,8.8663,43.4211,OK,
Libra,https://github.com/atscaletech/libra,2022-01-10,2022-08-09,0.7895,,46,10,0,3,0,4,4,24,1.2632,0.4679,1.2632,OK,
LiisaPortfolioTracker,https://github.com/LiisaNFT/PolkadotNFTPortfolioTracker,2023-10-04,2024-05-16,2.2105,,140,0,0,0,0,2,2,46,2.4211,0.9831,2.4211,OK,
lip_payments,https://github.com/virto-network/virto-node,2020-01-13,2021-12-13,5.5789,,173,95,63,122,223,9,9,260,13.6842,4.8106,13.6842,OK,
load_balanced_endpoints_operations,https://github.com/geometry-labs/substrate-meta,2021-10-29,2022-05-31,0.7895,,28,2,1,1,0,3,3,18,0.9474,0.2609,0.9474,OK,
logion_wallet,https://github.com/logion-network/logion-wallet,2021-04-27,2022-06-13,13.8947,,946,290,1,8,270,4,4,320,16.8421,7.2118,16.7895,OK,
lunie-governance_milestones-1,https://github.com/luniehq/lunie,2017-01-21,2020-09-22,106.2105,,1500,459,183,1500,1500,41,41,1295,68.1579,20.9943,66.4737,OK,
lunokit,https://github.com/Luno-lab/LunoKit,2025-04-17,2025-10-01,2.4737,,233,102,0,103,0,2,2,69,3.6316,1.567,3.6316,OK,
MangoBOX,https://github.com/Mangoboxlabs/Mangoboxink,2022-10-13,2022-10-27,0.8421,,44,0,0,0,0,2,2,18,0.9474,0.2253,0.9474,OK,
MangoSale,https://github.com/Mangoboxlabs/MangoSale,2022-12-27,2023-03-20,1.2632,,94,0,0,0,0,2,2,29,1.5263,0.5139,1.5263,OK,
manta_network,https://github.com/Manta-Network/pallet-manta-dap,2021-02-26,2022-03-02,1.8947,,91,69,0,67,137,9,9,138,7.2632,2.4186,7.2632,OK,
massbit_route,https://github.com/massbitprotocol/massbitroute,2021-10-04,2022-09-23,7.2105,,995,100,127,28,0,12,12,212,11.1579,4.7635,11.1579,OK,
melodot,https://github.com/ZeroDAO/melodot,2023-06-11,2023-12-23,3.2632,,172,37,0,3,0,1,1,69,3.6316,1.5953,3.6316,OK,
MeProtocol,https://github.com/Me-Protocol/rusty-protocol-v0.1,2023-04-07,2024-06-05,2.5263,,159,45,0,0,0,3,3,60,3.1579,1.12,3.1579,OK,
merkle_tree,https://github.com/frisitano/merkle-tree-db,2023-02-18,2023-03-05,0.5789,,35,11,14,7,1,3,3,17,0.8947,0.293,0.8947,OK,
migrationEase,https://github.com/Zondax/polkadot-web-migration,2024-12-19,2025-07-18,0.2105,,103,273,0,842,421,9,9,198,10.4211,3.3182,10.4211,OK,
mobile_dapp_connection,https://github.com/tesseract-one/Tesseract.rs,2019-10-11,2022-12-27,0.8421,,78,6,0,0,2,4,4,27,1.4211,0.4927,1.4211,OK,
mobile-game-framework-millestone,https://github.com/creator-rs/creator,2020-09-01,2020-09-01,0.0,,1,0,0,0,0,1,1,1,0.0526,0.0132,0.0526,OK,
multisignature_management_tool,https://github.com/itering/subscan-multisig-ui,2020-11-18,2020-12-04,0.5789,,35,0,0,0,0,2,2,12,0.6316,0.2898,0.6316,OK,
Multix-a-simple-UI-for-complex-multisigs,https://github.com/ChainSafe/Multix,2023-01-04,2023-02-03,0.7895,,35,8,4,0,0,1,1,19,1.0,0.4262,1.0,OK,
myriad_social,https://github.com/myriadsocial/myriad-node-parachain,2020-07-31,2024-09-20,3.1053,,177,74,0,30,0,21,21,102,5.3684,1.3957,5.3684,OK,
native-bitcoin-vaults,https://github.com/hashed-io/native-bitcoin-vaults-UI,2022-01-28,2022-07-05,2.3684,,199,34,16,3,0,5,5,70,3.6842,1.2203,3.6842,OK,
NeuroZK,https://github.com/Cyborg-Network/cyborg-parachain,2024-07-01,2024-07-13,0.5789,,32,6,0,0,0,2,2,12,0.6316,0.2848,0.6316,OK,
new_bls12_hash_function,https://github.com/dishport/Indifferentiable-hashing-to-ordinary-elliptic-curves-of-j-0-with-the-cost-of-one-exponentiation,2021-03-09,2022-06-29,0.0,,30,2,0,0,0,2,2,10,0.5263,0.1552,0.5263,OK,
NewOmega,https://github.com/WiktorStarczewski/newomega.polkadot,2021-02-22,2021-02-28,0.1579,,16,0,0,0,0,1,1,4,0.2105,0.0886,0.2105,OK,
nftaa,https://github.com/decenzio/nftaa,2025-09-02,2025-09-02,0.0,,2,0,0,0,0,1,1,1,0.0526,0.0134,0.0526,OK,
nft_collectibles_wallet,https://github.com/GamePowerNetwork/gamepower-module-library,2021-05-17,2021-06-03,0.6842,,79,2,0,1,0,3,3,16,0.8421,0.5096,0.8421,OK,
nft_explorer,https://github.com/uni-arts-chain/evm-nft-tracker,2021-08-09,2021-11-15,1.0,,44,0,3,0,0,2,2,20,1.0526,0.4239,1.0526,OK,
nftstore-network,https://github.com/NFTT-studio/NFTMart-Node,2021-05-06,2021-07-09,1.3684,,71,0,0,0,0,2,2,27,1.4211,0.7265,1.4211,OK,
Nolik,https://github.com/chainify/nolik,2019-05-22,2022-09-12,3.5263,,262,18,0,16,0,1,1,71,3.7368,1.6076,3.7368,OK,
nulink,https://github.com/NuLink-network/nulink-chain,2021-07-14,2022-03-24,0.4211,,205,2,1,0,0,9,9,99,5.2105,1.7932,5.2105,OK,
ocelloids_monitoring_sdk,https://github.com/sodazone/ocelloids,2023-06-12,2023-07-21,2.6842,,430,2,0,0,0,2,2,51,2.6842,1.259,2.6842,OK,
ocelloids_xcm_monitoring_service,https://github.com/sodazone/xcm-monitoring,2023-09-29,2023-11-08,2.2105,,365,0,0,0,0,2,2,42,2.2105,1.1711,2.2105,OK,
offline_elction_tool,https://github.com/antiers-solutions/polkadot-staking-miner,2018-02-08,2026-01-29,100.2632,,1500,0,0,0,0,92,92,639,33.6316,8.6319,33.6316,OK,
offline_election_tool,https://github.com/antiers-solutions/polkadot-staking-miner,2018-02-08,2026-01-29,100.2632,,1500,0,0,0,0,92,92,639,33.6316,8.6319,33.6316,OK,
Omniverse_DLT,https://github.com/Omniverse-Web3-Labs/Omniverse-DLT-Introduction,2023-01-12,2023-06-18,1.0526,,68,0,0,0,0,3,3,25,1.3158,0.4729,1.3158,OK,
On_chain_cash_exchange,https://github.com/bsn-si/ocex-smartcontract,2022-04-06,2022-06-07,0.3158,,16,0,0,0,0,3,3,12,0.6316,0.1748,0.6316,OK,
openbrush,https://github.com/727-Ventures/openbrush-contracts,2021-06-02,2023-01-20,16.4211,,1348,8,1,8,10,30,30,428,22.5263,8.8416,22.5263,OK,
openbrush_follow_up,https://github.com/Supercolony-net/openbrush-contracts,2021-06-02,2022-07-26,13.3684,,1187,129,28,72,902,33,33,461,24.2632,8.921,24.2105,OK,
openPayroll,https://github.com/polkadrys/openPayroll,2023-03-16,2023-07-18,0.2105,,5,31,10,6,25,4,4,48,2.5263,0.6502,2.5263,OK,
openrollup-mvp-phase,https://github.com/open-rollup/pallet-open-rollup,2023-04-21,2023-06-14,0.0,,13,0,0,0,0,1,1,7,0.3684,0.156,0.3684,OK,
OpenSquare_offchain_voting,https://github.com/opensquare-network/collaboration,2021-08-25,2021-11-19,4.3158,,665,233,118,69,1,5,5,115,6.0526,1.9056,6.0526,OK,
OpenSquare_paid_qa,https://github.com/opensquare-network/paid-qa,2022-02-16,2022-07-12,9.2105,,622,478,269,96,53,6,6,227,11.9474,5.0723,11.7368,OK,
p2p_state_channels,https://github.com/peer3to/state-channels-plus,2024-10-15,2024-11-25,0.2632,,7,0,0,0,0,1,1,5,0.2632,0.0774,0.2632,OK,
pacificstore,https://github.com/vlbos/pacificstore-node,2021-04-21,2021-04-21,0.0,,1,0,0,0,0,1,1,1,0.0526,0.0132,0.0526,OK,
pallet_drand_client,https://github.com/random-meat/drand-substrate-client,2022-09-01,2023-01-15,0.7895,,49,4,6,7,15,4,4,27,1.4211,0.3829,1.4211,OK,
pallet_supersig_decentration,https://github.com/kabocha-network/pallet_supersig,2022-05-11,2023-02-14,2.5263,,153,8,13,14,141,6,6,68,3.5789,1.3605,3.5789,OK,
pallet-verifier,https://github.com/davidsemakula/pallet-verifier,2024-03-04,2024-12-09,6.1579,,149,0,0,0,0,1,1,118,6.2105,1.8165,6.2105,OK,
PANIC,https://github.com/SimplyVC/panic,2020-08-24,2022-07-06,24.1053,,1500,9,284,238,0,19,19,606,31.8947,11.9514,31.7895,OK,
parachain_staking,https://github.com/PureStake/moonbeam,2020-02-20,2021-12-03,25.1053,,1048,0,0,1500,1500,74,74,1439,75.7368,20.595,74.3158,OK,
parallel,https://github.com/parallel-finance/parallel,2021-02-25,2021-10-22,12.4737,,416,142,162,1003,1225,23,23,711,37.4211,11.2175,35.6316,OK,
Paraspell-followup,https://github.com/paraspell/sdk,2022-09-02,2022-12-30,1.1579,,80,0,0,9,0,3,3,34,1.7895,0.5772,1.7895,OK,
ParaSpell-followup2,https://github.com/paraspell/sdk,2022-09-02,2023-04-18,1.7368,,132,0,0,42,0,4,4,72,3.7895,1.1643,3.7895,OK,
patron,https://github.com/Brushfam/patron-backend,2023-05-23,2023-06-16,0.5789,,21,2,0,2,0,4,4,15,0.7895,0.1934,0.7895,OK,
perun_app_channels,https://github.com/perun-network/perun-polkadot-pallet,2021-07-07,2022-06-07,0.6842,,36,9,9,9,114,4,4,48,2.5263,0.7653,2.5263,OK,
perun_channels,https://github.com/perun-network/perun-polkadot-pallet,2021-07-07,2021-07-07,0.0526,,1,1,0,0,0,1,1,2,0.1053,0.0263,0.1053,OK,
perun_integration,https://github.com/perun-network/perun-polkadot-pallet,2021-07-07,2021-11-04,0.6316,,33,7,7,7,99,2,2,37,1.9474,0.6164,1.9474,OK,
php-rpc-lib,https://github.com/gmajor-encrypt/php-scale-codec,2020-04-02,2022-04-29,3.4211,,131,10,3,21,0,3,3,78,4.1053,1.3884,4.1053,OK,
php-rpc-lib-follow-up,https://github.com/gmajor-encrypt/php-substrate-api,2020-04-13,2023-02-21,1.8421,,52,1,0,0,0,2,2,37,1.9474,0.5652,1.9474,OK,
php-scale-lib,https://github.com/gmajor-encrypt/php-scale-codec,2020-04-02,2021-10-12,2.6316,,99,2,1,1,0,2,2,53,2.7895,0.9434,2.7895,OK,
php-substrate-api,https://github.com/neha0921/substrate-interface-package,2021-08-04,2021-12-14,0.4211,,20,0,0,0,0,2,2,8,0.4211,0.1614,0.4211,OK,
Plus,https://github.com/Nick-1979/polkadot-Js-Plus-extension,2019-05-20,2022-03-19,32.1053,,1301,7,0,1,0,34,34,736,38.7368,7.4859,38.7368,OK,
Plutonication,https://github.com/RostislavLitovkin/Plutonication,2023-10-27,2024-08-04,3.4211,,278,2,0,0,0,2,2,64,3.3684,1.5124,3.3684,OK,
pocs,https://github.com/auguth/pocs,2023-10-31,2025-03-18,3.3158,,152,49,8,7,1,4,4,102,5.3684,1.7024,5.3684,OK,
polkadex,https://github.com/Polkadex-Substrate/Polkadex,2020-09-13,2020-10-02,1.3158,,80,6,0,0,0,2,2,26,1.3684,0.6186,1.3684,OK,
polkadot_analytics_platform,https://github.com/mobr-ai/PolkadotAnalytics,2023-08-09,2023-09-01,0.4737,,24,0,0,0,0,2,2,10,0.5263,0.2062,0.5263,OK,
polkadot-contract-wizard,https://github.com/protofire/polkadot-contract-wizard,2023-01-10,2023-11-20,5.1579,,250,295,1,375,62,7,7,180,9.4737,3.2793,9.4737,OK,
polkadot_dart,https://github.com/Pocket4D/Polkadot-Dart,2020-10-27,2020-12-05,0.9474,,50,1,0,0,0,1,1,19,1.0,0.3542,1.0,OK,
polkadotjs-ecdsa-hardware,https://github.com/gluneau/polkadotjs-ecdsa-hardware,2022-11-17,2022-11-21,0.1053,,2,0,0,0,0,2,2,2,0.1053,0.0263,0.1053,OK,
polkadotjs_no_code,https://github.com/ezcodeco/Bubble-Plugin-Polkadot.js,2022-01-18,2022-02-10,0.0,,2,0,0,0,0,1,1,2,0.1053,0.0263,0.1053,OK,
polkadot-js-plus-nomination-pools,https://github.com/Nick-1979/polkadot-Js-Plus-extension,2019-05-20,2022-06-29,36.4211,,1500,25,6,7,0,31,31,603,31.7368,7.7832,30.6842,OK,
polkadot-js-plus-social-recovery-wallet,https://github.com/Nick-1979/polkadot-Js-Plus-extension,2019-05-20,2022-08-11,38.5789,,1500,51,13,21,0,25,25,513,27.0,7.9009,25.4737,OK,
Polkadot-Protocol-Conformance-Tests,https://github.com/LimeChain/polkadot-conformance,2023-05-23,2023-11-16,0.7895,,47,13,21,3,1,5,5,25,1.3158,0.4182,1.3158,OK,
polkadot-runtime-releaser,https://github.com/hack-ink/polkadot-runtime-releaser,2024-11-13,2024-12-31,0.4737,,39,11,0,11,0,1,1,10,0.5263,0.2764,0.5263,OK,
polkadot_tests,https://github.com/Zondax/polkadot-testing,2023-12-12,2023-12-19,0.2105,,14,1,0,0,0,4,4,5,0.2632,0.0703,0.2632,OK,
Polkadot_Web_UI,https://github.com/RidOne-technologies/polkadot-angular-identicon,2021-02-18,2021-08-03,0.0526,,4,1,0,0,0,1,1,2,0.1053,0.0396,0.1053,OK,
PolkaFlow,https://github.com/justmert/eco-flow-frontend,2023-01-26,2023-05-08,0.5789,,23,1,0,0,0,1,1,12,0.6316,0.2416,0.6316,OK,
polkaj_android_support,https://github.com/emeraldpay/polkaj,2020-04-20,2021-09-17,4.2632,,191,33,31,129,0,35,35,182,9.5789,2.7612,9.5789,OK,
polkakey,https://github.com/w3finance/PolkaKey,2020-03-28,2020-04-20,0.6316,,32,0,0,0,0,1,1,13,0.6842,0.2642,0.6842,OK,
polkamask,https://github.com/PolkaGate/polkaMask,2023-10-09,2024-01-27,1.8947,,151,4,5,2,0,2,2,37,1.9474,0.8358,1.9474,OK,
polkamusic,https://github.com/polkamusic/PolkaMusic-Core,2021-05-12,2021-08-17,0.7895,,34,0,0,0,0,2,2,17,0.8947,0.3587,0.8947,OK,
polkashots,https://github.com/midl-dev/polkadot-snapshot-generator,2020-12-23,2020-12-24,0.0526,,1,0,0,0,0,1,1,1,0.0526,0.0132,0.0526,OK,
polkastats,https://github.com/Colm3na/polkastats-backend-v3,2020-01-20,2020-06-12,4.7368,,672,98,73,108,52,8,8,122,6.4211,2.7116,6.4211,OK,
polk-auction,https://github.com/CrommVardek/polk-auction-core,2021-05-12,2022-05-04,3.1579,,93,1,0,0,0,3,3,62,3.2632,0.9813,3.2632,OK,
polket_toearnfun,https://github.com/polketio/polket-node,2022-08-30,2023-03-02,2.0,,68,3,0,0,0,2,2,42,2.2105,0.5965,2.2105,OK,
pontem-network,https://github.com/pontem-network/sp-move,2020-12-01,2021-03-31,0.9474,,41,26,0,5,2,9,9,44,2.3158,0.6638,2.3158,OK,
PRIMIS,https://github.com/Primis-Labs/client,2022-06-16,2022-10-20,2.3158,,110,0,0,0,0,3,3,47,2.4737,0.8511,2.4737,OK,
PrivaDEX_aggregator,https://github.com/kapilsinha/privadex,2022-12-22,2023-02-28,0.1579,,4,4,0,1,0,2,2,7,0.3684,0.0963,0.3684,OK,
Profond,https://github.com/profondHQ/profond-psp22-contract,2023-09-15,2023-12-18,0.1579,,10,4,2,0,0,2,2,9,0.4737,0.116,0.4737,OK,
project_aurras_mvp_phase,https://github.com/HugoByte/aurras,2021-02-05,2023-09-18,3.4211,,307,65,13,5,40,9,9,146,7.6842,2.7571,7.6842,OK,
prosopo,https://github.com/prosopo-io/provider,2021-11-03,2022-07-22,6.6316,,333,96,61,19,51,6,6,199,10.4737,3.4177,10.4737,OK,
psc,https://github.com/OmniBTC/PSC,2022-11-15,2023-02-13,0.1053,,30,0,1,0,0,2,2,19,1.0,0.3062,1.0,OK,
qrucial_dao,https://github.com/Qrucial/QRUCIAL-DAO,2022-05-17,2023-07-01,6.4211,,465,70,1,12,6,9,9,178,9.3684,3.3645,9.3684,OK,
QSTN,https://github.com/QSTN-US/Polkadot-QSTN-v1,2023-12-15,2024-01-18,0.2632,,32,0,0,0,0,1,1,5,0.2632,0.1261,0.2632,OK,
quadratic-funding,https://github.com/OAK-Foundation/quadratic-funding-pallet,2021-05-27,2021-05-27,0.0,,7,1,0,0,0,1,1,1,0.0526,0.0189,0.0526,OK,
quadratic-funding-pallet,https://github.com/zhangjiannan/QFgrant,2021-02-01,2021-04-21,1.0526,,29,0,2,3,0,3,3,22,1.1579,0.3118,1.1579,OK,
queryWeb3,https://github.com/Query-Web3/database,2024-11-20,2025-12-20,0.5263,,46,4,0,0,0,5,5,32,1.6842,0.4665,1.6842,OK,
RainbowDAO-Protocol-ink!-Phase1,https://github.com/RainbowcityFoundation/RainbowDAO-Protocol-Ink-milestone_1,2021-12-24,2022-01-18,0.4211,,23,4,0,0,0,3,3,14,0.7368,0.2184,0.7368,OK,
rb_substrate_client,https://github.com/uni-arts-chain/sr25519,2021-09-14,2021-10-26,0.3684,,20,0,0,0,0,1,1,8,0.4211,0.1678,0.4211,OK,
RedStone,https://github.com/redstone-network/redstone-node,2022-08-22,2022-12-04,2.4737,,91,7,0,12,0,3,3,57,3.0,0.8737,2.9474,OK,
regionx,https://github.com/RegionX-Labs/RegionX,2023-11-28,2024-02-25,0.0,,19,18,8,0,0,1,1,27,1.4211,0.4723,1.4211,OK,
relaycode,https://github.com/itsyogesh/relaycode,2024-10-08,2026-02-09,0.6316,,62,22,0,26,0,1,1,14,0.7368,0.3265,0.7368,OK,
research-feasibility-go-runtime,https://github.com/limechain/gosemble,2022-07-28,2022-09-26,0.4737,,15,0,0,0,0,3,3,10,0.5263,0.1548,0.5263,OK,
research-feasibiliy-java-host,https://github.com/LimeChain/java-host-research,2023-02-07,2023-02-08,0.1579,,7,1,0,0,0,2,2,3,0.1579,0.0396,0.1579,OK,
roloi,https://github.com/RoloiMoney/roloi-polkadot-w3f-grant,2022-06-11,2022-07-17,0.0526,,2,1,0,0,2,4,4,5,0.2632,0.0534,0.2632,OK,
roloi-xcm-payment-automation,https://github.com/NeoPower-Digital/tempora,2023-12-08,2024-04-19,0.2632,,5,0,0,0,0,1,1,5,0.2632,0.0658,0.2632,OK,
Rubeus_keeper,https://github.com/bsn-si/rubeus-smartcontract,2022-10-05,2022-12-05,0.3684,,19,0,0,0,0,2,2,10,0.5263,0.148,0.5263,OK,
Rubeus_keeper_st2,https://github.com/bsn-si/rubeus-smartcontract,2022-10-05,2023-01-30,0.4737,,21,0,0,0,0,2,2,12,0.6316,0.1743,0.6316,OK,
ruby,https://github.com/rubyprotocol/documents,2021-08-31,2021-10-11,0.0,,8,0,0,0,0,1,1,3,0.1579,0.0562,0.1579,OK,
rv_kmir,https://github.com/runtimeverification/mir-semantics,2022-07-19,2023-12-19,4.7368,,204,0,88,167,202,13,13,286,15.0526,4.3623,15.0526,OK,
SaaS3,https://github.com/SaaS3-Foundation/dRuntime-fat,2022-09-22,2023-03-08,1.2632,,36,1,0,0,0,2,2,26,1.3684,0.3928,1.3684,OK,
saito-gamebridge,https://github.com/SaitoTech/saito-crypto-api-modules,2021-06-07,2021-06-07,0.0,,7,0,0,0,0,2,2,2,0.1053,0.0332,0.1053,OK,
sandox_ms3_delivery,https://github.com/sandoxio/sandox,2023-07-12,2023-10-20,0.4211,,31,0,0,0,0,2,2,12,0.6316,0.1814,0.6316,OK,
Sandox_st1_ms1_delivery,https://github.com/sandoxio/sandox,2023-07-12,2023-07-12,0.0,,7,0,0,0,0,2,2,2,0.1053,0.0287,0.1053,OK,
Sandox_st1_ms2_delivery,https://github.com/sandoxio/sandox,2023-07-12,2023-08-28,0.1579,,18,0,0,0,0,2,2,6,0.3158,0.09,0.3158,OK,
sarp-basic-functionality,https://github.com/scs/MIRAI,2018-11-06,2023-06-05,36.2105,,1178,2,0,0,0,21,21,724,38.1053,13.3323,36.8421,OK,
scale-codec-comparator,https://github.com/gmajor-encrypt/scale-codec-comparator,2022-05-30,2023-01-22,2.5263,,175,5,0,0,0,1,1,49,2.5789,0.9793,2.5789,OK,
Security_Marketplace,https://github.com/ParthChaudhary31/Security_Marketplace_Backend,2023-07-28,2023-11-08,0.2105,,7,0,0,0,0,2,2,6,0.3158,0.0688,0.3158,OK,
SEOR-code-less-smart-contract-platform,https://github.com/SealSC/smart-contracts,2020-09-17,2021-07-06,1.8947,,127,6,0,0,0,2,2,38,2.0,0.932,2.0,OK,
sequester,https://github.com/SequesterChain/pallets,2022-03-27,2022-06-21,0.6842,,51,0,0,0,0,3,3,13,0.6842,0.2625,0.6842,OK,
shadows-network,https://github.com/ShadowsNetwork/shadows,2020-12-17,2020-12-29,0.0526,,4,0,0,0,0,3,3,3,0.1579,0.0341,0.1579,OK,
Shivarthu,https://github.com/amiyatulu/shivarthu,2021-03-20,2022-08-10,4.0,,93,0,0,0,0,1,1,76,4.0,1.1387,4.0,OK,
signac,https://github.com/digitalnativeinc/signac,2022-07-12,2022-11-01,2.0526,,163,1,0,0,0,3,3,42,2.2105,0.8176,2.2105,OK,
signet,https://github.com/TalismanSociety/siws,2023-11-08,2023-11-10,0.0526,,5,0,0,0,0,1,1,2,0.1053,0.0445,0.1053,OK,
silent_data,https://github.com/appliedblockchain/silentdata-node-public,2023-03-30,2023-03-30,0.0526,,1,0,0,0,0,1,1,1,0.0526,0.0132,0.0526,OK,
sirato-substrate-explorer-phase3,https://github.com/web3labs/epirus-substrate,2022-06-06,2023-02-10,6.2632,,531,0,0,0,0,2,2,116,6.1053,2.5769,6.1053,OK,
skyekiwi-protocol,https://github.com/skyekiwi/skyekiwi-protocol,2021-05-19,2021-09-16,1.3158,,83,4,0,0,0,3,3,30,1.5789,0.5752,1.5789,OK,
skyepass,https://github.com/skyekiwi/skyepass-vault,2021-03-05,2021-04-19,0.3684,,17,1,3,1,0,2,2,9,0.4737,0.1679,0.4737,OK,
skynet-substrate-integration,https://github.com/SkynetLabs/skynet-substrate,2021-08-31,2022-02-28,1.1579,,34,0,0,0,0,2,2,20,1.0526,0.3605,1.0526,OK,
slonigiraf,https://github.com/slonigiraf/recommendation-letter,2022-03-23,2022-03-24,0.1053,,15,1,0,0,0,2,2,3,0.1579,0.0792,0.1579,OK,
slothunter,https://github.com/hack-ink/slothunter,2023-02-03,2023-09-06,0.7368,,81,96,0,89,0,1,1,16,0.8421,0.288,0.8421,OK,
social_recivery_wallet,https://github.com/hypha-dao/hashed-wallet,2019-12-21,2023-01-25,17.8421,,855,143,47,61,98,16,16,579,30.4737,9.2266,30.3158,OK,
societal,https://github.com/sctllabs/societal-front-end,2022-11-10,2022-11-15,0.1579,,6,1,0,0,0,2,2,3,0.1579,0.0534,0.1579,OK,
societal-grant,https://github.com/sctllabs/societal-grant-2-submission,2022-08-25,2023-02-09,3.2632,,230,1,0,0,0,2,2,100,5.2632,1.8425,5.2632,OK,
sol2ink,https://github.com/727-Ventures/sol2ink,2022-05-25,2023-02-01,1.8421,,357,21,0,3,39,6,6,108,5.6842,2.4819,5.6842,OK,
sol2ink-delivery,https://github.com/Supercolony-net/sol2ink,2022-05-25,2022-08-17,0.1579,,175,4,0,0,12,5,5,41,2.1579,1.1228,2.1579,OK,
Solang-developer-experience-improvements,https://github.com/hyperledger/solang,2018-12-30,2023-07-07,44.7368,,1500,745,279,1500,1500,170,170,1802,94.8421,33.4898,89.6842,OK,
Solang_Playground,https://github.com/hyperledger-labs/solang-playground,2024-01-31,2025-01-15,0.7368,,86,17,4,4,0,4,4,32,1.6842,0.5607,1.6842,OK,
solidity-trie-verifier,https://github.com/polytope-labs/solidity-merkle-trees,2022-12-29,2023-02-27,0.4737,,17,9,1,7,17,6,6,26,1.3684,0.3641,1.3684,OK,
solidity-verifier-for-accountable-light-client,https://github.com/ethereum/EIPs,2015-10-26,2023-09-28,125.8421,,1500,0,0,1500,1500,528,528,2508,132.0,27.7751,132.0,OK,
spacewalk,https://github.com/pendulum-chain/spacewalk,2022-03-16,2022-11-22,1.9474,,116,58,84,138,124,13,13,191,10.0526,3.0697,10.0526,OK,
spartan_poc_consensus_module,https://github.com/subspace/spartan-codec,2021-01-10,2021-06-13,0.5263,,34,4,0,0,0,2,2,11,0.5789,0.2067,0.5789,OK,
sr25519_donna,https://github.com/TerenceGe/sr25519-donna,2020-06-07,2020-06-23,0.0526,,24,9,0,0,0,1,1,2,0.1053,0.0854,0.1053,OK,
ssal,https://github.com/MatteoPerona/ssal_commods,2024-01-04,2024-02-28,0.2632,,9,1,0,0,0,2,2,5,0.2632,0.0941,0.2632,OK,
stable-asset,https://github.com/nutsfinance/stable-asset,2021-05-10,2022-03-23,2.2632,,75,18,1,8,32,13,13,67,3.5263,1.0456,3.5263,OK,
staking-rewards-viewer,https://github.com/jackson-harris-iii/staking-rewards-viewer,2021-05-18,2021-08-12,1.7895,,141,20,1,24,0,3,3,39,2.0526,0.9085,2.0526,OK,
Standard_Protocol,https://github.com/digitalnativeinc/standard-substrate,2021-01-23,2022-04-28,3.4211,,132,139,16,132,0,9,9,96,5.0526,1.6994,5.0526,OK,
Stardust,https://github.com/adit313/State-of-the-Stablecoin-Industry,2022-04-15,2022-05-10,0.1579,,5,0,0,0,0,1,1,3,0.1579,0.0528,0.1579,OK,
starks_network,https://github.com/gbctech/starks-node,2020-09-30,2020-10-16,0.3684,,17,0,0,0,0,1,1,6,0.3158,0.1514,0.3158,OK,
Starry_Network,https://github.com/Starry-Network/starry_node,2021-03-23,2021-06-03,1.6842,,102,1,0,1,0,2,2,33,1.7368,0.9555,1.7368,OK,
stone-index-on-substrate,https://github.com/stonedefi/stone-index-substrate-ui,2021-07-01,2021-09-15,1.0,,29,1,0,0,0,6,6,22,1.1579,0.3143,1.1579,OK,
storageHub,https://github.com/Moonsong-Labs/storage-hub-runtime-poc,2023-11-26,2023-12-14,0.3684,,40,15,0,8,0,2,2,11,0.5789,0.2438,0.5789,OK,
Stylograph,https://github.com/deep-ink-ventures/genesis-dao-node,2023-01-09,2023-05-23,3.3684,,208,63,41,57,0,5,5,100,5.2632,2.0066,5.2632,OK,
subalfred,https://github.com/hack-ink/subalfred,2020-11-01,2023-01-10,7.4211,,487,274,71,37,0,9,9,173,9.1053,3.4494,9.0526,OK,
subauction,https://github.com/galacticcouncil/Basilisk-node,2020-08-10,2022-03-04,28.0526,,1500,216,181,453,716,20,20,763,40.1579,12.8183,40.0,OK,
subcoin,https://github.com/subcoin-project/subcoin,2024-07-03,2024-09-12,1.8421,,68,49,3,3,0,2,2,46,2.4211,1.1183,2.3158,OK,
subdao-network,https://github.com/SubDAO-Network/subdao-node,2021-01-25,2021-04-12,0.1579,,4,0,0,0,0,2,2,4,0.2105,0.0526,0.2105,OK,
subdao-network_chrome_extension,https://github.com/SubDAO-Network/subdao-extension,2021-06-09,2021-09-12,0.0,,38,0,0,0,0,4,4,16,0.8421,0.2754,0.8421,OK,
subdao-network_polkasign,https://github.com/SubDAO-Network/polkasign-contract,2021-11-03,2021-12-16,0.0,,13,0,0,0,0,2,2,8,0.4211,0.123,0.4211,OK,
subdex,https://github.com/subdarkdex/pallet-subdex,2020-09-27,2020-09-27,0.0,,1,0,0,0,0,1,1,1,0.0526,0.0132,0.0526,OK,
SubGame_Network,https://github.com/SubGame-Network/subgame-network,2021-03-24,2021-10-06,3.5789,,148,1,1,0,0,4,4,72,3.7895,1.2567,3.7895,OK,
SubIdentity,https://github.com/TDSoftware/subidentity-webapp,2022-04-14,2022-08-28,4.1579,,447,120,0,9,102,4,4,110,5.7895,2.6311,5.7895,OK,
subquery,https://github.com/OnFinality-io/subql,2020-12-15,2021-01-27,1.2105,,147,0,0,13,54,4,4,56,2.9474,0.9439,2.9474,OK,
SubRelay,https://github.com/subrelay/subrelay-api,2022-10-28,2023-07-01,3.6316,,329,120,7,8,0,4,4,83,4.3684,1.8938,4.3684,OK,
subscript_lang,https://github.com/ascontract/subscript,2020-09-11,2021-01-12,1.3684,,61,0,0,0,0,1,1,25,1.3158,0.5706,1.3158,OK,
subsmt,https://github.com/farcloud-labs/subsmt,2023-11-12,2025-05-10,1.5263,,213,2,0,0,0,2,2,30,1.5789,1.051,1.5789,OK,
Substats,https://github.com/CESSProject/substats,2022-11-29,2023-02-24,1.4211,,91,23,0,0,0,2,2,27,1.4211,0.5587,1.4211,OK,
substrate_client_java,https://github.com/strategyobject/substrate-client-java,2021-10-26,2022-08-24,2.5789,,89,35,6,7,188,5,5,111,5.8421,1.9714,5.8421,OK,
substrate_core_polywrapper,https://github.com/polywrap/integrations,2021-11-05,2022-10-24,10.3158,,839,93,37,41,119,24,24,334,17.5789,6.4433,17.5789,OK,
substrate_evm_adapter,https://github.com/subclone/subeth,2024-05-12,2025-11-22,1.7368,,57,3,0,0,0,1,1,36,1.8947,0.531,1.8947,OK,
substrate-molochdao,https://github.com/DoraFactory/Substrate-Moloch-V1,2021-05-03,2021-06-01,0.6316,,21,0,0,0,0,3,3,15,0.7895,0.2156,0.7895,OK,
Substrate_Move_System_Pallet,https://github.com/eigerco/substrate-move,2019-06-17,2024-02-08,333.5789,,1500,71,0,8,225,119,119,1028,54.1053,13.1857,54.1053,OK,
substrate_startkit_GUI,https://github.com/MVPWorkshop/substrate-startkit-gui-api,2020-07-20,2020-12-04,1.7895,,73,5,0,2,2,4,4,38,2.0,0.6405,2.0,OK,
substrate-tutorials,https://github.com/rusty-crewmates/substrate-tutorials,2022-02-09,2023-05-09,1.6316,,67,31,10,18,30,16,16,69,3.6316,1.041,3.6316,OK,
subvt_telegram_bot-milestones-1-and,https://github.com/helikon-labs/subvt,2021-06-13,2022-05-21,0.7895,,30,0,12,6,0,1,1,17,0.8947,0.359,0.8947,OK,
subwallet,https://github.com/yxf/subwallet,2020-05-15,2020-07-24,0.5263,,20,0,0,0,0,1,1,10,0.5263,0.157,0.5263,OK,
subxtpy,https://github.com/philoniare/subxtpy,2024-04-10,2024-10-14,0.5789,,31,0,0,0,0,1,1,10,0.5263,0.2041,0.5263,OK,
sunshine-keybase,https://github.com/sunshine-protocol/sunshine-keybase,2020-05-30,2020-09-28,3.0,,172,25,29,6,5,4,4,72,3.7895,1.5575,3.7895,OK,
supersig_fellowship,https://github.com/decentration/pallet_supersig,2022-05-11,2023-04-22,2.7368,,172,0,0,0,0,6,6,59,3.1053,1.1457,3.1053,OK,
SwarmNL,https://github.com/algorealmInc/SwarmNL,2024-01-01,2024-12-16,3.3684,,660,22,22,17,39,3,3,113,5.9474,2.6893,5.9474,OK,
swift_api,https://github.com/tesseract-one/Substrate.swift,2020-10-07,2023-09-16,6.8947,,359,0,6,10,0,10,10,142,7.4737,3.3098,7.4737,OK,
swush-dex-aggregator,https://github.com/swush-labs/swush-app,2024-10-11,2025-05-14,3.5789,,257,6,0,0,0,2,2,67,3.5263,1.9652,3.3684,OK,
SydTek,https://github.com/jgophd/Developed-Materials-and-Raw-Data,2022-11-30,2023-01-26,0.0,,9,1,0,0,0,1,1,6,0.3158,0.0869,0.3158,OK,
t3rn-xbi,https://github.com/t3rn/xbi,2022-09-21,2023-06-26,1.7368,,162,22,27,63,28,7,7,77,4.0526,1.1148,4.0526,OK,
tcdt,https://github.com/tcdt-lab/bcdns,2025-01-22,2025-06-15,0.8947,,44,0,0,0,0,1,1,18,0.9474,0.3007,0.9474,OK,
tdot,https://github.com/nutsfinance/stable-asset,2021-05-10,2022-09-30,3.2105,,109,31,1,8,32,14,14,98,5.1579,1.4459,5.1579,OK,
tellor,https://github.com/tellor-io/tellor-parachain-contracts,2022-12-02,2023-05-01,3.6316,,351,43,39,99,83,9,9,110,5.7895,2.1099,5.7895,OK,
Threshold_Signature,https://github.com/Fiono11/cli,2024-05-20,2024-12-06,0.5263,,54,2,0,0,0,2,2,11,0.5789,0.2548,0.5789,OK,
TogetherCrew_Community_health_check,https://github.com/RnDAO/tc-Documentation,2023-01-31,2023-09-15,0.5789,,31,5,0,0,0,3,3,12,0.6316,0.1874,0.6316,OK,
tokeneconomics-survey,https://github.com/taqtiqa-mark/tokenomics-survey-2022,2023-04-24,2023-08-30,0.3158,,16,0,4,6,0,2,2,11,0.5789,0.1738,0.5789,OK,
Tokenguard - Milestone 1 & 2,https://github.com/tokenguardio/dashboard-creator-client,2024-01-04,2024-06-08,1.5263,,76,21,0,0,0,3,3,34,1.7895,0.5336,1.7895,OK,
tracking_chain,https://github.com/TrackingChains/TrackingChain,2023-07-16,2023-11-09,2.4737,,259,9,14,2,0,1,1,51,2.6842,1.5543,2.2632,OK,
TreasuryTracker,https://github.com/stake-plus/treasury-tracker,2023-10-09,2023-10-09,0.1053,,3,0,0,0,0,1,1,1,0.0526,0.0187,0.0526,OK,
TREX_Network,https://github.com/NexTokenTech/TREX,2022-11-01,2023-02-01,0.7895,,37,10,0,0,0,2,2,19,1.0,0.366,1.0,OK,
tribal_protocol,https://github.com/tribal-protocol/tribal_contract,2022-06-01,2022-08-03,0.5263,,23,0,0,0,0,2,2,10,0.5263,0.1824,0.5263,OK,
tuxedo,https://github.com/Off-Narrative-Labs/Tuxedo,2023-02-13,2023-05-08,1.8947,,193,55,25,62,82,2,2,71,3.7368,1.8293,3.7368,OK,
TuxedoDApp,https://github.com/mlabs-haskell/TuxedoDapp,2024-02-23,2024-09-27,1.9474,,72,7,51,107,0,6,6,85,4.4737,1.4358,4.4737,OK,
tuxedo-parachain,https://github.com/Off-Narrative-Labs/Tuxedo,2023-02-13,2024-04-16,2.5789,,259,131,78,262,410,13,13,252,13.2632,5.3691,13.2632,OK,
typechain-polkadot,https://github.com/Supercolony-net/typechain-polkadot,2022-06-16,2022-08-16,0.6842,,48,21,1,2,19,7,7,21,1.1053,0.3493,1.1053,OK,
typechain-polkadot-follow-up,https://github.com/727-Ventures/typechain-polkadot,2022-06-16,2023-02-22,2.0,,161,25,2,2,15,11,11,59,3.1053,1.058,3.1053,OK,
typechain_revived,https://github.com/C-Forge/typechain-polkadot,2022-06-16,2024-09-30,3.8947,,275,1,0,0,0,18,18,96,5.0526,1.7022,5.0526,OK,
typink,https://github.com/dedotdev/typink,2024-10-15,2025-02-02,2.4211,,108,125,17,95,43,3,3,62,3.2632,1.0992,3.2632,OK,
uke_protocol,https://github.com/Uke-Messaging/uke,2022-07-29,2022-11-22,0.8421,,28,1,0,1,0,1,1,15,0.7895,0.2876,0.7895,OK,
unified_collator_node_deployment,https://github.com/for-parity-with-love/unified-collator-node-deployment,2023-01-18,2023-03-20,1.2105,,135,21,0,3,2,5,5,43,2.2632,0.578,2.2632,OK,
universaldot.me,https://github.com/UniversalDot/pallets,2021-07-26,2022-03-28,0.5263,,523,1,1,0,0,1,1,68,3.5789,1.9242,3.4737,OK,
upgradeability,https://github.com/trustfractal/ink-upgrade-template,2021-03-25,2021-03-25,0.0,,17,0,0,0,0,2,2,5,0.2632,0.1301,0.2632,OK,
validated_streams,https://github.com/comrade-coop/validated-streams,2022-10-14,2023-06-26,4.3684,,176,2,0,0,0,5,5,84,4.4211,1.494,4.4211,OK,
Validator_Monitoring_Service,https://github.com/p2p-org/polkadot_monitoring_service,2023-06-01,2024-03-19,3.0,,168,34,0,1,0,4,4,76,4.0,1.1976,4.0,OK,
validators_selection,https://github.com/miepsik/validators_selection,2023-01-17,2023-03-06,0.3158,,9,0,0,0,0,2,2,8,0.4211,0.1014,0.4211,OK,
validators_selection1,https://github.com/miepsik/validators_selection,2023-01-17,2023-01-17,0.0526,,2,0,0,0,0,2,2,2,0.1053,0.0133,0.1053,OK,
ventur,https://github.com/Popular-Coding/ventur,2022-09-17,2023-01-13,1.9474,,255,58,0,0,0,4,4,84,4.4211,1.6645,4.2105,OK,
walt-id_nft-infra,https://github.com/walt-id/waltid-nftkit,2022-01-24,2023-04-26,6.7895,,388,53,56,71,11,14,14,206,10.8421,3.3265,10.8421,OK,
wasmedge_substrate,https://github.com/WasmEdge/WasmEdge,2019-06-25,2022-09-20,56.6842,,1500,0,0,1500,1500,160,160,1416,74.5263,20.4843,74.0526,OK,
wasm-opt-for-rust,https://github.com/brson/wasm-opt-rs,2022-07-17,2022-10-27,5.1579,,407,17,95,135,3,7,7,118,6.2105,2.6094,5.7368,OK,
wasm_runtimes_fuzzing,https://github.com/pventuzelo/wasm_runtimes_fuzzing,2020-03-24,2020-07-16,1.3158,,137,0,0,0,0,1,1,30,1.5789,0.6921,1.5789,OK,
Web3Box,https://github.com/web3box-labs/apps,2022-11-04,2023-02-07,0.2105,,6,0,0,0,0,2,2,5,0.2632,0.0703,0.2632,OK,
web3-compatible-api,https://github.com/PureStake/moonbeam,2020-02-20,2020-07-21,2.0,,121,0,0,2,4,5,5,44,2.3158,0.825,2.3158,OK,
Web3Go,https://github.com/web3go-xyz/web3go-xyz-v2,2022-09-27,2023-03-22,7.5789,,477,46,157,183,26,15,15,283,14.8947,3.7471,14.8947,OK,
webb_extended_mixer,https://github.com/webb-tools/webb-dapp,2021-01-20,2022-06-28,9.7368,,374,0,0,176,355,10,10,357,18.7895,5.5546,18.7895,OK,
Webb_Mixer,https://github.com/webb-tools/anon,2019-08-29,2021-04-28,4.3158,,164,73,63,98,78,8,8,205,10.7895,3.2542,10.7895,OK,
Webb_Mixer_Extended,https://github.com/webb-tools/anon,2019-08-29,2021-10-14,5.2632,,202,101,63,107,124,9,9,253,13.3158,4.1272,13.3158,OK,
WeTEE,https://github.com/wetee-dao/chain,2023-11-20,2024-04-12,3.1053,,129,9,0,0,0,3,3,64,3.3684,1.2154,3.2632,OK,
whiteflag-on-fennel-protocol,https://github.com/fennelLabs/Fennel-Protocol,2020-11-17,2022-04-05,1.0526,,38,24,48,96,82,4,4,72,3.7895,1.2698,3.7895,OK,
wika_network,https://github.com/randombishop/wika_etl,2021-12-08,2022-03-09,0.6316,,41,8,3,5,20,4,4,19,1.0,0.3654,1.0,OK,
Xcavate,https://github.com/XcavateBlockchain/MVP_Lending_Pool,2023-04-28,2023-09-12,2.1053,,69,1,0,0,0,3,3,48,2.5263,0.8011,2.5263,OK,
xcm-domain-service,https://github.com/azero-id/xcm-domain-service,2023-09-05,2023-10-17,0.5789,,42,4,0,0,0,3,3,12,0.6316,0.2902,0.6316,OK,
xcm-sdk,https://github.com/blockcoders/xcm-sdk,2022-10-03,2023-02-20,1.1579,,63,13,0,0,0,3,3,31,1.6316,0.5577,1.6316,OK,
xcmsend,https://github.com/XcmSend/app-v0.0.1,2023-09-27,2023-10-31,0.5263,,43,13,3,12,0,3,3,16,0.8421,0.2968,0.8421,OK,
xcm-tools,https://github.com/gmajor-encrypt/xcm-tools,2023-03-14,2023-09-25,0.2105,,7,0,0,0,0,1,1,5,0.2632,0.0766,0.2632,OK,
xcm-tools-follow-up,https://github.com/gmajor-encrypt/xcm-tools,2023-03-14,2024-08-27,1.1053,,29,0,1,0,0,1,1,23,1.2105,0.3594,1.2105,OK,
xcnft,https://github.com/paraspell-research/xcnft-pallet,2024-02-04,2024-11-04,0.0,,30,0,0,0,0,1,1,14,0.7368,0.2142,0.7368,OK,
xNFT,https://github.com/antiers-solutions/xNFT,2023-09-19,2024-02-28,0.1579,,6,0,0,0,0,2,2,4,0.2105,0.0624,0.2105,OK,
yatima,https://github.com/yatima-inc/yatima,2022-05-11,2023-04-20,6.4211,,174,164,112,121,214,13,13,329,17.3158,5.3164,17.1053,OK,
yieldscan_phase,https://github.com/yieldscan/yieldscan-frontend,2020-06-08,2021-09-17,5.4737,,689,74,56,80,30,6,6,210,11.0526,5.0077,10.9474,OK,
Zaturn_generic-attestable-oracle-parachain,https://github.com/Acurast/acurast-substrate,2022-06-15,2022-10-19,1.0,,45,0,0,0,0,6,6,22,1.1579,0.3363,1.1579,OK,
zeeve_larch,https://github.com/Zeeve-App/larch,2023-02-27,2023-10-11,5.8421,,322,96,54,18,19,10,10,136,7.1579,2.477,7.1579,OK,
zenlink,https://github.com/zenlinkpro/whitepaper,2020-08-16,2020-11-03,0.2632,,13,0,0,0,0,1,1,6,0.3158,0.0965,0.3158,OK,
zenlink_dex_smart_contract,https://github.com/zenlinkpro/whitepaper,2020-08-16,2020-12-02,0.3158,,14,0,0,0,0,1,1,7,0.3684,0.1096,0.3684,OK,
ZeroDAO_Network-millestone,https://github.com/ZeroDAO/ZeroDAO-node,2021-06-02,2021-11-17,3.1053,,191,5,0,0,0,1,1,62,3.2632,1.698,3.0526,OK,
zeropool-2-snjax,https://github.com/zeropoolnetwork/fawkes-crypto,2020-03-12,2023-04-10,5.4211,,285,20,2,1,1,7,7,120,6.3158,2.295,6.3158,OK,
zk-plonk,https://github.com/AstarNetwork/plonk,2021-06-18,2022-02-24,1.4211,,118,3,1,1,0,3,3,33,1.7368,0.8012,1.7368,OK,
zk-rollups,https://github.com/PlasmNetwork/ZKRollups,2020-12-02,2021-03-18,2.0526,,210,8,7,149,0,2,2,42,2.2105,1.7557,2.1579,OK,
ZK-Snarks_with_Substrate_tutorial,https://github.com/bright/zk-snarks-with-substrate,2019-08-28,2023-01-26,4.8947,,196,31,0,25,206,41,41,194,10.2105,2.8545,10.2105,OK,
Zkverse,https://github.com/Zkvers/substrate-zk,2022-09-01,2023-04-17,0.8947,,31,0,3,0,0,1,1,20,1.0526,0.3362,1.0526,OK,
zkwasm-rollups-transfer,https://github.com/KogarashiNetwork/Kogarashi,2021-11-29,2024-02-13,16.5789,,1365,188,1,73,113,4,4,371,19.5263,8.6641,19.0,OK,
