project_id,verdict,n_delivery_files,n_evaluations,matched_app_file,app_status,terminated,app_fte,app_months,app_pm,n_app_repos,ks_per_pm,scope_flag,repo_url,planned_pm_census,commit_source,equivalent_sloc
fair_squares,DELIVERED,5,5,fair_squares.md,,,2.0,6.0,12.0,2,1.42,,https://github.com/Fair-Squares/fair-squares,12.00,cutoff,17.0135
Interstellar-Network,DELIVERED,5,6,Interstellar-Network.md,,,11.0,5.0,55.0,0,0.01,verify-frag?,https://github.com/Interstellar-Network/api_garble,55.00,cutoff,0.5015
Interstellar-Network-WP2,DELIVERED,5,6,Interstellar-Network.md,,,11.0,5.0,55.0,0,0.05,verify-frag?,https://github.com/Interstellar-Network/lib-garble-rs,55.00,cutoff,2.765
Afloat,DELIVERED,4,4,Afloat.md,,,2.0,2.99,5.98,0,0.25,,https://github.com/hashed-io/afloat-client-api,,cutoff,1.5021
hs-web3,DELIVERED,4,4,hs-web3.md,,,0.4,3.68,1.47,1,8.02,,https://github.com/airalab/hs-web3,,cutoff,11.795
KZero,DELIVERED,4,2,KZero.md,,,4.0,2.0,8.0,1,0.43,,https://github.com/kzero-xyz/kzero,,cutoff,3.4264
Libra,DELIVERED,4,4,Libra.md,,,1.5,4.0,6.0,1,0.91,,https://github.com/atscaletech/libra,,cutoff,5.4485
NewOmega,DELIVERED,4,4,newomega.md,,,2.0,2.0,4.0,1,0.25,,https://github.com/WiktorStarczewski/newomega.polkadot,4.00,commit,0.982
calamar,DELIVERED,3,2,Calamar.md,,,1.0,2.53,2.53,2,6.03,,https://github.com/topmonks/calamar,1.66,commit,15.2565
candle_auction_ink,DELIVERED,3,3,candle_auction_ink.md,,,1.0,1.0,1.0,2,0.71,,https://github.com/agryaznov/candle-auction-ink,1.00,cutoff,0.706
ces_data_store,DELIVERED,3,3,ces_data_store.md,,,2.0,3.0,6.0,2,0.11,verify-frag?,https://github.com/CESSProject/data-store-pallet,6.00,cutoff,0.6806
CESS,DELIVERED,3,3,CESS.md,,,2.0,4.0,8.0,2,0.65,,https://github.com/Cumulus2021/cess,8.00,cutoff,5.1908
cyclops,DELIVERED,3,3,cyclops.md,,,1.0,3.0,3.0,0,1.13,,https://github.com/ArthurHoeke/cyclops,3.00,cutoff,3.3952
DAOsign,DELIVERED,3,3,DAOsign.md,,,2.0,2.0,4.0,2,0.43,,https://github.com/DAOsign/polkadot-smart-contracts,4.00,cutoff,1.706
Decentralized_Threshold_Signing_Service,DELIVERED,3,1,DecentralizedThresholdSigningService.md,,,1.0,3.0,3.0,1,0.47,,https://github.com/Fiono11/decentralized_threshold_signing_service,3.00,cutoff,1.3962
fractapp,DELIVERED,3,3,fractapp.md,,,3.5,3.0,10.5,1,1.93,,https://github.com/fractapp/fractapp,10.50,cutoff,20.2475
GenesisDAO,DELIVERED,3,1,GenesisDAO.md,,,3.0,3.0,9.0,0,0.55,,https://github.com/deep-ink-ventures/genesis-dao-node,,cutoff,4.9454
ink-pallet-benchmarking,DELIVERED,3,2,ink-pallet-benchmarking.md,,,1.0,1.38,1.38,2,0.06,verify-frag?,https://github.com/Nikhil-Desai-Talentica/substrate-node-template-benchmarking,,cutoff,0.0786
pocs,DELIVERED,3,3,PoCS.md,,,3.0,3.45,10.35,1,4.63,,https://github.com/auguth/pocs,,cutoff,47.87
societal-grant,DELIVERED,3,1,societal_grant2.md,,,2.0,3.0,6.0,2,4.39,,https://github.com/sctllabs/societal-grant-2-submission,6.00,cutoff,26.3272
stable-asset,DELIVERED,3,3,stable-asset.md,,,2.0,1.0,2.0,1,2.06,,https://github.com/nutsfinance/stable-asset,2.00,cutoff,4.115
subcoin,DELIVERED,3,3,Subcoin.md,,,1.0,3.0,3.0,1,3.66,,https://github.com/subcoin-project/subcoin,3.00,cutoff,10.9936
SubIdentity,DELIVERED,3,2,SubIdentity.md,,,3.0,3.0,9.0,1,0.15,,https://github.com/TDSoftware/subidentity-webapp,9.00,cutoff,1.3399
SubsCrypt,DELIVERED,3,3,SubsCrypt.md,,,5.0,2.07,10.35,1,,,https://github.com/oxydev/SubsCrypt-solidty,,,
Substats,DELIVERED,3,2,substats.md,,,2.0,5.0,10.0,2,0.92,,https://github.com/CESSProject/substats,10.00,cutoff,9.2462
SydTek,DELIVERED,3,2,SydTek.md,,,5.0,4.0,20.0,0,,,https://github.com/jgophd/Developed-Materials-and-Raw-Data,20.00,cutoff,
TuxedoDApp,DELIVERED,3,2,TuxedoDapp.md,,,2.0,3.0,6.0,1,,,https://github.com/mlabs-haskell/TuxedoDapp,6.00,cutoff,
ArtZero_InkWhale,DELIVERED,2,1,ArtZero_InkWhale.md,,,5.0,4.0,20.0,1,0.59,,https://github.com/ArtZero-io/Contracts,20.00,cutoff,11.752
bit_country,DELIVERED,2,2,bit_country.md,,,5.0,1.0,5.0,0,4.39,,https://github.com/bit-country/Bit-Country-Blockchain,5.00,cutoff,21.966
curve_amm,DELIVERED,2,2,curve_amm.md,,,3.0,1.38,4.14,0,0.92,,https://github.com/equilibrium-eosdt/equilibrium-curve-amm,,cutoff,3.8131
Doter,DELIVERED,2,2,Doter.md,,,34.0,2.0,68.0,1,0.08,verify-frag?,https://github.com/ChainBridgeNetworkTeam/Doter,,cutoff,5.3994
DotPay,DELIVERED,2,2,DotPay.md,,,5.0,1.84,9.2,1,0.28,,https://github.com/bytepayment/bytepay,,cutoff,2.5959
escrow,DELIVERED,2,1,escrow_pallet.md,,,1.0,3.0,3.0,2,,,https://github.com/herou/EscrowPallet,,cutoff,
Evanesco_Network,DELIVERED,2,2,evanesco_networks.md,,,3.0,3.0,9.0,2,0.42,,https://github.com/Evanesco-Labs/WhiteNoise.rs,9.00,cutoff,3.752
GreenLemon,DELIVERED,2,1,GreenLemon.md,,,2.0,2.76,5.52,1,0.18,,https://github.com/GreenLemonProtocol/dksap-polkadot,,cutoff,0.9797
ipfs_utilities,DELIVERED,2,2,ipfs_utilities.md,,,2.0,2.0,4.0,1,11.93,,https://github.com/TDSoftware/substrate-ipfs,4.00,cutoff,47.7228
java-client,DELIVERED,2,4,java-client.md,,,0.8,3.0,2.4,2,0.74,,https://github.com/emeraldpay/polkaj,60.00,cutoff,1.788
java_client_mileston,DELIVERED,2,4,java-client.md,,,0.8,3.0,2.4,2,2.99,,https://github.com/emeraldpay/polkaj,60.00,cutoff,7.173
LiisaPortfolioTracker,DELIVERED,2,2,LiisaPortfolioTracker.md,,,2.25,5.0,11.25,1,6.6,,https://github.com/LiisaNFT/PolkadotNFTPortfolioTracker,11.25,cutoff,74.256
MangoSale,DELIVERED,2,1,MangoSale_Protocol.md,,,4.0,2.0,8.0,1,5.89,,https://github.com/Mangoboxlabs/MangoSale,8.00,cutoff,47.093
Nolik,DELIVERED,2,1,Nolik.md,,,1.0,2.0,2.0,1,,,https://github.com/chainify/nolik,2.00,cutoff,
nulink,DELIVERED,2,2,NuLink.md,,,2.0,6.0,12.0,2,0.17,,https://github.com/NuLink-network/nulink-chain,12.00,cutoff,2.0282
parachain_staking,DELIVERED,2,2,parachain-staking.md,,,2.0,1.38,2.76,1,21.19,verify-bloat?,https://github.com/PureStake/moonbeam,,cutoff,58.4853
parallel,DELIVERED,2,2,Parallel.md,,,4.0,4.0,16.0,2,0.93,,https://github.com/parallel-finance/parallel,16.00,cutoff,14.8596
php-rpc-lib,DELIVERED,2,2,php-rpc-lib.md,,,1.0,2.0,2.0,2,1.6,,https://github.com/gmajor-encrypt/php-scale-codec,,cutoff,3.1911
Plus,DELIVERED,2,0,Plus.md,,,1.0,3.0,3.0,1,8.16,,https://github.com/Nick-1979/polkadot-Js-Plus-extension,9.00,cutoff,24.4654
polkadotjs_no_code,DELIVERED,2,2,polkadotjs_no_code.md,,,2.0,2.0,4.0,1,0.07,verify-frag?,https://github.com/ezcodeco/Bubble-Plugin-Polkadot.js,4.00,cutoff,0.2747
RainbowDAO-Protocol-ink!-Phase1,DELIVERED,2,2,RainbowDAO Protocol ink Phase 1.md,,,8.0,1.84,14.72,1,0.27,,https://github.com/RainbowcityFoundation/RainbowDAO-Protocol-Ink-milestone_1,,cutoff,3.9602
roloi,DELIVERED,2,1,Roloi.md,,,2.0,1.0,2.0,0,0.33,,https://github.com/RoloiMoney/roloi-polkadot-w3f-grant,2.00,cutoff,0.668
roloi-xcm-payment-automation,DELIVERED,2,1,roloi-xcm-payment-automation.md,,,3.0,2.5,7.5,0,0.85,,https://github.com/NeoPower-Digital/tempora,7.50,cutoff,6.3885
ScoutCoinFabrik,DELIVERED,2,2,ScoutCoinFabrik.md,,,5.0,1.0,5.0,0,,,https://github.com/CoinFabrik/scout,,,
Stardust,DELIVERED,2,2,stardust.md,,,2.0,1.15,2.3,0,,,https://github.com/adit313/State-of-the-Stablecoin-Industry,,cutoff,
SubGame_Network,DELIVERED,2,1,SubGame_Network.md,,,3.0,2.76,8.28,0,0.94,,https://github.com/SubGame-Network/subgame-network,,cutoff,7.756
swush-dex-aggregator,DELIVERED,2,3,swush-dex-aggregator.md,,,1.5,5.0,7.5,1,,,https://github.com/swush-labs/swush-app,7.50,cutoff,
tpscore,DELIVERED,2,2,TPScore.md,,,2.0,2.0,4.0,2,,,https://github.com/BCS-Labs/tpscore-etl-system,4.00,,
typechain-polkadot,DELIVERED,2,2,typechain-polkadot.md,,,2.0,1.84,3.68,1,,,https://github.com/Supercolony-net/typechain-polkadot,,cutoff,
uke_protocol,DELIVERED,2,1,uke-protocol.md,,,1.0,2.0,2.0,0,,,https://github.com/Uke-Messaging/uke,9.00,cutoff,
ventur,DELIVERED,2,1,ventur.md,,,4.0,2.0,8.0,1,,,https://github.com/Popular-Coding/ventur,8.00,cutoff,
xcm-domain-service,DELIVERED,2,1,xcm-domain-service.md,,,1.0,2.0,2.0,1,,,https://github.com/azero-id/xcm-domain-service,2.00,cutoff,
xcmsend,DELIVERED,2,2,xcmsend.md,,,2.0,1.84,3.68,2,,,https://github.com/XcmSend/app-v0.0.1,,cutoff,
AlgoCash,DELIVERED,1,1,AlgoCash.md,,,1.5,1.38,2.07,1,0.37,,https://github.com/ReserveLabs/AlgoCash,,cutoff,0.769
anchor,DELIVERED,1,1,Anchor.md,,,1.0,1.0,1.0,1,5.16,,https://github.com/ff13dfly/Anchor,1.00,cutoff,5.16
apron-network,DELIVERED,1,1,Apron_Network.md,,,4.0,3.0,12.0,0,0.01,verify-frag?,https://github.com/Apron-Network/apron-node,12.00,cutoff,0.0853
ares_protocol,DELIVERED,1,1,ares_protocol.md,,,1.5,0.69,1.03,1,27.54,verify-bloat?,https://github.com/aresprotocols/ares-module,,cutoff,28.3626
Awesome-Polka,DELIVERED,1,1,Awesome-Polka.md,,,1.0,1.0,1.0,1,,,https://github.com/tolgayayci/awesome-polka,,cutoff,
c++polkadot-light-client,DELIVERED,1,1,c++polkadot-light-client.md,,,1.0,1.15,1.15,0,0.31,,https://github.com/eqlabs/polkadot-light-client,,cutoff,0.354
create-substrate-app,DELIVERED,1,1,create-substrate-app.md,,,1.0,1.0,1.0,2,0.35,,https://github.com/philoniare/create-substrate-app,1.00,cutoff,0.3457
da_comparative_study,DELIVERED,1,0,da_comparative_study.md,,,2.0,4.0,8.0,1,0.2,,https://github.com/Chainscore/DA-Research,8.00,cutoff,1.613
dart-scale-codec,DELIVERED,1,1,dart-scale-codec.md,,,1.5,1.0,1.5,0,,,https://github.com/nbltrust/dart-scale-codec,26.50,cutoff,
data_platform_with_deep_indexed_data_and_staking_reports,DELIVERED,1,0,data_platform_with_deep_indexed_data_and_staking_reports.md,,,200.0,1.5,300.0,2,,,https://github.com/p2p-org/polkadot-grant,300.00,cutoff,
dauth_network,DELIVERED,1,1,dauth_network.md,,,3.0,8.0,24.0,2,0.18,,https://github.com/DAuth-Network/instant-proof,24.00,cutoff,4.376
decentralml,DELIVERED,1,1,decentral_ml.md,,,2.5,2.0,5.0,2,0.66,,https://github.com/livetreetech/DecentralML,5.00,cutoff,3.293
deeper_network,DELIVERED,1,0,deeper_network.md,,,5.0,1.0,5.0,2,6.49,,https://github.com/deeper-chain/deeper-chain,5.00,cutoff,32.4679
dipole-oracle-millestone,DELIVERED,1,1,DipoleOracle.md,,,1.25,0.92,1.15,1,0.07,verify-frag?,https://github.com/DipoleTech/dipole-oracle,,cutoff,0.081
distributedKeyManagement,DELIVERED,1,1,DistributedKeyManagement.md,,,4.0,3.0,12.0,2,0.63,,https://github.com/KryptikApp/swordExample,1.20,cutoff,7.5424
DKSAP,DELIVERED,1,1,DKSAP.md,,,1.0,1.38,1.38,1,0.04,verify-frag?,https://github.com/GreenLemonProtocol/dksap-polkadot,,cutoff,0.0547
dora-factory-multisig,DELIVERED,1,1,dora-factory-multisig.md,,,2.0,1.0,2.0,1,0.1,verify-frag?,https://github.com/DoraFactory/dorafactory-multisig,2.00,cutoff,0.1961
epirus_substrate-phase2,DELIVERED,1,2,epirus_substrate_phase_2.md,,,2.0,3.0,6.0,1,2.73,,https://github.com/web3labs/epirus-substrate,6.00,cutoff,16.386
Faucet,DELIVERED,1,1,Faucet.md,,,1.0,1.0,1.0,1,0.86,,https://github.com/karooolis/sybil-resistant-substrate-faucet,1.00,cutoff,0.8628
faucet-bot,DELIVERED,1,1,faucet-bot.md,,,1.5,1.5,2.25,2,,,https://github.com/StringNick/sybil-resistant-chat-bot-substrate-faucet,2.25,,
grantmaster,DELIVERED,1,1,grantmaster.md,string,,0.6,5.0,3.0,1,0.6,,https://github.com/Zaniyar/grantmaster,3.00,cutoff,1.793
halva-framework,DELIVERED,1,1,halva_framework.md,,,1.5,1.15,1.72,2,0.53,,https://github.com/halva-suite/halva,,cutoff,0.9142
High-Availability validator setup,DELIVERED,1,2,High_availability_validator_setup.md,,,1.0,2.07,2.07,2,199.11,verify-bloat?,https://github.com/tikv/tikv,,cutoff,412.1597
idavoll_network,DELIVERED,1,1,Idavoll Network.md,,,3.0,0.92,2.76,1,1.03,,https://github.com/idavollnetwork/idavoll,,cutoff,2.853
konomi,DELIVERED,1,1,konomi.md,,,2.0,1.5,3.0,1,7.63,,https://github.com/konomi-network/cumulus,3.00,cutoff,22.904
kylin-network,DELIVERED,1,1,kylin_network.md,,,3.0,2.0,6.0,0,0.08,verify-frag?,https://github.com/Kylin-Network/kylin-node,6.00,cutoff,0.4811
lunie-governance_milestones-1,DELIVERED,1,0,lunie.md,,,5.5,1.15,6.32,0,4.82,,https://github.com/luniehq/lunie,,cutoff,30.4653
MangoBOX,DELIVERED,1,1,MangoBOX-Protocol.md,,,4.0,2.0,8.0,2,5.1,,https://github.com/Mangoboxlabs/Mangoboxink,8.00,cutoff,40.7764
Multix-a-simple-UI-for-complex-multisigs,DELIVERED,1,1,Multix-a-simple-UI-for-complex-multisig.md,,,1.5,1.0,1.5,0,15.99,verify-bloat?,https://github.com/ChainSafe/Multix,1.50,cutoff,23.9822
nftstore-network,DELIVERED,1,0,NFTStore_Network.md,,,2.0,2.0,4.0,0,4.06,,https://github.com/NFTT-studio/NFTMart-Node,4.00,cutoff,16.2449
ocelloids_monitoring_sdk,DELIVERED,1,0,ocelloids_monitoring_sdk.md,,,2.0,2.0,4.0,1,0.91,,https://github.com/sodazone/ocelloids,4.00,cutoff,3.637
offline_election_tool,DELIVERED,1,1,OfflineElectionTool.md,,,1.0,0.92,0.92,0,6.62,,https://github.com/antiers-solutions/polkadot-staking-miner,,cutoff,6.0937
polkadot_analytics_platform,DELIVERED,1,1,polkadot_analytics_platform.md,,,0.85,1.0,0.85,1,0.81,,https://github.com/mobr-ai/PolkadotAnalytics,0.85,cutoff,0.688
polkadot-js-plus-social-recovery-wallet,DELIVERED,1,3,Plus-social-recovery-wallet.md,,,3.0,3.0,9.0,1,4.19,,https://github.com/Nick-1979/polkadot-Js-Plus-extension,9.00,cutoff,37.7172
PRIMIS,DELIVERED,1,1,Primis.md,,,3.0,1.38,4.14,1,1.12,,https://github.com/Primis-Labs/client,,cutoff,4.642
QSTN,DELIVERED,1,1,QSTN.md,,,8.0,15.0,120.0,1,0.09,verify-frag?,https://github.com/QSTN-US/Polkadot-QSTN-v1,120.00,cutoff,11.3915
sandox_ms3_delivery,DELIVERED,1,1,sandox.md,,,4.0,4.0,16.0,0,0.2,,https://github.com/sandoxio/sandox,16.00,cutoff,3.1568
Sandox_st1_ms1_delivery,DELIVERED,1,1,sandox.md,,,4.0,4.0,16.0,0,0.02,verify-frag?,https://github.com/sandoxio/sandox,16.00,cutoff,0.3256
Sandox_st1_ms2_delivery,DELIVERED,1,1,sandox.md,,,4.0,4.0,16.0,0,0.14,verify-frag?,https://github.com/sandoxio/sandox,16.00,cutoff,2.27
Shivarthu,DELIVERED,1,2,Shivarthu.md,,,2.0,8.0,16.0,1,0.37,,https://github.com/amiyatulu/shivarthu,16.00,commit,5.8472
signet,DELIVERED,1,2,signet.md,,,1.0,1.0,1.0,2,0.3,,https://github.com/TalismanSociety/siws,1.00,commit,0.2986
slonigiraf,DELIVERED,1,1,slonigiraf.md,,,1.0,1.0,1.0,2,0.34,,https://github.com/slonigiraf/recommendation-letter,1.00,cutoff,0.3386
sol2ink,DELIVERED,1,2,sol2ink.md,,,1.0,4.6,4.6,2,2.07,,https://github.com/727-Ventures/sol2ink,,commit,9.5047
sol2ink-delivery,DELIVERED,1,2,sol2ink.md,,,1.0,4.6,4.6,2,1.4,,https://github.com/Supercolony-net/sol2ink,,cutoff,6.4503
Standard_Protocol,DELIVERED,1,1,Standard_Protocol.md,,,1.0,2.0,2.0,2,7.8,,https://github.com/digitalnativeinc/standard-substrate,2.00,cutoff,15.5973
Starry_Network,DELIVERED,1,1,Starry_Network.md,,,1.0,2.5,2.5,1,1.81,,https://github.com/Starry-Network/starry_node,2.50,cutoff,4.5209
stone-index-on-substrate,DELIVERED,1,2,stone-index-on-substrate.md,,,3.0,0.69,2.07,2,0.45,,https://github.com/stonedefi/stone-index-substrate-ui,,cutoff,0.9237
subdao-network,DELIVERED,1,1,SubDAO_Network.md,,,4.0,2.0,8.0,0,0.11,verify-frag?,https://github.com/SubDAO-Network/subdao-node,8.00,cutoff,0.8521
subdao-network_chrome_extension,DELIVERED,1,1,SubDAO_Network.md,,,4.0,2.0,8.0,0,0.51,,https://github.com/SubDAO-Network/subdao-extension,8.00,cutoff,4.0828
subdao-network_polkasign,DELIVERED,1,1,SubDAO_Network.md,,,4.0,2.0,8.0,0,5.33,,https://github.com/SubDAO-Network/polkasign-contract,8.00,cutoff,42.6231
subdex,DELIVERED,1,1,subdex.md,,,2.0,1.84,3.68,1,0.0,verify-frag?,https://github.com/subdarkdex/pallet-subdex,,cutoff,0.0067
subquery,DELIVERED,1,2,subquery.md,,,2.0,1.5,3.0,2,0.9,,https://github.com/OnFinality-io/subql,3.00,cutoff,2.7026
Tokenguard - Milestone 1 & 2,DELIVERED,1,2,Tokenguard.md,,,1.5,2.0,3.0,0,,,https://github.com/tokenguardio/dashboard-creator-client,3.00,cutoff,
TreasuryTracker,DELIVERED,1,1,TreasuryTracker.md,,,1.25,1.0,1.25,2,,,https://github.com/stake-plus/treasury-tracker,1.25,cutoff,
unified_collator_node_deployment,DELIVERED,1,0,unified_collator_node_deployment.md,,,1.5,2.5,3.75,0,,,https://github.com/for-parity-with-love/unified-collator-node-deployment,,cutoff,
vera_defi_phase,DELIVERED,1,0,vera_defi.md,,,1.5,1.84,2.76,1,,,https://github.com/veradefi/defi,,,
Web3Box,DELIVERED,1,1,Web3Box.md,,,2.0,1.38,2.76,0,,,https://github.com/web3box-labs/apps,,cutoff,
web3-compatible-api,DELIVERED,1,1,web3-compatible-api.md,,,2.0,1.38,2.76,1,,,https://github.com/PureStake/moonbeam,,cutoff,
Xcavate,DELIVERED,1,1,Xcavate.md,,,4.0,2.0,8.0,0,,,https://github.com/XcavateBlockchain/MVP_Lending_Pool,8.00,cutoff,
xNFT,DELIVERED,1,0,xNFT.md,,,2.0,1.38,2.76,1,,,https://github.com/antiers-solutions/xNFT,6.00,cutoff,
yieldscan_phase,DELIVERED,1,1,yieldscan_phase_2.md,,,3.0,1.5,4.5,0,,,https://github.com/yieldscan/yieldscan-frontend,4.50,cutoff,
zenlink,DELIVERED,1,1,zenlink.md,,,2.0,0.92,1.84,2,,,https://github.com/zenlinkpro/whitepaper,,cutoff,
zenlink_dex_smart_contract,DELIVERED,1,1,zenlink.md,,,2.0,0.92,1.84,2,,,https://github.com/zenlinkpro/whitepaper,,cutoff,
zeropool-2-snjax,DELIVERED,1,1,ZeroPool.md,,,3.0,4.0,12.0,1,,,https://github.com/zeropoolnetwork/fawkes-crypto,12.00,cutoff,
ink-analyzer,DELIVERED,7,5,ink-analyzer.md,,,1.0,4.25,4.25,7,4.91,,https://github.com/ink-analyzer/ink-analyzer,,cutoff,20.877
ink-analyzer-phase,DELIVERED,7,5,ink-analyzer-phase-2.md,,,1.0,8.5,8.5,10,4.58,,https://github.com/ink-analyzer/ink-analyzer,,cutoff,38.891
hyperfridge,DELIVERED,5,5,hyperfridge.md,,,1.5,6.0,9.0,8,0.19,,https://github.com/element36-io/hyperfridge-r0,9.00,cutoff,1.6814
perun_integration,DELIVERED,5,5,,,,,,,,,,https://github.com/perun-network/perun-polkadot-pallet,9.06,cutoff,1.649
ajuna,DELIVERED,4,2,ajuna_network_follow_up.md,,,1.0,4.0,4.0,16,1.52,,https://github.com/ajuna-network/Ajuna.SDK,4.00,cutoff,6.098
dapp_wallet_integration_native_mobile_libraries,DELIVERED,4,3,dapp_wallet_integration_native_mobile_libraries.md,,,2.0,3.68,7.36,3,0.67,,https://github.com/tesseract-one/Tesseract.android,,cutoff,4.946
hybrid,DELIVERED,4,2,hybrid.md,,,1.0,2.76,2.76,5,1.06,,https://github.com/hybrid-explorer/hybrid-indexer,,cutoff,2.931
hybrid2,DELIVERED,4,2,hybrid2.md,,,1.0,2.76,2.76,3,1.22,,https://github.com/hybrid-explorer/hybrid-indexer,,commit,3.358
kuma-wallet,DELIVERED,4,1,,,,,,,,,,https://github.com/blockcoders/kuma-wallet,,cutoff,20.612
logion_wallet,DELIVERED,4,4,logion_wallet.md,,,2.0,10.0,20.0,4,1.38,,https://github.com/logion-network/logion-wallet,20.00,cutoff,27.6568
melodot,DELIVERED,4,4,Melodot.md,,,1.5,4.5,6.75,4,2.07,,https://github.com/ZeroDAO/melodot,6.75,cutoff,13.944
Plutonication,DELIVERED,4,2,Plutonication.md,,,0.83,2.0,1.66,12,0.87,,https://github.com/RostislavLitovkin/Plutonication,1.66,cutoff,1.449
polkadart,DELIVERED,4,3,Polkadart.md,,,4.0,15.0,60.0,8,,,https://github.com/rankanizer/polkadart,60.00,,
Polkadart_extension,DELIVERED,4,3,polkadart_extension.md,,,1.5,4.0,6.0,9,,,https://github.com/leonardocustodio/polkadart,6.00,,
polkadart-followup,DELIVERED,4,3,Polkadart.md,,,4.0,15.0,60.0,8,,,https://github.com/leonardocustodio/polkadart,6.00,,
PrivaDEX_aggregator,DELIVERED,4,4,PrivaDEX_aggregator.md,,,2.0,5.5,11.0,4,1.79,,https://github.com/kapilsinha/privadex,11.00,cutoff,19.6941
rv_kmir,DELIVERED,4,1,rv-kmir.md,,,1.5,3.22,4.83,7,0.39,,https://github.com/runtimeverification/mir-semantics,,cutoff,1.861
Solang_Playground,DELIVERED,4,2,Solang_Playground.md,,,0.5,13.0,6.5,4,10.79,,https://github.com/hyperledger-labs/solang-playground,,cutoff,70.13
tcdt,DELIVERED,4,3,,,,,,,,,,https://github.com/tcdt-lab/bcdns,,cutoff,
tracking_chain,DELIVERED,4,2,tracking_chain.md,,,1.0,6.5,6.5,3,,,https://github.com/TrackingChains/TrackingChain,6.50,cutoff,
wasm_runtimes_fuzzing,DELIVERED,4,4,wasm_runtimes_fuzzing.md,,,,3.0,,2,,,https://github.com/pventuzelo/wasm_runtimes_fuzzing,,commit,
blackprint_js,DELIVERED,3,2,blackprint-js.md,,,1.0,6.0,6.0,7,0.67,,https://github.com/Blackprint/Blackprint,,cutoff,4.025
bright_tresury,DELIVERED,3,3,,,,,,,,,,https://github.com/bright/bright-tresury,,cutoff,47.4179
CoinFabrik_On_Ink_Integration_Tests,DELIVERED,3,1,CoinFabrik_On_Ink_Integration_Tests.md,,,2.5,0.46,1.15,3,2.24,,https://github.com/CoinFabrik/on-ink-integration-tests,,cutoff,2.5757
crossbow,DELIVERED,3,3,crossbow.md,,,3.5,5.0,17.5,11,0.22,,https://github.com/dodorare/crossbow,17.50,commit,3.9117
cryptex,DELIVERED,3,1,cryptex.md,,,1.5,3.0,4.5,8,21.76,verify-bloat?,https://github.com/ideal-lab5/smoldot,4.50,cutoff,97.913
delmonicos,DELIVERED,3,3,delmonicos.md,,,1.0,3.0,3.0,6,1.06,,https://github.com/Delmonicos/charger-node,3.00,cutoff,3.1934
distributed_cryptography_for_polkadot_wallets,DELIVERED,3,0,distributed_cryptography_for_polkadot_wallets.md,,,1.25,7.25,9.06,13,,,https://github.com/perun-network/polkadot-wallet-grant,9.06,cutoff,
dot_marketplace,DELIVERED,3,3,dot_marketplace.md,Open,,5.9125,2.0,11.82,4,,,https://github.com/WowLabz/dot_marketplace_docker,11.82,cutoff,
dot_marketplace-Phase3,DELIVERED,3,3,dot_marketplace-Phase3.md,Open,,2.39,2.0,4.78,5,0.56,,https://github.com/WowLabz/dot-marketplace-v2,4.78,cutoff,2.6685
dot_marketplace_v2,DELIVERED,3,3,dot_marketplace.md,Open,,5.9125,2.0,11.82,4,0.21,,https://github.com/WowLabz/dot-marketplace-v2,4.78,cutoff,2.4835
dotmog,DELIVERED,3,3,dotmog.md,,,1.0,2.0,2.0,15,3.36,,https://github.com/dotmog/SubstrateNetApi,2.00,cutoff,6.728
ElasticLabs_PolakdotAgentKit,DELIVERED,3,1,Lastic.md,,,2.0,,,4,,,https://github.com/elasticlabs-org/polkadot-agent-kit,6.00,commit,16.405
fennel-protocol,DELIVERED,3,3,Fennel_Protocol.md,,,3.0,3.0,9.0,7,0.22,,https://github.com/fennelLabs/Fennel-Protocol,9.00,cutoff,1.956
FIAT-on-off-ramp,DELIVERED,3,2,FIAT-on-off-ramp.md,,,2.0,3.0,6.0,6,0.5,,https://github.com/element36-io/ebics-java-service,9.00,cutoff,3.0021
fidi-dotsight,DELIVERED,3,3,fidi-dotsight-analytics.md,,,3.5,,,0,,,https://github.com/fidi-tech/dotsight,,commit,2.5402
Gafi,DELIVERED,3,3,Gafi.md,,,1.2,11.5,13.8,3,1.12,,https://github.com/cryptoviet/gafi,13.80,cutoff,15.4
hybrid-node-research,DELIVERED,3,0,hybrid_node_research.md,,,2.5,,,0,,,https://github.com/Zondax/mayon,,cutoff,2.7665
invoice,DELIVERED,3,3,decentralized_invoice.md,,,2.0,3.0,6.0,4,0.27,,https://github.com/gertt/Invoice,,cutoff,1.636
lastic,DELIVERED,3,2,Lastic.md,,,2.0,,,4,,,https://github.com/LasticXYZ/squid-sdk,,cutoff,1.5718
load_balanced_endpoints_operations,DELIVERED,3,5,,,,,,,,,,https://github.com/geometry-labs/substrate-meta,,cutoff,
mobile_dapp_connection,DELIVERED,3,3,mobile_dapp_connection.md,,,,,,5,,,https://github.com/tesseract-one/Tesseract.rs,1.66,cutoff,1.759
mobile-game-framework-millestone,DELIVERED,3,3,mobile-game-framework.md,,,2.0,2.76,5.52,17,0.0,verify-frag?,https://github.com/creator-rs/creator,,commit,0.0037
myriad_social,DELIVERED,3,3,myriad_social.md,,,3.0,3.0,9.0,5,0.58,,https://github.com/myriadsocial/myriad-node-parachain,9.00,cutoff,5.2005
NeuroZK,DELIVERED,3,3,NeuroZK.md,,,2.0,6.0,12.0,6,0.13,verify-frag?,https://github.com/Cyborg-Network/cyborg-parachain,12.00,commit,1.5701
nftaa,DELIVERED,3,2,nftaa.md,,,2.0,6.0,12.0,3,,,https://github.com/decenzio/nftaa,12.00,cutoff,
openbrush,DELIVERED,3,3,openbrush.md,,,2.5,1.61,4.03,3,4.74,,https://github.com/727-Ventures/openbrush-contracts,,cutoff,19.121
pallet_supersig_decentration,DELIVERED,3,3,pallet_supersig.md,,,2.0,,,5,,,https://github.com/kabocha-network/pallet_supersig,,cutoff,2.2387
ParaSpell,DELIVERED,3,1,ParaSpell.md,,,1.0,2.0,2.0,3,,,https://github.com/dudo50/ParaSpell,2.00,,
Paraspell-followup,DELIVERED,3,1,ParaSpell_follow-up.md,,,2.0,6.0,12.0,5,0.1,verify-frag?,https://github.com/paraspell/sdk,2.00,commit,1.2009
ParaSpell-followup2,DELIVERED,3,1,ParaSpell_follow-up2.md,,,1.0,2.0,2.0,5,1.22,,https://github.com/paraspell/sdk,2.00,cutoff,2.4353
perun_app_channels,DELIVERED,3,2,perun_app_channels.md,,,2.0,6.0,12.0,11,0.17,,https://github.com/perun-network/perun-polkadot-pallet,9.06,commit,2.056
polkastats,DELIVERED,3,2,polkastats.md,,,,3.0,,10,,,https://github.com/Colm3na/polkastats-backend-v3,,cutoff,1.164
polk-auction,DELIVERED,3,3,polk-auction.md,,,1.7,,,3,,,https://github.com/CrommVardek/polk-auction-core,,cutoff,2.123
pontem-network,DELIVERED,3,3,pontem.md,,,,4.0,,8,,,https://github.com/pontem-network/sp-move,4.00,commit,1.9192
project_aurras_mvp_phase,DELIVERED,3,3,project_aurras_mvp_phase_2.md,,,4.0,,,11,,,https://github.com/HugoByte/aurras,,cutoff,11.153
quadratic-funding,DELIVERED,3,2,quadratic-funding.md,,,4.0,3.0,12.0,8,0.07,verify-frag?,https://github.com/OAK-Foundation/quadratic-funding-pallet,12.00,cutoff,0.8805
quadratic-funding-pallet,DELIVERED,3,2,quadratic-funding.md,,,4.0,3.0,12.0,8,0.12,verify-frag?,https://github.com/zhangjiannan/QFgrant,2.00,cutoff,1.4112
scale-codec-comparator,DELIVERED,3,3,scale-codec-comparator.md,,,1.0,3.5,3.5,12,1.97,,https://github.com/gmajor-encrypt/scale-codec-comparator,,cutoff,6.908
social_recivery_wallet,DELIVERED,3,0,,,,,,,,,,https://github.com/hypha-dao/hashed-wallet,,cutoff,34.595
societal,DELIVERED,3,1,Societal.md,,,3.0,4.0,12.0,3,0.05,verify-frag?,https://github.com/sctllabs/societal-front-end,12.00,cutoff,0.5465
spartan_poc_consensus_module,DELIVERED,3,4,spartan_poc_consensus_module.md,,,2.0,2.76,5.52,4,0.18,,https://github.com/subspace/spartan-codec,,cutoff,1.0
subalfred,DELIVERED,3,3,subalfred.md,,,1.0,1.84,1.84,6,2.52,,https://github.com/hack-ink/subalfred,,cutoff,4.632
tuxedo,DELIVERED,3,2,tuxedo.md,,,1.5,2.07,3.1,3,,,https://github.com/Off-Narrative-Labs/Tuxedo,,cutoff,
WeTEE,DELIVERED,3,2,WeTEE_Network.md,,,2.0,3.5,7.0,3,,,https://github.com/wetee-dao/chain,7.00,cutoff,
whiteflag-on-fennel-protocol,DELIVERED,3,3,Whiteflag-on-Fennel.md,,,2.0,3.0,6.0,8,,,https://github.com/fennelLabs/Fennel-Protocol,9.00,cutoff,
xcm-tools,DELIVERED,3,2,xcm-tools.md,,,1.0,4.5,4.5,9,,,https://github.com/gmajor-encrypt/xcm-tools,,cutoff,
xcm-tools-follow-up,DELIVERED,3,2,xcm-tools-follow-up.md,,,1.0,1.15,1.15,5,,,https://github.com/gmajor-encrypt/xcm-tools,,cutoff,
yatima,DELIVERED,3,3,yatima.md,,,4.0,3.0,12.0,14,,,https://github.com/yatima-inc/yatima,12.00,head,
Aisland-DocSig,DELIVERED,2,2,Aisland-DocSig.md,,,1.5,2.0,3.0,4,0.75,,https://github.com/aisland-dao/docsig,3.00,cutoff,2.2597
anagolay-project-idiyanale-multi-token-community-contributions-for-verified-creators,DELIVERED,2,2,anagolay-project-idiyanale-multi-token-community-contributions-for-verified-creators.md,,,2.0,2.0,4.0,3,,,https://github.com/anagolay/anagolay-chain,,,
BandersnatchVRF,DELIVERED,2,1,BandersnatchVRF.md,,,1.0,,,3,,,https://github.com/Esscrypt/bandersnatch-vrf,,cutoff,2.3628
centrifuge-gsrpc-v2,DELIVERED,2,1,centrifuge-gsrpc-v2.md,,,1.0,,,5,,,https://github.com/centrifuge/go-substrate-rpc-client,,cutoff,29.4571
Cere_Turnkey_Private_Blockchain_Network,DELIVERED,2,0,Cere_Turnkey_Private_Blockchain_Network.md,,,,2.07,,2,,,https://github.com/Cerebellum-Network/private-standalone-network-node,,cutoff,0.9559
Cogency,DELIVERED,2,2,,,,,,,,,,https://github.com/CogencyWeb3/Web3MediaPilot,,cutoff,
Contract_wizard,DELIVERED,2,1,Contract_wizard.md,,,2.5,3.0,7.5,7,1.92,,https://github.com/protofire/polkadot-contract-wizard,7.50,cutoff,14.416
CoongWallet,DELIVERED,2,1,coong_wallet.md,,,1.5,5.0,7.5,4,1.35,,https://github.com/CoongCrafts/coong-wallet,7.50,cutoff,10.112
Dante_Network,DELIVERED,2,2,Dante_Network.md,,,3.0,6.0,18.0,4,0.07,verify-frag?,https://github.com/dantenetwork/protocol-stack-for-ink,18.00,cutoff,1.246
daos,DELIVERED,2,1,daos.md,,,6.0,2.0,12.0,3,0.32,,https://github.com/daos-org/daos,12.00,cutoff,3.8614
Deitos_Network,DELIVERED,2,2,Deitos_Network.md,,,3.0,2.76,8.28,3,0.03,verify-frag?,https://github.com/Deitos-Network/deitos-ip,,cutoff,0.285
delightfuldot,DELIVERED,2,1,delightfuldot.md,,,2.0,4.5,9.0,5,1.18,,https://github.com/CoongCrafts/delightfuldot,9.00,cutoff,10.603
DIA_Bridgestate,DELIVERED,2,2,,,,,,,,,,https://github.com/diadata-org/bridgestate-ocw,,cutoff,1.6835
dotflow,DELIVERED,2,2,Dotflow.md,,,1.5,,,6,,,https://github.com/TheDotflow/dotflow-ink,,cutoff,1.365
dotnix,DELIVERED,2,2,dotnix.md,,,1.0,2.0,2.0,8,,,https://github.com/sporyon/dotnix-core,,cutoff,
dotnix_followup,DELIVERED,2,2,dotnix-follow-up.md,,,2.0,,,11,,,https://github.com/sporyon/dotnix-core,,commit,
dotpulse,DELIVERED,2,2,DotPulse.md,,,3.0,1.84,5.52,7,0.15,,https://github.com/CrossChainLabs-DOT/dotpulse-api,,cutoff,0.844
eightfish,DELIVERED,2,1,eightfish.md,,,2.0,2.0,4.0,8,1.06,,https://github.com/eightfish-org/eightfish,4.00,cutoff,4.2234
faterium,DELIVERED,2,2,faterium.md,,,5.0,1.61,8.05,9,0.27,,https://github.com/faterium/faterium-node,,cutoff,2.1986
galaxy,DELIVERED,2,1,galaxy.md,,,1.0,1.0,1.0,6,1.75,,https://github.com/7flash/galaxy-polkadot,1.00,commit,1.7518
hamster-millestone,DELIVERED,2,2,hamster.md,,,4.0,2.0,8.0,5,0.53,,https://github.com/hamster-shared/hamster,8.00,cutoff,4.268
Hyperdot,DELIVERED,2,2,Hyperdot.md,,,3.0,3.0,9.0,4,0.58,,https://github.com/Infra3-Network/hyperdot-node,,cutoff,5.1913
imbue_network,DELIVERED,2,2,imbue_network.md,,,3.0,,,2,,,https://github.com/imbuenetwork/imbue,0.00,cutoff,3.596
infimum,DELIVERED,2,2,infimum.md,,,0.0,6.0,,5,,,https://github.com/rhysbalevicius/infimum,0.00,cutoff,49.425
ink-boxes,DELIVERED,2,2,ink-boxes.md,,,,0.92,,1,,,https://github.com/nerdsince98/ink-boxes,,cutoff,31.4284
ink-explorer,DELIVERED,2,2,ink-explorer.md,,,2.0,4.0,8.0,5,0.41,,https://github.com/blockcoders/ink-substrate-explorer-api,18.00,cutoff,3.2658
ink-playground,DELIVERED,2,2,ink-playground-ide-improvements.md,,,3.0,,,3,,,https://github.com/Zeeve-App/ink-playground,,commit,7.42
inkscope-fuzzer,DELIVERED,2,1,inkscope-fuzzer.md,,,1.5,3.0,4.5,8,0.79,,https://github.com/inkscopexyz/inkscope-fuzzer,4.50,cutoff,3.5619
ink-smart-contract-wizard,DELIVERED,2,0,ink-smart-contract-wizard.md,,,,0.92,,1,,,https://github.com/avirajkhare00/ink-wizard,2.00,cutoff,0.425
InvArch,DELIVERED,2,2,InvArch.md,,,2.5,,,4,,,https://github.com/InvArch/InvArch-Pallet-Library,,cutoff,2.81
iris,DELIVERED,2,3,iris.md,,,1.5,3.22,4.83,6,,,https://github.com/iridium-labs/iris-docs,,cutoff,
ISO8583,DELIVERED,2,2,ISO-8583-implementation.md,,,1.0,4.0,4.0,10,,,https://github.com/adit313/ISO8583-Blockchain-Integration-Plan,4.00,head,
iso_8583_PoC,DELIVERED,2,2,,,,,,,,,,https://github.com/subclone/payment-processor,4.00,cutoff,3.781
lastic-price-simulator-milestione,DELIVERED,2,1,Lastic.md,,,2.0,,,4,,,https://github.com/LasticXYZ/price-simulation,,cutoff,0.4106
liberland,DELIVERED,2,2,liberland.md,,,3.0,5.0,15.0,5,4.3,,https://github.com/liberland/liberland_substrate,15.00,cutoff,64.49
lip_payments,DELIVERED,2,3,lip_payments.md,,,1.5,,,4,,,https://github.com/virto-network/virto-node,,commit,2.534
massbit_route,DELIVERED,2,1,massbit_route.md,,,6.0,2.0,12.0,8,,,https://github.com/massbitprotocol/massbitroute,12.00,cutoff,
migrationEase,DELIVERED,2,2,MigrationEase.md,,,2.7,,,0,,,https://github.com/Zondax/polkadot-web-migration,,cutoff,42.478
multisignature_management_tool,DELIVERED,2,2,multisignature_management_tool.md,,,,,,2,,,https://github.com/itering/subscan-multisig-ui,,commit,1.6243
native-bitcoin-vaults,DELIVERED,2,1,native-bitcoin-vaults.md,,,2.0,3.0,6.0,8,0.28,,https://github.com/hashed-io/native-bitcoin-vaults-UI,6.00,cutoff,1.7087
new_bls12_hash_function,DELIVERED,2,2,new_bls12_hash_function.md,,,1.0,6.0,6.0,4,,,https://github.com/dishport/Indifferentiable-hashing-to-ordinary-elliptic-curves-of-j-0-with-the-cost-of-one-exponentiation,6.00,cutoff,
nft_explorer,DELIVERED,2,2,nft_explorer.md,,,2.0,2.5,5.0,5,0.27,,https://github.com/uni-arts-chain/evm-nft-tracker,5.00,cutoff,1.327
Omniverse_DLT,DELIVERED,2,1,Omniverse DLT.md,,,3.0,4.0,12.0,4,,,https://github.com/Omniverse-Web3-Labs/Omniverse-DLT-Introduction,12.00,cutoff,
On_chain_cash_exchange,DELIVERED,2,0,on-chain-cash.md,,,4.0,2.0,8.0,3,0.04,verify-frag?,https://github.com/bsn-si/ocex-smartcontract,8.00,cutoff,0.3419
p2p_state_channels,DELIVERED,2,2,P2PStateChannels.md,,,,3.0,,0,,,https://github.com/peer3to/state-channels-plus,,cutoff,2.9863
perun_channels,DELIVERED,2,3,perun_channels.md,,,,,,4,,,https://github.com/perun-network/perun-polkadot-pallet,9.06,cutoff,
php-rpc-lib-follow-up,DELIVERED,2,2,php-rpc-lib-follow-up.md,,,1.0,1.5,1.5,4,1.52,,https://github.com/gmajor-encrypt/php-substrate-api,,cutoff,2.2869
php-scale-lib,DELIVERED,2,2,php-scale-lib.md,,,,1.84,,2,,,https://github.com/gmajor-encrypt/php-scale-codec,,cutoff,2.6521
polkadot-contract-wizard,DELIVERED,2,1,polkadot-contract-wizard.md,,,2.0,4.0,8.0,10,1.8,,https://github.com/protofire/polkadot-contract-wizard,7.50,cutoff,14.416
polkakey,DELIVERED,2,2,PolkaKey.md,,,,0.69,,2,,,https://github.com/w3finance/PolkaKey,,commit,0.7996
polket_toearnfun,DELIVERED,2,2,polket_toearnfun.md,,,4.0,4.0,16.0,3,0.46,,https://github.com/polketio/polket-node,16.00,cutoff,7.3124
Profond,DELIVERED,2,2,Profond.md,,,2.0,,,1,,,https://github.com/profondHQ/profond-psp22-contract,,cutoff,0.2886
prosopo,DELIVERED,2,2,prosopo.md,,,2.0,5.0,10.0,6,0.36,,https://github.com/prosopo-io/provider,,cutoff,3.576
qrucial_dao,DELIVERED,2,1,QRUCIAL_DAO.md,,,0.7,4.0,2.8,6,2.83,,https://github.com/Qrucial/QRUCIAL-DAO,,cutoff,7.921
regionx,DELIVERED,2,2,RegionX.md,,,2.0,4.0,8.0,4,0.26,,https://github.com/RegionX-Labs/RegionX,,cutoff,2.051
relaycode,DELIVERED,2,2,relaycode.md,,,2.0,2.0,4.0,3,3.56,,https://github.com/itsyogesh/relaycode,4.00,cutoff,14.2229
Rubeus_keeper,DELIVERED,2,2,RubeusKeeper.md,,,3.0,,,4,,,https://github.com/bsn-si/rubeus-smartcontract,4.00,cutoff,0.9566
Rubeus_keeper_st2,DELIVERED,2,2,Rubeus_keeper_st2.md,,,2.0,2.0,4.0,6,0.34,,https://github.com/bsn-si/rubeus-smartcontract,4.00,cutoff,1.3445
ruby,DELIVERED,2,1,,,,,,,,,,https://github.com/rubyprotocol/documents,6.00,cutoff,
SaaS3,DELIVERED,2,1,SaaS3.md,,,2.0,3.0,6.0,8,0.11,verify-frag?,https://github.com/SaaS3-Foundation/dRuntime-fat,6.00,cutoff,0.671
saito-gamebridge,DELIVERED,2,2,,,,,,,,,,https://github.com/SaitoTech/saito-crypto-api-modules,,commit,0.0264
signac,DELIVERED,2,2,signac.md,,,1.0,,,3,,,https://github.com/digitalnativeinc/signac,,cutoff,2.327
skyekiwi-protocol,DELIVERED,2,2,skyekiwi-protocol.md,,,2.0,4.0,8.0,3,0.21,,https://github.com/skyekiwi/skyekiwi-protocol,8.00,commit,1.688
slothunter,DELIVERED,2,1,slothunter.md,,,1.0,1.15,1.15,4,1.68,,https://github.com/hack-ink/slothunter,,cutoff,1.9267
Solang-developer-experience-improvements,DELIVERED,2,1,Solang_developer_experience_improvements.md,,,0.5,,,1,,,https://github.com/hyperledger/solang,,cutoff,131.3295
solidity-verifier-for-accountable-light-client,DELIVERED,2,1,solidity-verifier-for-accountable-light-client.md,,,2.0,6.0,12.0,6,3.83,,https://github.com/ethereum/EIPs,,cutoff,45.923
SpellRouter_Milestone,DELIVERED,2,2,,,,,,,,,,https://github.com/paraspell/xcm-router,,,
sr25519_donna,DELIVERED,2,2,sr25519_donna.md,,,,0.92,,4,,,https://github.com/TerenceGe/sr25519-donna,,cutoff,8.0546
storageHub,DELIVERED,2,2,StorageHub.md,,,2.5,2.0,5.0,3,0.58,,https://github.com/Moonsong-Labs/storage-hub-runtime-poc,,cutoff,2.905
subauction,DELIVERED,2,2,subauction.md,,,2.0,3.0,6.0,4,3.72,,https://github.com/galacticcouncil/Basilisk-node,,cutoff,22.3358
SubRelay,DELIVERED,2,1,subrelay.md,varchar,,1.5,5.0,7.5,3,1.55,,https://github.com/subrelay/subrelay-api,7.50,cutoff,11.6488
subsmt,DELIVERED,2,2,subsmt.md,,,3.0,2.0,6.0,4,0.41,,https://github.com/farcloud-labs/subsmt,6.00,cutoff,2.481
substrate_evm_adapter,DELIVERED,2,2,substrate-evm-adapter.md,,,1.0,3.45,3.45,6,,,https://github.com/subclone/subeth,,cutoff,
substrate-molochdao,DELIVERED,2,2,,,,,,,,,,https://github.com/DoraFactory/Substrate-Moloch-V1,,cutoff,
Substrate_Move_System_Pallet,DELIVERED,2,1,Substrate_Move_System_Pallet_1.md,,,2.0,1.0,2.0,7,,,https://github.com/eigerco/substrate-move,4.00,cutoff,
substrate_startkit_GUI,DELIVERED,2,1,substrate_startkit_GUI.md,,,2.5,2.0,5.0,4,,,https://github.com/MVPWorkshop/substrate-startkit-gui-api,5.00,cutoff,
substrate-tutorials,DELIVERED,2,2,substrate-tutorials.md,,,0.0,4.0,,1,,,https://github.com/rusty-crewmates/substrate-tutorials,,cutoff,
subwallet,DELIVERED,2,2,subwallet.md,,,,1.84,,1,,,https://github.com/yxf/subwallet,,cutoff,
subxtpy,DELIVERED,2,2,subxt-python.md,,,1.0,2.0,2.0,4,,,https://github.com/philoniare/subxtpy,6.00,cutoff,
supersig_fellowship,DELIVERED,2,1,supersig_fellowship.md,,,2.0,,,3,,,https://github.com/decentration/pallet_supersig,,cutoff,
SwarmNL,DELIVERED,2,2,swarm-nl.md,,,1.0,3.0,3.0,4,,,https://github.com/algorealmInc/SwarmNL,3.00,cutoff,
swift_api,DELIVERED,2,2,,,,,,,,,,https://github.com/tesseract-one/Substrate.swift,,cutoff,
Threshold_Signature,DELIVERED,2,2,ThresholdSignature.md,,,1.0,1.0,1.0,5,,,https://github.com/Fiono11/cli,1.00,cutoff,
tokeneconomics-survey,DELIVERED,2,0,,,,,,,,,,https://github.com/taqtiqa-mark/tokenomics-survey-2022,,cutoff,
typechain-polkadot-follow-up,DELIVERED,2,2,typechain-polkadot-follow-up.md,,,2.0,,,2,,,https://github.com/727-Ventures/typechain-polkadot,,cutoff,
typechain_revived,DELIVERED,2,2,typechain_revived.md,,,3.0,,,5,,,https://github.com/C-Forge/typechain-polkadot,,commit,
typink,DELIVERED,2,2,typink.md,,,1.5,3.0,4.5,5,,,https://github.com/dedotdev/typink,4.50,cutoff,
universaldot.me,DELIVERED,2,2,universaldot-me.md,,,2.5,4.0,10.0,4,,,https://github.com/UniversalDot/pallets,10.00,cutoff,
validated_streams,DELIVERED,2,2,validated-streams.md,,,1.0,3.0,3.0,11,,,https://github.com/comrade-coop/validated-streams,3.00,cutoff,
Validator_Monitoring_Service,DELIVERED,2,1,Validator_Monitoring_Service.md,,,1.5,2.0,3.0,9,,,https://github.com/p2p-org/polkadot_monitoring_service,3.00,cutoff,
wasm-opt-for-rust,DELIVERED,2,0,wasm-opt-for-rust.md,,,0.4,,,4,,,https://github.com/brson/wasm-opt-rs,,cutoff,
Web3Go,DELIVERED,2,2,Web3Go.md,,,2.0,3.0,6.0,5,,,https://github.com/web3go-xyz/web3go-xyz-v2,6.00,cutoff,
xcm-sdk,DELIVERED,2,1,xcm-sdk.md,,,2.0,3.0,6.0,7,,,https://github.com/blockcoders/xcm-sdk,18.00,cutoff,
xcnft,DELIVERED,2,2,xcNFT.md,,,1.0,6.0,6.0,4,,,https://github.com/paraspell-research/xcnft-pallet,6.00,commit,
zeeve_larch,DELIVERED,2,2,,,,,,,,,,https://github.com/Zeeve-App/larch,,commit,
ZK-Snarks_with_Substrate_tutorial,DELIVERED,2,0,,,,,,,,,,https://github.com/bright/zk-snarks-with-substrate,,cutoff,
zkwasm-rollups-transfer,DELIVERED,2,1,zkwasm-rollups-transfer.md,,,2.0,5.0,10.0,5,,,https://github.com/KogarashiNetwork/Kogarashi,10.00,cutoff,
admeta,DELIVERED,1,1,AdMeta.md,,,2.0,1.0,2.0,6,1.2,,https://github.com/AdMetaNetwork/admeta,2.00,commit,2.3988
agridot,DELIVERED,1,1,AgriDot.md,,,1.0,4.0,4.0,3,0.44,,https://github.com/kacena123/AgriDot,4.00,commit,1.7509
anagolay-project-idiyanale-phase,DELIVERED,1,2,anagolay-project-idiyanale-phase-1.md,,,2.0,2.0,4.0,3,,,https://github.com/anagolay/w3f-grant-support-repo,,cutoff,
assemblyscript-scale-codec,DELIVERED,1,1,assemblyscript-scale-codec.md,,,1.5,,,0,,,https://github.com/LimeChain/as-scale-codec,,cutoff,1.3989
canyon_network_phrase,DELIVERED,1,1,canyon_network.md,,,1.0,1.5,1.5,4,3.02,,https://github.com/canyon-network/canyon,1.50,cutoff,4.5296
chainviz,DELIVERED,1,1,chainviz.md,,,0.2,8.0,1.6,7,4.35,,https://github.com/helikon-labs/chainviz,1.60,cutoff,6.963
choko-wallet,DELIVERED,1,1,choko_wallet.md,,,5.0,3.0,15.0,7,0.33,,https://github.com/choko-wallet/wallet-app,15.00,cutoff,4.972
clover_january21,DELIVERED,1,0,,,,,,,,,,https://github.com/clover-network/clover,34.50,cutoff,22.9075
CosmWasmVM_CoreProduct,DELIVERED,1,0,CosmWasmVM-CoreProduct.md,,,1.0,,,1,,,https://github.com/CosmWasm/cosmwasm,,cutoff,46.7153
cryptolab-staking-reward-collector-front-end,DELIVERED,1,1,cryptolab-staking-reward-collector-front-end.md,,,1.0,,,3,,,https://github.com/cryptolab-network/chain-data-collector,,cutoff,1.997
cyborg,DELIVERED,1,1,Cyborg.md,,,2.0,2.0,4.0,3,0.39,,https://github.com/Cyborg-Network/cyborg-parachain,4.00,commit,1.5701
datdot,DELIVERED,1,1,,,,,,,,,,https://github.com/playproject-io/datdot-service,,cutoff,1.335
Decentralised_Security_Marketplace,DELIVERED,1,2,Security_Marketplace.md,,,4.0,,,1,,,https://github.com/ParthChaudhary31/Security_Marketplace_Smartcontract,,cutoff,1.2231
democratic-governance,DELIVERED,1,1,democratic-governance-1.md,,,0.4,1.0,0.4,9,39.69,verify-bloat?,https://github.com/encointer/pallets,,cutoff,15.8779
Diffy_messenger_st1_ms1,DELIVERED,1,0,,,,,,,,,,https://github.com/Belsoft-rs/diffychat-pallet,,cutoff,0.0851
Diffy_messenger_st1_ms2,DELIVERED,1,0,,,,,,,,,,https://github.com/Belsoft-rs/diffychat-pallet,,cutoff,0.3225
DistrubutedKeyManagement,DELIVERED,1,1,,,,,,,,,,https://github.com/KryptikApp/sword,,head,
dot-login,DELIVERED,1,1,dot-login.md,,,3.0,6.0,18.0,5,0.02,verify-frag?,https://github.com/singkeo/dot-login,18.00,cutoff,0.32
dotly,DELIVERED,1,1,dotly.md,,,1.0,2.0,2.0,8,1.77,,https://github.com/justmert/dotly-backend,2.00,cutoff,3.533
eiger-PNS,DELIVERED,1,0,,,,,,,,,,https://github.com/eigerco/polkadot-native-storage,,cutoff,0.3018
eliza-plugin-dot,DELIVERED,1,1,eliza-plugin-dot.md,,,1.5,1.0,1.5,3,0.89,,https://github.com/ChainSupport/eliza-plugin-dot,1.50,cutoff,1.3345
ElizaPolkadotPlugin,DELIVERED,1,2,,,,,,,,,,https://github.com/elizaOS/eliza,1.50,cutoff,
epirus_substrate_explorer,DELIVERED,1,1,epirus_substrate_explorer.md,,,2.0,2.0,4.0,3,2.79,,https://github.com/web3labs/epirus-substrate,6.00,cutoff,11.145
epirus_substrate_explorer-phase2,DELIVERED,1,1,epirus_substrate_explorer.md,,,2.0,2.0,4.0,3,3.46,,https://github.com/web3labs/epirus-substrate,6.00,cutoff,13.85
Faceless,DELIVERED,1,2,faceless.md,,,3.0,2.0,6.0,5,0.14,verify-frag?,https://github.com/HeisenbergLin22/Faceless_milestone2_delivery,6.00,cutoff,0.8686
faceless_delivery,DELIVERED,1,2,faceless.md,,,3.0,2.0,6.0,5,0.33,,https://github.com/HeisenbergLin22/Faceless_milestone1,6.00,cutoff,1.9827
FuturProtocol,DELIVERED,1,1,,,,,,,,,,https://github.com/RELAI-Network/relai-network,,cutoff,1.7154
grant_management_webapp,DELIVERED,1,1,Grant_management_webapp.md,,,3.0,1.84,5.52,4,0.56,,https://github.com/antiers-solutions/gmw-frontend,,cutoff,3.0865
halva_bootstrapping,DELIVERED,1,1,halva_bootstrapping.md,,,1.5,0.46,0.69,3,2.55,,https://github.com/halva-suite/halva,,cutoff,1.7599
hex-space-social-graph,DELIVERED,1,1,,,,,,,,,,https://github.com/rust-0x0/hex-space-protocol-substrate,1.00,cutoff,2.317
identics_identity_indexer,DELIVERED,1,0,,,,,,,,,,https://github.com/vikiival/identics,6.00,cutoff,7.6199
Intersetellar-network-WP2,DELIVERED,1,0,,,,,,,,,,https://github.com/Interstellar-Network/lib_circuits,,cutoff,3.056
iris_milestone-delivery,DELIVERED,1,0,,,,,,,,,,https://github.com/iridium-labs/ui,,cutoff,0.605
ismp-milestone-delivery,DELIVERED,1,0,,,,,,,,,,https://github.com/polytope-labs/ismp,6.00,cutoff,
Iunokit,DELIVERED,1,0,,,,,,,,,,https://github.com/Luno-lab/LunoKit,6.00,cutoff,12.9049
Knowledge-Oriented-Framework,DELIVERED,1,2,Knowledge-Oriented-Framework.md,,,1.0,,,0,,,https://github.com/mobr-ai/POnto,0.85,cutoff,22.126
Kodadot_assethub_nft_indexer,DELIVERED,1,0,kodadot_assethub_nft_indexer_statemine_statemint.md,,,2.0,,,5,,,https://github.com/kodadot/stick,,cutoff,7.8483
kodadot_atomic_swap_indexer,DELIVERED,1,0,,,,,,,,,,https://github.com/kodadot/stick,,cutoff,8.5833
KSM-embeddable-tip-or-donate-button,DELIVERED,1,2,KSM-embeddable-tip-or-donate-button.md,,,4.0,2.0,8.0,3,0.02,verify-frag?,https://github.com/Shard-Labs/kusama-tips-widget,,cutoff,0.1921
LedgerAssetsApp_G6_1,DELIVERED,1,0,,,,,,,,,,https://github.com/Zondax/ledger-statemint,,cutoff,9.4825
ledgerUpgrade,DELIVERED,1,1,ledgerUpgrade.md,,,1.5,,,1,,,https://github.com/Zondax/ledger-polkadot,,cutoff,3.192
LightSpell,DELIVERED,1,1,LightSpell-proposal.md,,,1.0,2.0,2.0,4,,,https://github.com/paraspell/xcm-api,5.00,,
lunokit,DELIVERED,1,1,LunoKit.md,,,2.0,3.0,6.0,4,2.02,,https://github.com/Luno-lab/LunoKit,6.00,cutoff,12.1448
ocelloids_xcm_monitoring_service,DELIVERED,1,1,ocelloids_xcm_monitoring_service.md,,,2.0,2.0,4.0,3,1.49,,https://github.com/sodazone/xcm-monitoring,4.00,cutoff,5.9557
offline_elction_tool,DELIVERED,1,0,,,,,,,,,,https://github.com/antiers-solutions/polkadot-staking-miner,,cutoff,6.0937
openPayroll,DELIVERED,1,1,openPayroll.md,,,2.0,4.0,8.0,7,0.2,,https://github.com/polkadrys/openPayroll,8.00,cutoff,1.607
openrollup-mvp-phase,DELIVERED,1,1,openrollup-mvp-phase-1.md,,,1.5,7.5,11.25,3,0.13,verify-frag?,https://github.com/open-rollup/pallet-open-rollup,11.25,cutoff,1.4524
OpenSquare_offchain_voting,DELIVERED,1,1,OpenSquare-offchain-voting.md,,,3.0,,,1,,,https://github.com/opensquare-network/collaboration,,cutoff,9.28
OpenSquare_paid_qa,DELIVERED,1,1,OpenSquare_paid_qa_protocol.md,,,5.0,1.38,6.9,3,2.82,,https://github.com/opensquare-network/paid-qa,,cutoff,19.4713
orochi-network-orosign-part1,DELIVERED,1,1,orochi-network-orosign-part1.md,,,2.0,,,1,,,https://github.com/orochi-network/orochi-networkhub.io,,,
pallet-verifier,DELIVERED,1,1,pallet-verifier.md,,,1.0,4.0,4.0,12,5.78,,https://github.com/davidsemakula/pallet-verifier,,cutoff,23.129
PANIC,DELIVERED,1,1,panic.md,,,3.0,,,6,,,https://github.com/SimplyVC/panic,3.00,cutoff,157.744
paraport,DELIVERED,1,1,paraport_m1.md,,,2.0,3.0,6.0,4,,,https://github.com/paraportxyz/app,6.00,,
patron,DELIVERED,1,1,patron.md,,,3.0,,,0,,,https://github.com/Brushfam/patron-backend,,cutoff,5.9727
php-substrate-api,DELIVERED,1,4,php-substrate-api.md,,,2.0,,,5,,,https://github.com/neha0921/substrate-interface-package,,cutoff,2.8493
polkadotjs-ecdsa-hardware,DELIVERED,1,2,polkadotjs-ecdsa.md,,,,0.46,,3,,,https://github.com/gluneau/polkadotjs-ecdsa-hardware,,cutoff,
polkadot-js-plus-nomination-pools,DELIVERED,1,1,,,,,,,,,,https://github.com/Nick-1979/polkadot-Js-Plus-extension,9.00,cutoff,34.6191
Polkadot-Protocol-Conformance-Tests,DELIVERED,1,0,Polkadot-Protocol-Conformance-Tests.md,,,2.0,,,6,,,https://github.com/LimeChain/polkadot-conformance,,cutoff,
polkadot-runtime-releaser,DELIVERED,1,1,polkadot-runtime-releaser.md,,,1.0,1.84,1.84,5,0.45,,https://github.com/hack-ink/polkadot-runtime-releaser,,cutoff,0.825
polkadot_tests,DELIVERED,1,0,polkadot_tests.md,,,2.5,,,4,,,https://github.com/Zondax/polkadot-testing,,cutoff,
Polkadot_Web_UI,DELIVERED,1,1,Polkadot_Web_UI.md,,,0.62,1.15,0.71,3,0.62,,https://github.com/RidOne-technologies/polkadot-angular-identicon,,cutoff,0.438
PolkaFlow,DELIVERED,1,1,polkaflow.md,,,1.0,2.0,2.0,7,1.8,,https://github.com/justmert/eco-flow-frontend,2.00,cutoff,3.5943
polkamask,DELIVERED,1,1,polkamask.md,,,2.0,3.0,6.0,5,0.37,,https://github.com/PolkaGate/polkaMask,6.00,cutoff,2.221
polkashots,DELIVERED,1,1,polkashots.md,,,0.5,,,3,,,https://github.com/midl-dev/polkadot-snapshot-generator,,cutoff,0.168
preparing-polkadot-pallet-balances-for-formal-verification,DELIVERED,1,0,Preparing Polkadot pallet_balances for Formal Verification.md,,,1.25,1.0,1.25,4,,,https://github.com/.../preparing-polkadot-pallet-balances-for-formal-verification.md,,,
research-feasibility-go-runtime,DELIVERED,1,1,research-feasibility-go-runtime.md,,,2.0,,,10,,,https://github.com/limechain/gosemble,,cutoff,0.6511
research-feasibiliy-java-host,DELIVERED,1,0,research-feasibiliy-java-host.md,,,2.0,,,13,,,https://github.com/LimeChain/java-host-research,,cutoff,
sarp-basic-functionality,DELIVERED,1,0,sarp-basic-functionality.md,,,0.0,,,5,,,https://github.com/scs/MIRAI,,cutoff,36.733
Security_Marketplace,DELIVERED,1,2,Security_Marketplace.md,,,4.0,,,1,,,https://github.com/ParthChaudhary31/Security_Marketplace_Backend,,cutoff,4.8132
sequester,DELIVERED,1,1,sequester.md,,,,1.15,,2,,,https://github.com/SequesterChain/pallets,,cutoff,0.829
silent_data,DELIVERED,1,1,project_silentdata.md,,,2.5,,,2,,,https://github.com/appliedblockchain/silentdata-node-public,,cutoff,0.1435
sirato-substrate-explorer-phase3,DELIVERED,1,1,,,,,,,,,,https://github.com/web3labs/epirus-substrate,6.00,cutoff,16.386
skynet-substrate-integration,DELIVERED,1,1,skynet-substrate-integration.md,,,0.1875,8.0,1.5,3,0.94,,https://github.com/SkynetLabs/skynet-substrate,1.50,cutoff,1.4149
solidity-trie-verifier,DELIVERED,1,0,solidity-trie-verifier.md,,,2.5,1.38,3.45,6,0.74,,https://github.com/polytope-labs/solidity-merkle-trees,13.50,cutoff,2.546
ssal,DELIVERED,1,1,,,,,,,,,,https://github.com/MatteoPerona/ssal_commods,5.00,cutoff,0.4973
starks_network,DELIVERED,1,1,starks_network.md,,,3.0,1.0,3.0,4,7.22,,https://github.com/gbctech/starks-node,3.00,cutoff,21.664
Stylograph,DELIVERED,1,2,Stylograph.md,,,3.0,,,2,,,https://github.com/deep-ink-ventures/genesis-dao-node,,cutoff,4.9454
subscript_lang,DELIVERED,1,1,subscript_lang.md,,,2.0,2.0,4.0,3,0.18,,https://github.com/ascontract/subscript,4.00,cutoff,0.706
substrate_core_polywrapper,DELIVERED,1,2,substrate_core_polywrapper.md,,,2.0,1.0,2.0,11,17.11,verify-bloat?,https://github.com/polywrap/integrations,2.00,cutoff,34.226
subvt_telegram_bot-milestones-1-and,DELIVERED,1,0,subvt-telegram-bot.md,,,0.33,3.0,0.99,4,,,https://github.com/helikon-labs/subvt,0.99,cutoff,
sunshine-keybase,DELIVERED,1,1,sunshine-keybase.md,,,2.0,,,5,,,https://github.com/sunshine-protocol/sunshine-keybase,,cutoff,
t3rn-xbi,DELIVERED,1,0,,,,,,,,,,https://github.com/t3rn/xbi,,head,
TREX_Network,DELIVERED,1,1,TREX_Network.md,,,2.0,,,10,,,https://github.com/NexTokenTech/TREX,,cutoff,
upgradeability,DELIVERED,1,1,upgradeability-by-proxy.md,,,0.5,,,1,,,https://github.com/trustfractal/ink-upgrade-template,,cutoff,
validators_selection,DELIVERED,1,0,validators_selection.md,,,1.0,,,0,,,https://github.com/miepsik/validators_selection,,cutoff,
validators_selection1,DELIVERED,1,0,validators_selection.md,,,1.0,,,0,,,https://github.com/miepsik/validators_selection,,cutoff,
walt-id_nft-infra,DELIVERED,1,0,walt-id_nft-infra.md,,,6.0,,,2,,,https://github.com/walt-id/waltid-nftkit,,cutoff,
webb_extended_mixer,DELIVERED,1,0,MIXER.md,,,3.0,1.0,3.0,3,,,https://github.com/webb-tools/webb-dapp,,cutoff,
Webb_Mixer,DELIVERED,1,2,MIXER.md,,,3.0,1.0,3.0,3,,,https://github.com/webb-tools/anon,20.00,cutoff,
Webb_Mixer_Extended,DELIVERED,1,2,MIXER.md,,,3.0,1.0,3.0,3,,,https://github.com/webb-tools/anon,20.00,cutoff,
Zaturn_generic-attestable-oracle-parachain,DELIVERED,1,3,,,,,,,,,,https://github.com/Acurast/acurast-substrate,,cutoff,
ZeroDAO_Network-millestone,DELIVERED,1,1,ZeroDAO_Network.md,,,3.5,1.61,5.64,4,,,https://github.com/ZeroDAO/ZeroDAO-node,,cutoff,
zk-plonk,DELIVERED,1,1,zk-plonk.md,,,1.0,3.0,3.0,4,,,https://github.com/AstarNetwork/plonk,13.00,cutoff,
zk-rollups,DELIVERED,1,1,zk-rollups.md,,,1.0,3.0,3.0,5,,,https://github.com/PlasmNetwork/ZKRollups,3.00,cutoff,
psc,no_delivery_found,0,0,psc.md,,,1.5,1.38,2.07,5,3.89,,https://github.com/OmniBTC/PSC,,cutoff,8.056
tdot,REJECT_terminated,3,3,tdot.md,Terminated,Y,2.0,0.92,1.84,0,,,https://github.com/nutsfinance/stable-asset,,cutoff,
MeProtocol,REJECT_terminated,2,2,MeProtocol.md,Terminated,Y,2600.0,5.0,13000.0,0,0.0,verify-frag?,https://github.com/Me-Protocol/rusty-protocol-v0.1,13000.00,cutoff,20.708
polkaj_android_support,REJECT_terminated,2,2,polkaj_android_support.md,Terminated,Y,1.0,3.0,3.0,0,2.6,,https://github.com/emeraldpay/polkaj,60.00,cutoff,7.806
CILA-omnichain-infrastructure,REJECT_terminated,1,2,CILA-omnichain-infrastructure.md,Terminated,Y,2.0,3.0,6.0,2,0.33,,https://github.com/Collective-Intelligence-Labs/cila-substrate,6.00,cutoff,1.982
cScale,REJECT_terminated,1,1,cScale.md,Terminated,Y,1.0,1.0,1.0,2,3.48,,https://github.com/MatthewDarnell/cScale,,cutoff,3.4773
Datagen_Project,REJECT_terminated,1,0,Datagen_Project.md,Terminated,Y,2.0,5.0,10.0,1,0.36,,https://github.com/Datagen-Project/Datagen-Substrate-Grant,10.00,cutoff,3.582
deip,REJECT_terminated,1,2,deip.md,Terminated,Y,4.5,2.0,9.0,0,,,https://github.com/DEIPworld/deip-polkadot,9.00,,
nft_collectibles_wallet,REJECT_terminated,1,1,nft_collectibles_wallet.md,Terminated,Y,2.1,1.61,3.38,2,0.31,,https://github.com/GamePowerNetwork/gamepower-module-library,,cutoff,1.0456
pacificstore,REJECT_terminated,1,1,pacific_store.md,Terminated,Y,1.0,2.76,2.76,1,,,https://github.com/vlbos/pacificstore-node,,cutoff,
pallet_drand_client,REJECT_terminated,1,1,pallet-drand-client.md,Terminated,Y,1.0,2.0,2.0,2,0.21,,https://github.com/random-meat/drand-substrate-client,2.00,cutoff,0.4289
polkamusic,REJECT_terminated,1,1,polkamusic.md,Terminated,Y,4.0,1.84,7.36,2,0.3,,https://github.com/polkamusic/PolkaMusic-Core,,cutoff,2.1918
shadows-network,REJECT_terminated,1,1,shadows-network.md,Terminated,Y,5.0,3.0,15.0,1,0.07,verify-frag?,https://github.com/ShadowsNetwork/shadows,15.00,cutoff,1.0021
staking-rewards-viewer,REJECT_terminated,1,1,staking_rewards.md,Terminated,Y,2.0,2.0,4.0,0,0.4,,https://github.com/jackson-harris-iii/staking-rewards-viewer,4.00,cutoff,1.6084
tribal_protocol,REJECT_terminated,1,1,tribal_protocol.md,Terminated,Y,3.0,4.0,12.0,2,,,https://github.com/tribal-protocol/tribal_contract,12.00,cutoff,
openbrush_follow_up,REJECT_terminated,3,3,openbrush-follow-up.md,Terminated,Y,2.5,2.88,7.2,3,2.35,,https://github.com/Supercolony-net/openbrush-contracts,,cutoff,16.8883
tuxedo-parachain,REJECT_terminated,3,2,tuxedo_parachain.md,Terminated,Y,1.0,2.76,2.76,5,,,https://github.com/Off-Narrative-Labs/Tuxedo,,cutoff,
dao-entrance-phase,REJECT_terminated,2,2,dao-entrance-phase-1.md,Terminated,Y,1.0,4.0,4.0,3,,,https://github.com/dao-entrance/dao-entrance-node,4.00,,
gluon,REJECT_terminated,2,3,Gluon_decentralized_hardware_crypto_wallet_services.md,Cancelled,Y,2.5,5.0,12.5,6,0.37,,https://github.com/tearust/gluon-website,12.50,cutoff,4.6427
identity_directory,REJECT_terminated,2,2,substrate-identity-directory.md,Terminated,Y,3.0,2.76,8.28,4,0.2,,https://github.com/Shard-Labs/identity-directory,,cutoff,1.6417
iris_followup,REJECT_terminated,2,1,iris_followup.md,Terminated,Y,2.5,9.0,22.5,7,0.51,,https://github.com/ideal-lab5/iris,22.50,cutoff,11.465
SEOR-code-less-smart-contract-platform,REJECT_terminated,2,0,SEOR-code-less-smart-contract-platform.md,Terminated,Y,3.0,,,0,,,https://github.com/SealSC/smart-contracts,,cutoff,5.01
spacewalk,REJECT_terminated,2,1,spacewalk-bridge.md,Terminated,Y,0.5,3.0,1.5,4,16.27,verify-bloat?,https://github.com/pendulum-chain/spacewalk,1.50,cutoff,24.4058
substrate_client_java,REJECT_terminated,2,2,substrate_client_java.md,Terminated,Y,2.9,24.0,69.6,3,0.31,,https://github.com/strategyobject/substrate-client-java,,cutoff,21.645
TogetherCrew_Community_health_check,REJECT_terminated,2,2,community-health-check.md,Terminated,Y,6.0,2.3,13.8,4,,,https://github.com/RnDAO/tc-Documentation,,cutoff,
wasmedge_substrate,REJECT_terminated,2,2,wasmedge_substrate.md,Terminated,Y,2.0,3.0,6.0,3,,,https://github.com/WasmEdge/WasmEdge,,cutoff,
wika_network,REJECT_terminated,2,2,wika_network.md,Terminated,Y,1.0,3.0,3.0,4,,,https://github.com/randombishop/wika_etl,3.00,cutoff,
yibanchen,REJECT_terminated,2,3,yiban_chen1.md,Terminated,Y,2.0,2.07,4.14,4,,,https://github.com/YibanChen/yc-node,,,
keysafe_network,REJECT_terminated,1,1,keysafe_network.md,Terminated,Y,3.0,8.0,24.0,3,0.05,verify-frag?,https://github.com/keysafe-protocol/keysafe-app,24.00,cutoff,1.313
manta_network,REJECT_terminated,1,1,manta_network.md,Terminated,Y,3.0,2.76,8.28,5,0.14,verify-frag?,https://github.com/Manta-Network/pallet-manta-dap,,head,1.1951
merkle_tree,REJECT_terminated,1,1,binary_merkle_tree.md,Terminated,Y,2.0,,,0,,,https://github.com/frisitano/merkle-tree-db,,cutoff,1.6872
polkadex,REJECT_terminated,1,1,polkadex.md,Terminated via email,Y,3.5,1.61,5.64,3,0.42,,https://github.com/Polkadex-Substrate/Polkadex,,cutoff,2.363
polkadot_dart,REJECT_terminated,1,1,Polkadot-Dart.md,Terminated,Y,5.3,5.0,26.5,6,0.95,,https://github.com/Pocket4D/Polkadot-Dart,60.00,cutoff,25.2248
queryWeb3,REJECT_terminated,1,1,queryWeb3.md,Terminated,Y,60.0,4.5,270.0,4,0.01,verify-frag?,https://github.com/Query-Web3/database,270.00,cutoff,1.675
rb_substrate_client,REJECT_terminated,1,0,rb_substrate_client.md,Terminated,Y,2.0,0.92,1.84,3,0.16,,https://github.com/uni-arts-chain/sr25519,,cutoff,0.2869
RedStone,REJECT_terminated,1,1,RedStone Network.md,Terminated,Y,2.0,3.0,6.0,5,4.06,,https://github.com/redstone-network/redstone-node,6.00,cutoff,24.331
skyepass,REJECT_terminated,1,1,skyepass.md,Terminated,Y,2.5,3.68,9.2,4,0.09,verify-frag?,https://github.com/skyekiwi/skyepass-vault,,cutoff,0.8562
tellor,REJECT_terminated,1,1,Tellor.md,Terminated,Y,2.0,4.0,8.0,4,,,https://github.com/tellor-io/tellor-parachain-contracts,8.00,commit,
Zkverse,REJECT_terminated,1,1,zkverse.md,Terminated,Y,1.0,2.5,2.5,4,,,https://github.com/Zkvers/substrate-zk,2.50,cutoff,
