project_id,repo_url,application_url,n_delivery_files,planned_fte,planned_duration_months,planned_cost_usd,planned_pm,team_size,sum_milestone_duration_months,n_milestone_fte_mentions,documented_pm_explicit,effort_phrases_raw,status,note
acala-project-bodhi,,,2,,,,,,,,,,NO_REPO,
acala_xtokens,,,2,,,,,,,,,,NO_REPO,
admeta,https://github.com/AdMetaNetwork/admeta,github.com/w3f/Grants-Program/blob/master/applications/AdMeta.md,1,2,1,12000,2.00,,7.0,1,,1 month; 6 month,OK,
Afloat,https://github.com/hashed-io/afloat-client-api,github.com/w3f/Grants-Program/blob/master/applications/Afloat.md,4,2,,46200,,5,5.98,4,,13 week; 5 week; 4 week; 2 week; 2 week,OK,
agridot,https://github.com/kacena123/AgriDot,github.com/w3f/Grants-Program/blob/master/applications/AgriDot.md,1,1,4,10000,4.00,1,8.0,1,,4 month; 4 month,OK,
Aisland-DocSig,https://github.com/aisland-dao/docsig,github.com/w3f/Grants-Program/blob/master/applications/Aisland-DocSig.md,2,1.5,2,9000,3.00,2,4.0,2,,2 month; 1 month; 1 month,OK,
ajuna,https://github.com/ajuna-network/Ajuna.SDK,github.com/w3f/Grants-Program/blob/master/applications/ajuna_network_follow_up.md,4,1,4,25,4.00,6,8.0,4,,4 month; 1 month; 1 month; 1 month; 1 month,OK,
AlgoCash,https://github.com/ReserveLabs/AlgoCash,github.com/w3f/Grants-Program/blob/master/applications/AlgoCash.md,1,1.5,,5000,,3,2.99,1,,24 hour; 15 day; 24 hour; 6 week; 7 week,OK,
anagolay-project-idiyanale-multi-token-community-contributions-for-verified-creators,https://github.com/anagolay/anagolay-chain,github.com/w3f/Grants-Program/blob/master/applications/anagolay-project-idiyanale-phase-1.md,2,2,,27500,,2,1.0,2,,2 month; 5 month; 1 month; 1 month; 3.5 month,OK,
anagolay-project-idiyanale-phase,https://github.com/anagolay/w3f-grant-support-repo,github.com/w3f/Grants-Program/blob/master/applications/anagolay-project-idiyanale-phase-1.md,2,2,,27500,,2,1.0,2,,2 month; 5 month; 1 month; 1 month; 3.5 month,OK,
anchor,https://github.com/ff13dfly/Anchor,github.com/w3f/Grants-Program/blob/master/applications/Anchor.md,1,1,1,6000,1.00,1,2.0,1,,2 month; 1 month; 1 month,OK,
apron-network,https://github.com/Apron-Network/apron-node,github.com/w3f/Grants-Program/blob/master/applications/Apron_Network.md,1,4,3,0,12.00,2,6.0,0,,3 month; 3 month,OK,
ares_protocol,https://github.com/aresprotocols/ares-module,github.com/w3f/Grants-Program/blob/master/applications/ares_protocol.md,1,1.5,,0,,6,1.38,1,,3 week; 3 week,OK,
ArtZero_InkWhale,https://github.com/ArtZero-io/Contracts,github.com/w3f/Grants-Program/blob/master/applications/ArtZero_InkWhale.md,2,5,4,30000,20.00,2,7.68,0,,4 month; 8 week; 8 week,OK,
assemblyscript-scale-codec,https://github.com/LimeChain/as-scale-codec,github.com/w3f/Grants-Program/blob/master/applications/Subsembly-GRANDPA.md,1,1.5,,45540,,3,,3,,,OK,
asylum,,,3,,,,,,,,,,NO_REPO,
Awesome-Polka,https://github.com/tolgayayci/awesome-polka,github.com/w3f/Grants-Program/blob/master/applications/Awesome-Polka.md,1,1,,10000,,1,1.0,1,,1 month; 1 month,OK,
BandersnatchVRF,https://github.com/Esscrypt/bandersnatch-vrf,github.com/w3f/Grants-Program/blob/master/applications/BandersnatchVRF.md,2,1,,20000,,1,,2,4.737,30 person-day; 30 person-day; 30 person-day,OK,
bit_country,https://github.com/bit-country/Bit-Country-Blockchain,github.com/w3f/Grants-Program/blob/master/applications/bit_country.md,2,5,1,,5.00,8,1.92,1,,1 month; 4 week,OK,
blackprint_js,https://github.com/Blackprint/Blackprint,github.com/w3f/Grants-Program/blob/master/applications/blackprint-js.md,3,1,,9200,,1,,3,,6 month; 3 week; 3 week; 4 month,OK,
bright_tresury,https://github.com/bright/bright-tresury,github.com/w3f/Grants-Program/blob/master/applications/bright_treasury.md,3,,,,,5,,0,,1 month; 3 month; 1 month; 1 month; 1 month,OK,
calamar,https://github.com/topmonks/calamar,github.com/w3f/Grants-Program/blob/master/applications/Calamar.md,3,1,,27500,,4,6.21,3,,11 week; 4 week; 4 week; 8 week,OK,
candle_auction_ink,https://github.com/agryaznov/candle-auction-ink,github.com/w3f/Grants-Program/blob/master/docs/RFPs/candle-auction.md,3,1,1,,1.00,,1.92,0,,1 month; 3 week; 1 week,OK,
canyon_network_phrase,https://github.com/canyon-network/canyon,github.com/w3f/Grants-Program/blob/master/applications/canyon_network.md,1,1,1.5,15000,1.50,1,3.0,1,,1.5 month; 1.5 month,OK,
centrifuge-gsrpc-v2,https://github.com/centrifuge/go-substrate-rpc-client,github.com/w3f/Grants-Program/blob/master/applications/scale-codec-comparator.md,2,,3.5,12500,,1,7.96,3,,3.5 month; 2 month; 2 month; 2 week,OK,
Cere_Turnkey_Private_Blockchain_Network,https://github.com/Cerebellum-Network/private-standalone-network-node,github.com/w3f/Grants-Program/blob/master/applications/Cere_Turnkey_Private_Blockchain_Network.md,2,,,1,,5,4.14,0,,9 week; 5 week; 4 week,OK,
ces_data_store,https://github.com/CESSProject/data-store-pallet,github.com/w3f/Grants-Program/blob/master/applications/ces_data_store.md,3,2,3,9000,6.00,3,6.0,3,,1 month; 3 month; 1 month; 1 month; 1 month,OK,
CESS,https://github.com/Cumulus2021/cess,github.com/w3f/Grants-Program/blob/master/applications/CESS.md,3,2,4,8000,8.00,2,8.0,3,,4 month; 2 month; 1 month; 1 month,OK,
chainviz,https://github.com/helikon-labs/chainviz,github.com/w3f/Grants-Program/blob/master/applications/chainviz.md,1,0.2,8,22000,1.60,6,16.0,1,,8 month; 8 month,OK,
choko-wallet,https://github.com/choko-wallet/wallet-app,github.com/w3f/Grants-Program/blob/master/applications/choko_wallet.md,1,5,3,36000,15.00,3,4.5,1,,3 month; 1.5 month,OK,
CILA-omnichain-infrastructure,https://github.com/Collective-Intelligence-Labs/cila-substrate,github.com/w3f/Grants-Program/blob/master/applications/CILA-omnichain-infrastructure.md,1,2,3,30000,6.00,5,6.0,3,,3 month; 1 month; 1 month; 1 month,OK,
citadel,,,1,,,,,,,,,,NO_REPO,
clover_january21,https://github.com/clover-network/clover,github.com/w3f/Grants-Program/blob/master/applications/clover_network.md,1,11.5,3,0,34.50,6,6.0,3,,8 month; 3 month; 1 month; 1 month; 1 month,OK,
Cogency,https://github.com/CogencyWeb3/Web3MediaPilot,,2,,,,,,,0,,,OK,
CoinFabrik_On_Ink_Integration_Tests,https://github.com/CoinFabrik/on-ink-integration-tests,github.com/w3f/Grants-Program/blob/master/applications/CoinFabrik_On_Ink_Integration_Tests_2.md,3,4,,30000,,4,2.76,2,,4 week; 4 week; 4 week,OK,
contracts-tool,,,2,,,,,,,,,,NO_REPO,
Contract_wizard,https://github.com/protofire/polkadot-contract-wizard,github.com/w3f/Grants-Program/blob/master/applications/inkscope-fuzzer.md,1,1.5,3,30000,4.50,2,6.0,2,,3 month; 1 month; 2 month,OK,
CoongWallet,https://github.com/CoongCrafts/coong-wallet,github.com/w3f/Grants-Program/blob/master/applications/coong_wallet.md,2,1.5,5,30000,7.50,2,10.0,2,,5 month; 2.5 month; 2.5 month,OK,
CosmWasmVM_CoreProduct,https://github.com/CosmWasm/cosmwasm,github.com/w3f/Grants-Program/blob/master/applications/CosmWasmVM-CoreProduct.md,1,1,,29700,,2,2.53,1,,8 week; 3 week,OK,
c++polkadot-light-client,https://github.com/eqlabs/polkadot-light-client,github.com/w3f/Grants-Program/blob/master/applications/c++polkadot-light-client.md,1,1,,34000,,2,2.3,1,,5 week; 5 week,OK,
create-substrate-app,https://github.com/philoniare/create-substrate-app,github.com/w3f/Grants-Program/blob/master/applications/create-substrate-app.md,1,1,1,4550,1.00,2,3.0,2,,1 month; 1 month; 1 month,OK,
crossbow,https://github.com/dodorare/crossbow,github.com/w3f/Grants-Program/blob/master/applications/crossbow.md,3,3.5,5.0,40000,17.50,5,10.0,3,,5.0 month; 1 month; 2.0 month; 2.0 month,OK,
cryptex,https://github.com/ideal-lab5/smoldot,github.com/w3f/Grants-Program/blob/master/applications/cryptex.md,3,1.5,3,30000,4.50,2,6.0,3,,3 month; 1 month; 1 month; 1 month,OK,
cryptolab-staking-reward-collector-front-end,https://github.com/cryptolab-network/chain-data-collector,github.com/w3f/Grants-Program/blob/master/applications/cryptolab-staking-reward-collector-front-end.md,1,,,,,2,,1,,15 day; 1 day; 2 day; 3 day; 2 day; 1 day; 1 day; 1 day; 0.5 day; 0.5 day; 1 day; 1 day,OK,
cScale,https://github.com/MatthewDarnell/cScale,github.com/w3f/Grants-Program/blob/master/applications/scale-codec-comparator.md,1,,3.5,12500,,1,7.96,3,,3.5 month; 2 month; 2 month; 2 week,OK,
curve_amm,https://github.com/equilibrium-eosdt/equilibrium-curve-amm,github.com/w3f/Grants-Program/blob/master/applications/curve_amm.md,2,3,,30000,,4,2.76,2,,6 week; 3 week; 3 week,OK,
cyborg,https://github.com/Cyborg-Network/cyborg-parachain,github.com/w3f/Grants-Program/blob/master/applications/Cyborg.md,1,2,2,10000,4.00,5,4.0,1,,2 month; 2 month; 3 month,OK,
cyclops,https://github.com/ArthurHoeke/cyclops,github.com/w3f/Grants-Program/blob/master/applications/cyclops.md,3,1,3,26000,3.00,2,5.69,3,,3 month; 3 week; 1 month; 1 month,OK,
da_comparative_study,https://github.com/Chainscore/DA-Research,github.com/w3f/Grants-Program/blob/master/applications/da_comparative_study.md,1,2,4,,8.00,2,8.0,4,,30 day; 4 month; 1 month; 1 month; 1 month; 1 month; 6 month; 6 month; 12 month,OK,
Dante_Network,https://github.com/dantenetwork/protocol-stack-for-ink,github.com/w3f/Grants-Program/blob/master/applications/Dante_Network.md,2,3,6,30000,18.00,21,12.0,2,,6 month; 3 month; 3 month,OK,
dao-entrance-phase,https://github.com/dao-entrance/dao-entrance-node,github.com/w3f/Grants-Program/blob/master/applications/dao-entrance-phase-1.md,2,1,4,6000,4.00,4,8.0,4,,4 month; 1 month; 1 month; 1 month; 1 month,OK,
daos,https://github.com/daos-org/daos,github.com/w3f/Grants-Program/blob/master/applications/daos.md,2,6,2,8,12.00,4,4.0,2,,2 month; 1 month; 1 month,OK,
DAOsign,https://github.com/DAOsign/polkadot-smart-contracts,github.com/w3f/Grants-Program/blob/master/applications/DAOsign.md,3,2,2,48100,4.00,4,3.84,3,,2 month; 4 week; 2 week; 2 week,OK,
dapp_wallet_integration_native_mobile_libraries,https://github.com/tesseract-one/Tesseract.android,github.com/w3f/Grants-Program/blob/master/applications/dapp_wallet_integration_native_mobile_libraries.md,4,2,,,,2,7.36,4,,16 week; 4 week; 4 week; 4 week; 4 week,OK,
dart-scale-codec,https://github.com/nbltrust/dart-scale-codec,github.com/w3f/Grants-Program/blob/master/applications/Polkadot-Dart.md,1,5.3,5,1,26.50,2,10.0,4,,5 month; 1 month; 1 month; 1.5 month; 1.5 month,OK,
Datagen_Project,https://github.com/Datagen-Project/Datagen-Substrate-Grant,github.com/w3f/Grants-Program/blob/master/applications/Datagen_Project.md,1,2,5,44000,10.00,9,7.0,3,,5 month; 5 month; 5 month; 2 month,OK,
data_platform_with_deep_indexed_data_and_staking_reports,https://github.com/p2p-org/polkadot-grant,github.com/w3f/Grants-Program/blob/master/applications/data_platform_with_deep_indexed_data_and_staking_reports.md,1,200,1.5,20000,300.00,7,3.0,1,,1.5 month; 1.5 month,OK,
datdot,https://github.com/playproject-io/datdot-service,github.com/w3f/Grants-Program/blob/master/applications/project_aurras_mvp_phase_2.md,1,4,,42880,,6,,4,27.789,528 Person Day,OK,
dauth_network,https://github.com/DAuth-Network/instant-proof,github.com/w3f/Grants-Program/blob/master/applications/dauth_network.md,1,3,8,27000,24.00,2,16.0,2,,8 month; 6 month; 2 month,OK,
Decentralised_Security_Marketplace,https://github.com/ParthChaudhary31/Security_Marketplace_Smartcontract,github.com/w3f/Grants-Program/blob/master/applications/Security_Marketplace.md,1,4,,29920,,7,,2,,12 hour; 1 week; 1 day; 14 week; 8 week; 6 week,OK,
Decentralized_Threshold_Signing_Service,https://github.com/Fiono11/decentralized_threshold_signing_service,github.com/w3f/Grants-Program/blob/master/applications/DecentralizedThresholdSigningService.md,3,1,3,30000,3.00,1,6.0,3,,3 month; 1 month; 1 month; 1 month,OK,
decentralml,https://github.com/livetreetech/DecentralML,github.com/w3f/Grants-Program/blob/master/applications/decentral_ml.md,1,2.5,2,30000,5.00,6,3.84,2,,2 month; 4 week; 4 week,OK,
deeper_network,https://github.com/deeper-chain/deeper-chain,github.com/w3f/Grants-Program/blob/master/applications/deeper_network.md,1,5,1,20000,5.00,5,1.92,1,,1 month; 4 week; 4 week,OK,
deip,https://github.com/DEIPworld/deip-polkadot,github.com/w3f/Grants-Program/blob/master/applications/deip.md,1,4.5,2,1,9.00,4,6.0,2,,2 month; 2 month; 2 month,OK,
Deitos_Network,https://github.com/Deitos-Network/deitos-ip,github.com/w3f/Grants-Program/blob/master/applications/Deitos_Network.md,2,3,,30,,4,5.52,2,,12 week; 3 month; 6 week; 6 week,OK,
delightfuldot,https://github.com/CoongCrafts/delightfuldot,github.com/w3f/Grants-Program/blob/master/applications/delightfuldot.md,2,2,4.5,30000,9.00,2,9.0,2,,4.5 month; 3 month; 1.5 month,OK,
delmonicos,https://github.com/Delmonicos/charger-node,github.com/w3f/Grants-Program/blob/master/applications/delmonicos.md,3,1,3,29,3.00,4,6.0,3,,3 month; 1 month; 3 month; 1 month; 1 month; 1 month,OK,
democratic-governance,https://github.com/encointer/pallets,github.com/w3f/Grants-Program/blob/master/applications/democratic-governance-1.md,1,0.4,1,8320,0.40,3,2.0,1,0.842,1.5 day; 1.5 day; 0.5 day; 0.5 day; 0.5 day; 0.5 day; 0.5 day; 1 day; 1 day; 0.5 day; 1 month; 8 person day,OK,
DIA_Bridgestate,https://github.com/diadata-org/bridgestate-ocw,,2,,,,,,,0,,,OK,
Diffy_messenger_st1_ms1,https://github.com/Belsoft-rs/diffychat-pallet,,1,,,,,,,0,,,OK,
Diffy_messenger_st1_ms2,https://github.com/Belsoft-rs/diffychat-pallet,,1,,,,,,,0,,,OK,
DINFRA,,,2,,,,,,,,,,NO_REPO,
dipole-oracle-millestone,https://github.com/DipoleTech/dipole-oracle,github.com/w3f/Grants-Program/blob/master/applications/DipoleOracle.md,1,1.25,,1,,,1.84,1,,4 week; 4 week,OK,
distributed_cryptography_for_polkadot_wallets,https://github.com/perun-network/polkadot-wallet-grant,github.com/w3f/Grants-Program/blob/master/applications/distributed_cryptography_for_polkadot_wallets.md,3,1.25,7.25,87000,9.06,4,14.5,5,,7.25 month; 1.5 month; 1.5 month; 2 month; 1.5 month; 0.75 month,OK,
distributedKeyManagement,https://github.com/KryptikApp/swordExample,github.com/w3f/Grants-Program/blob/master/applications/DistributedKeyManagement.md,1,.4,3,8000,1.20,,6.3,2,,3 month; 10 week; 1 month,OK,
DistrubutedKeyManagement,https://github.com/KryptikApp/sword,,1,,,,,,,0,,,OK,
DKSAP,https://github.com/GreenLemonProtocol/dksap-polkadot,github.com/w3f/Grants-Program/blob/master/applications/DKSAP.md,1,1,,10000,,6,2.76,1,,6 week; 6 week,OK,
dora-factory-multisig,https://github.com/DoraFactory/dorafactory-multisig,github.com/w3f/Grants-Program/blob/master/applications/dora-factory-multisig.md,1,2,1,10000,2.00,1,1.92,1,,1 month; 4 week,OK,
Doter,https://github.com/ChainBridgeNetworkTeam/Doter,github.com/w3f/Grants-Program/blob/master/applications/Doter.md,2,,,,,2,,0,,2 month; 1 month; 1 month,OK,
dotflow,https://github.com/TheDotflow/dotflow-ink,github.com/w3f/Grants-Program/blob/master/applications/Dotflow.md,2,1.5,,19000,,2,1.0,2,,5 month; 1 month; 5 month,OK,
dot-login,https://github.com/singkeo/dot-login,github.com/w3f/Grants-Program/blob/master/applications/dot-login.md,1,3,6,17000,18.00,3,14.0,3,,6 month; 6 month; 1 month; 1 month,OK,
dotly,https://github.com/justmert/dotly-backend,github.com/w3f/Grants-Program/blob/master/applications/dotly.md,1,1,2,10000,2.00,1,4.0,1,,2 month; 2 month; 7 day,OK,
dot_marketplace,https://github.com/WowLabz/dot_marketplace_docker,github.com/w3f/Grants-Program/blob/master/applications/dot_marketplace.md,3,5.9125,2,18920,11.82,7,3.84,3,,2 month; 2 week; 3 week; 3 week,OK,
dot_marketplace-Phase3,https://github.com/WowLabz/dot-marketplace-v2,github.com/w3f/Grants-Program/blob/master/applications/dot_marketplace-Phase3.md,3,2.39,2.0,29925,4.78,5,3.84,2,,2.0 Month; 3.0 week; 2.0 week; 3.0 week,OK,
dot_marketplace_v2,https://github.com/WowLabz/dot-marketplace-v2,github.com/w3f/Grants-Program/blob/master/applications/dot_marketplace-Phase3.md,2,2.39,2.0,29925,4.78,5,3.84,2,,2.0 Month; 3.0 week; 2.0 week; 3.0 week,OK,
dotmog,https://github.com/dotmog/SubstrateNetApi,github.com/w3f/Grants-Program/blob/master/applications/ajuna_network_follow_up.md,3,1,4,25,4.00,6,8.0,4,,4 month; 1 month; 1 month; 1 month; 1 month,OK,
dotnix,https://github.com/sporyon/dotnix-core,github.com/w3f/Grants-Program/blob/master/applications/dotnix-follow-up.md,2,2,,30000,,4,1.84,2,,4 week; 4 week,OK,
dotnix_followup,https://github.com/sporyon/dotnix-core,github.com/w3f/Grants-Program/blob/master/applications/dotnix-follow-up.md,2,2,,30000,,4,1.84,2,,4 week; 4 week,OK,
DotPay,https://github.com/bytepayment/bytepay,github.com/w3f/Grants-Program/blob/master/applications/DotPay.md,2,5,,30000,,11,3.68,2,,8 week; 4 week; 4 week,OK,
dotpulse,https://github.com/CrossChainLabs-DOT/dotpulse-api,github.com/w3f/Grants-Program/blob/master/applications/DotPulse.md,2,3,,42000,,4,3.68,2,,12 month; 30 day; 8 week; 4 week; 30 day; 4 week; 30 day; 12 month; 30 day; 30 day; 12 month; 30 day,OK,
eiger-PNS,https://github.com/eigerco/polkadot-native-storage,,1,,,,,,,0,,,OK,
eightfish,https://github.com/eightfish-org/eightfish,github.com/w3f/Grants-Program/blob/master/applications/index.md,2,,,,,,,0,,,OK,
ElasticLabs_PolakdotAgentKit,https://github.com/elasticlabs-org/polkadot-agent-kit,github.com/w3f/Grants-Program/blob/master/applications/polkadot_agent_kit.md,3,2,3,30000,6.00,6,8.0,5,,3 month; 1 month; 1 month; 1 month; 1 month; 1 month,OK,
eliza-plugin-dot,https://github.com/ChainSupport/eliza-plugin-dot,github.com/w3f/Grants-Program/blob/master/applications/eliza-plugin-dot.md,1,1.5,1,10000,1.50,1,2.0,1,,1 month; 1 month,OK,
ElizaPolkadotPlugin,https://github.com/elizaOS/eliza,github.com/w3f/Grants-Program/blob/master/applications/eliza-plugin-dot.md,1,1.5,1,10000,1.50,1,2.0,1,,1 month; 1 month,OK,
epirus_substrate_explorer,https://github.com/web3labs/epirus-substrate,github.com/w3f/Grants-Program/blob/master/applications/hybrid.md,1,1,,10000,,1,5.52,3,,12 week; 6 week; 3 week; 3 week,OK,
epirus_substrate_explorer-phase2,https://github.com/web3labs/epirus-substrate,github.com/w3f/Grants-Program/blob/master/applications/hybrid.md,1,1,,10000,,1,5.52,3,,12 week; 6 week; 3 week; 3 week,OK,
epirus_substrate-phase2,https://github.com/web3labs/epirus-substrate,github.com/w3f/Grants-Program/blob/master/applications/hybrid.md,1,1,,10000,,1,5.52,3,,12 week; 6 week; 3 week; 3 week,OK,
escrow,https://github.com/herou/EscrowPallet,github.com/w3f/Grants-Program/blob/master/applications/decentralized_invoice.md,2,,3,,,2,3.0,0,,6 month; 3 month; 1 month; 1 month; 1 month,OK,
Evanesco_Network,https://github.com/Evanesco-Labs/WhiteNoise.rs,github.com/w3f/Grants-Program/blob/master/applications/evanesco_networks.md,2,3,3,1,9.00,2,9.0,0,,3 month; 3 month; 3 month,OK,
Faceless,https://github.com/HeisenbergLin22/Faceless_milestone2_delivery,github.com/w3f/Grants-Program/blob/master/applications/faceless.md,1,3,2,30000,6.00,3,4.0,2,,2 month; 1 month; 1 month,OK,
faceless_delivery,https://github.com/HeisenbergLin22/Faceless_milestone1,github.com/w3f/Grants-Program/blob/master/applications/faceless.md,1,3,2,30000,6.00,3,4.0,2,,2 month; 1 month; 1 month,OK,
fair_squares,https://github.com/Fair-Squares/fair-squares,github.com/w3f/Grants-Program/blob/master/applications/Dotflow.md,5,1.5,,19000,,2,1.0,2,,5 month; 1 month; 5 month,OK,
faterium,https://github.com/faterium/faterium-node,github.com/w3f/Grants-Program/blob/master/applications/faterium.md,2,5,,30000,,5,3.22,2,,3 day; 7 week; 4 week; 3 week,OK,
Faucet,https://github.com/karooolis/sybil-resistant-substrate-faucet,github.com/w3f/Grants-Program/blob/master/applications/Faucet.md,1,1,1,4000,1.00,1,2.0,1,,1 month; 1 month,OK,
faucet-bot,https://github.com/StringNick/sybil-resistant-chat-bot-substrate-faucet,github.com/w3f/Grants-Program/blob/master/applications/faucet-bot.md,1,1.5,1.5,7500,2.25,1,3.0,1,,1.5 month; 1.5 month,OK,
fennel-protocol,https://github.com/fennelLabs/Fennel-Protocol,github.com/w3f/Grants-Program/blob/master/applications/Fennel_Protocol.md,3,3,3,50000,9.00,6,6.0,3,,3 month; 1 month; 1 month; 1 month,OK,
FIAT-on-off-ramp,https://github.com/element36-io/ebics-java-service,github.com/w3f/Grants-Program/blob/master/applications/hyperfridge.md,3,1.5,6,,9.00,4,24.0,7,,6 month; 2 month; 1 month; 1 month; 1 month; 5 month; 6 month; 2 month,OK,
fidi-dotsight,https://github.com/fidi-tech/dotsight,github.com/w3f/Grants-Program/blob/master/applications/fidi-dotsight-analytics.md,3,3.5,,17500,,5,,3,,2 week,OK,
fractapp,https://github.com/fractapp/fractapp,github.com/w3f/Grants-Program/blob/master/applications/fractapp.md,3,3.5,3,1,10.50,2,6.0,3,,3 month; 1 month; 1 month; 1 month,OK,
FuturProtocol,https://github.com/RELAI-Network/relai-network,github.com/w3f/Grants-Program/blob/master/applications/FuturFusion.md,1,1,,7000,,1,,1,,5 Month; 5 month,OK,
Gafi,https://github.com/cryptoviet/gafi,github.com/w3f/Grants-Program/blob/master/applications/index.md,3,,,,,,,0,,,OK,
galaxy,https://github.com/7flash/galaxy-polkadot,github.com/w3f/Grants-Program/blob/master/applications/galaxy.md,2,1,1,10000,1.00,,1.92,0,,1 month; 1 week; 3 week,OK,
GenesisDAO,https://github.com/deep-ink-ventures/genesis-dao-node,github.com/w3f/Grants-Program/blob/master/applications/Stylograph.md,3,3,,100000,,,5.0,2,,5 month; 3 month; 2 month,OK,
gluon,https://github.com/tearust/gluon-website,github.com/w3f/Grants-Program/blob/master/applications/Gluon_decentralized_hardware_crypto_wallet_services.md,2,2.5,5,28,12.50,7,9.6,5,,3 month; 1 month; 5 month; 4 Week; 4 Week; 4 Week; 4 Week; 4 Week,OK,
grant_management_webapp,https://github.com/antiers-solutions/gmw-frontend,github.com/w3f/Grants-Program/blob/master/docs/RFPs/grant_management_webapp.md,1,,,,,,,0,,,OK,
grantmaster,https://github.com/Zaniyar/grantmaster,github.com/w3f/Grants-Program/blob/master/applications/grantmaster.md,1,0.6,5,10000,3.00,1,12.0,2,,5 month; 5 month; 2 month,OK,
GreenLemon,https://github.com/GreenLemonProtocol/dksap-polkadot,github.com/w3f/Grants-Program/blob/master/applications/GreenLemon.md,2,2,,30000,,12,5.52,2,,12 week; 3 week; 9 week,OK,
halva_bootstrapping,https://github.com/halva-suite/halva,github.com/w3f/Grants-Program/blob/master/applications/halva_bootstrapping.md,1,1.5,,0,,,0.92,1,,2 week; 2 week,OK,
halva-framework,https://github.com/halva-suite/halva,github.com/w3f/Grants-Program/blob/master/applications/halva_bootstrapping.md,1,1.5,,0,,,0.92,1,,2 week; 2 week,OK,
hamster-millestone,https://github.com/hamster-shared/hamster,github.com/w3f/Grants-Program/blob/master/applications/hamster.md,2,4,2,25600,8.00,4,4.0,2,,2 month; 1 month; 1 month,OK,
hex-space-social-graph,https://github.com/rust-0x0/hex-space-protocol-substrate,github.com/w3f/Grants-Program/blob/master/applications/hex.md,1,1,1,3500,1.00,1,2.0,1,,1 month; 1 month,OK,
High_availability_validator_setup,https://github.com/tikv/tikv,github.com/w3f/Grants-Program/blob/master/applications/High_availability_validator_setup.md,3,1,,25000,,3,4.14,3,,4 week; 3 week; 2 week; 9 week; 4 week; 3 week; 2 week,OK,
hs-web3,https://github.com/airalab/hs-web3,github.com/w3f/Grants-Program/blob/master/applications/hs-web3.md,4,0.4,,2,,,7.13,4,,16 week; 3 week; 6 week; 3 week; 3 week,OK,
hybrid,https://github.com/hybrid-explorer/hybrid-indexer,github.com/w3f/Grants-Program/blob/master/applications/hybrid2.md,3,1,,10000,,,5.52,4,,12 week; 3 week; 3 week; 3 week; 3 week,OK,
hybrid2,https://github.com/hybrid-explorer/hybrid-indexer,github.com/w3f/Grants-Program/blob/master/applications/hybrid2.md,4,1,,10000,,,5.52,4,,12 week; 3 week; 3 week; 3 week; 3 week,OK,
hybrid-node-research,https://github.com/Zondax/mayon,github.com/w3f/Grants-Program/blob/master/docs/RFPs/alternative_polkadot_host_implementations.md,1,,,,,,,0,,,OK,
Hyperdot,https://github.com/Infra3-Network/hyperdot-node,github.com/w3f/Grants-Program/blob/master/applications/Hyperdot.md,2,,,,,3,1.15,1,,3 month; 5 week; 7 week,OK,
hyperfridge,https://github.com/element36-io/hyperfridge-r0,github.com/w3f/Grants-Program/blob/master/applications/hyperfridge.md,5,1.5,6,,9.00,4,17.0,6,,6 month; 2 month; 1 month; 1 month; 1 month; 5 month; 3 hour; 1 month,OK,
idavoll_network,https://github.com/idavollnetwork/idavoll,github.com/w3f/Grants-Program/blob/master/applications/Idavoll Network.md,1,,,,,3,,0,,4 week; 4 week,OK,
identics_identity_indexer,https://github.com/vikiival/identics,github.com/w3f/Grants-Program/blob/master/applications/multichain_identity_indexer.md,1,2,3,30000,6.00,2,6.0,1,,3 month; 3 month,OK,
identity_directory,https://github.com/Shard-Labs/identity-directory,github.com/w3f/Grants-Program/blob/master/docs/RFPs/identity-directory.md,2,,,,,,,0,,,OK,
imbue_network,https://github.com/imbuenetwork/imbue,github.com/w3f/Grants-Program/blob/master/applications/RegionX.md,2,,4,30000,,2,6.5,3,,4 month; 1 month; 1.5 month,OK,
infimum,https://github.com/rhysbalevicius/infimum,github.com/w3f/Grants-Program/blob/master/applications/infimum.md,2,0,6,27000,0.00,1,17.0,3,,6 month; 2 month; 6 month; 3 month,OK,
ink-analyzer,https://github.com/ink-analyzer/ink-analyzer,github.com/w3f/Grants-Program/blob/master/applications/ink-analyzer-phase-2.md,4,1,,59600,,1,,7,,8.5 month; 6 week; 4 week; 6 week; 6 week; 4 week; 4 week; 4 week,OK,
ink-analyzer-phase,https://github.com/ink-analyzer/ink-analyzer,github.com/w3f/Grants-Program/blob/master/applications/ink-analyzer-phase-2.md,7,1,,59600,,1,,7,,8.5 month; 6 week; 4 week; 6 week; 6 week; 4 week; 4 week; 4 week,OK,
ink-boxes,https://github.com/nerdsince98/ink-boxes,github.com/w3f/Grants-Program/blob/master/applications/ink-boxes.md,2,,,5000,,1,2.76,0,,4 week; 2 week; 2 week; 2 week; 2 week,OK,
ink-explorer,https://github.com/blockcoders/ink-substrate-explorer-api,github.com/w3f/Grants-Program/blob/master/applications/xcm-sdk.md,2,2,3,30000,6.00,3,6.0,2,,3 month; 2 month; 1 month,OK,
ink-pallet-benchmarking,https://github.com/Nikhil-Desai-Talentica/substrate-node-template-benchmarking,github.com/w3f/Grants-Program/blob/master/applications/ink-pallet-benchmarking.md,3,1,,10000,,4,2.76,2,,3 day; 2 day; 3 day; 2 day; 3 day; 2 day; 1 week; 3 day; 2 day; 1 Week; 6 week; 3 week,OK,
ink-playground,https://github.com/Zeeve-App/ink-playground,github.com/w3f/General-Grants-Program/blob/master/grants/speculative/ink_playground.md,2,,,,,3,,0,,3 week; 3 week; 1 week; 2 week,OK,
inkscope-fuzzer,https://github.com/inkscopexyz/inkscope-fuzzer,github.com/w3f/Grants-Program/blob/master/applications/inkscope-fuzzer.md,2,1.5,3,30000,4.50,2,6.0,2,,3 month; 1 month; 2 month,OK,
ink-smart-contract-wizard,https://github.com/avirajkhare00/ink-wizard,github.com/w3f/Grants-Program/blob/master/applications/polkasearch.md,2,1,2,100000,2.00,1,4.0,2,,1 month; 2 month; 1 month; 1 month,OK,
Intersetellar-network-WP2,https://github.com/Interstellar-Network/lib_circuits,,1,,,,,,,0,,,OK,
Interstellar-Network,https://github.com/Interstellar-Network/api_garble,github.com/w3f/Grants-Program/blob/master/applications/Interstellar-Network.md,5,11,5,47000,55.00,8,10.38,5,,5 month; 1 month; 1 month; 1 month; 1 month; 6 week,OK,
Interstellar-Network-WP2,https://github.com/Interstellar-Network/lib-garble-rs,github.com/w3f/Grants-Program/blob/master/applications/Interstellar-Network.md,1,11,5,47000,55.00,8,10.38,5,,5 month; 1 month; 1 month; 1 month; 1 month; 6 week,OK,
InvArch,https://github.com/InvArch/InvArch-Pallet-Library,github.com/w3f/Grants-Program/blob/master/applications/InvArch.md,2,2.5,,25000,,7,3.68,2,,4 week; 12 week,OK,
invoice,https://github.com/gertt/Invoice,github.com/w3f/Grants-Program/blob/master/applications/decentralized_invoice.md,3,,3,,,2,3.0,0,,6 month; 3 month; 1 month; 1 month; 1 month,OK,
ipfs_utilities,https://github.com/TDSoftware/substrate-ipfs,github.com/w3f/Grants-Program/blob/master/applications/ipfs_utilities.md,2,2,2,66000,4.00,4,4.0,2,,2 Month; 1 Month; 1 Month,OK,
iris,https://github.com/iridium-labs/iris-docs,github.com/w3f/Grants-Program/blob/master/applications/iris.md,2,1.5,,22500,,1,6.44,3,,14 week; 4 week; 0.5 week; 2 week; 0.5 week; 1.5 week; 6 week; 3 week; 1.5 week; 4 week; 1.5 week; 0.5 week,OK,
iris_followup,https://github.com/ideal-lab5/iris,github.com/w3f/Grants-Program/blob/master/applications/iris_followup.md,2,2.5,9,47000,22.50,4,18.5,4,,9 month; 1 month; 5.5 month; 2 month; 1 month,OK,
iris_milestone-delivery,https://github.com/iridium-labs/ui,github.com/w3f/Grants-Program/blob/master/applications/iris.md,1,1.5,,22500,,1,6.44,3,,14 week; 4 week; 0.5 week; 2 week; 0.5 week; 1.5 week; 6 week; 3 week; 1.5 week; 4 week; 1.5 week; 0.5 week,OK,
ismp-milestone-delivery,https://github.com/polytope-labs/ismp,github.com/w3f/Grants-Program/blob/master/applications/polkadot_agent_kit.md,1,2,3,30000,6.00,6,6.0,3,,3 month; 1 month; 1 month; 1 month,OK,
ISO20022,,,1,,,,,,,,,,NO_REPO,
iso20022-ecosystem-research-and-technical-strategy,,,1,,,,,,,,,,NO_REPO,
ISO8583,https://github.com/adit313/ISO8583-Blockchain-Integration-Plan,github.com/w3f/Grants-Program/blob/master/applications/ISO-8583-implementation.md,1,1,4,28000,4.00,1,8.0,2,,4 month; 2 month; 2 month,OK,
iso_8583_PoC,https://github.com/subclone/payment-processor,github.com/w3f/Grants-Program/blob/master/applications/ISO-8583-implementation.md,2,1,4,28000,4.00,1,8.0,2,,4 month; 2 month; 2 month,OK,
Iunokit,https://github.com/Luno-lab/LunoKit,github.com/w3f/Grants-Program/blob/master/applications/LunoKit.md,1,2,3,30000,6.00,2,6.0,2,,3 month; 1.5 month; 1.5 month,OK,
java-client,https://github.com/emeraldpay/polkaj,github.com/w3f/Grants-Program/blob/master/applications/Polkadot-Dart.md,1,5.3,5,1,26.50,2,10.0,4,,5 month; 1 month; 1 month; 1.5 month; 1.5 month,OK,
java_client_mileston,https://github.com/emeraldpay/polkaj,github.com/w3f/Grants-Program/blob/master/applications/Polkadot-Dart.md,2,5.3,5,1,26.50,2,10.0,4,,5 month; 1 month; 1 month; 1.5 month; 1.5 month,OK,
JuniDb,,,1,,,,,,,,,,NO_REPO,
keysafe_network,https://github.com/keysafe-protocol/keysafe-app,github.com/w3f/Grants-Program/blob/master/applications/keysafe_network.md,1,3,8,27000,24.00,2,16.0,2,,8 month; 6 month; 2 month,OK,
Knowledge-Oriented-Framework,https://github.com/mobr-ai/POnto,github.com/w3f/Grants-Program/blob/master/applications/polkadot_analytics_platform.md,3,0.85,1,10000,0.85,,2.0,1,,1 month; 1 month; 10 day; 1 month; 1 month,OK,
Kodadot_assethub_nft_indexer,https://github.com/kodadot/stick,github.com/w3f/Grants-Program/blob/master/applications/kodadot_assethub_nft_m2.md,1,,,,,2,6.0,2,,3 month; 3 month,OK,
kodadot_atomic_swap_indexer,https://github.com/kodadot/stick,github.com/w3f/Grants-Program/blob/master/applications/kodadot_assethub_nft_m2.md,1,,,,,2,6.0,2,,3 month; 3 month,OK,
konomi,https://github.com/konomi-network/cumulus,github.com/w3f/Grants-Program/blob/master/applications/konomi.md,1,2,1.5,1,3.00,2,2.5,1,,1.5 month; 1 month,OK,
KSM-embeddable-tip-or-donate-button,https://github.com/Shard-Labs/kusama-tips-widget,github.com/w3f/Grants-Program/blob/master/docs/RFPs/ksm-tipping-button.md,1,,,,,,,0,,,OK,
kuma-wallet,https://github.com/blockcoders/kuma-wallet,,4,,,,,,,0,,,OK,
kylin-network,https://github.com/Kylin-Network/kylin-node,github.com/w3f/Grants-Program/blob/master/applications/kylin_network.md,1,3,2,1,6.00,8,4.0,0,,2 month; 2 month,OK,
KZero,https://github.com/kzero-xyz/kzero,github.com/w3f/Grants-Program/blob/master/applications/KZero.md,4,,2,50000,,2,5.0,0,,2 Month; 1 month; 1 month; 0.5 month; 0.5 month,OK,
lastic,https://github.com/LasticXYZ/squid-sdk,github.com/w3f/Grants-Program/blob/master/applications/Lastic.md,2,,,10000,,2,2.0,2,,1 month; 1 month; 4 month; 6 month,OK,
lastic-price-simulator-milestione,https://github.com/LasticXYZ/price-simulation,github.com/w3f/Grants-Program/blob/master/applications/lastic-price-simulation-2.md,1,1.5,,6000,,3,,1,,3 week; 3 week,OK,
LedgerAssetsApp_G6_1,https://github.com/Zondax/ledger-statemint,,1,,,,,,,0,,,OK,
ledgerUpgrade,https://github.com/Zondax/ledger-polkadot,github.com/w3f/Grants-Program/blob/master/applications/ledgerUpgrade.md,1,1.5,,35,,3,,1,,1.5 month; 2 month; 1.5 month; 2 month,OK,
liberland,https://github.com/liberland/liberland_substrate,github.com/w3f/Grants-Program/blob/master/applications/liberland.md,2,3,5,50,15.00,6,10.0,2,,5 month; 2 month; 3 month,OK,
Libra,https://github.com/atscaletech/libra,github.com/w3f/Grants-Program/blob/master/applications/Libra.md,3,1.5,,16000,,2,4.0,3,,72 hour; 4 month; 1 month; 2 month; 1 month,OK,
LightSpell,https://github.com/paraspell/xcm-api,github.com/w3f/Grants-Program/blob/master/applications/LightSpell-proposal.md,1,1,2,10,2.00,3,4.0,1,,2 month; 2 month,OK,
LiisaPortfolioTracker,https://github.com/LiisaNFT/PolkadotNFTPortfolioTracker,github.com/w3f/Grants-Program/blob/master/applications/LiisaPortfolioTracker.md,2,2.25,5,30000,11.25,5,10.0,2,,5 month; 2.5 month; 2.5 month,OK,
lip_payments,https://github.com/virto-network/virto-node,github.com/w3f/Grants-Program/blob/master/applications/lip_payments.md,2,,,,,2,2.3,2,,6 week; 4 week,OK,
load_balanced_endpoints_operations,https://github.com/geometry-labs/substrate-meta,github.com/w3f/General-Grants-Program/blob/master/grants/speculative/load_balanced_endpoints_operations.md,3,,,,,2,,0,,23 Day; 5 Day; 13 Day; 5 Day; 8 Day; 3 Month; 3 month; 5 day; 25 day; 13 day; 16 day; 5 day,OK,
logion_wallet,https://github.com/logion-network/logion-wallet,github.com/w3f/Grants-Program/blob/master/applications/logion_wallet.md,4,2,10,42,20.00,,20.5,4,,10 month; 6 month; 1.5 month; 1.5 month; 1.5 month,OK,
lunie-governance_milestones-1,https://github.com/luniehq/lunie,github.com/w3f/Grants-Program/blob/master/applications/index.md,1,,,,,,,0,,,OK,
lunokit,https://github.com/Luno-lab/LunoKit,github.com/w3f/Grants-Program/blob/master/applications/LunoKit.md,1,2,3,30000,6.00,2,6.0,2,,3 month; 1.5 month; 1.5 month,OK,
MangoBOX,https://github.com/Mangoboxlabs/Mangoboxink,github.com/w3f/Grants-Program/blob/master/applications/MangoBOX-Protocol.md,1,4,2,40000,8.00,5,4.0,2,,2 month; 1 month; 1 month,OK,
MangoSale,https://github.com/Mangoboxlabs/MangoSale,github.com/w3f/Grants-Program/blob/master/applications/MangoSale_Protocol.md,2,4,2,26000,8.00,5,4.0,2,,2 month; 1 month; 1 month,OK,
manta_network,https://github.com/Manta-Network/pallet-manta-dap,github.com/w3f/Grants-Program/blob/master/applications/manta_network.md,1,3,,1,,9,6.21,2,,4 month; 12 week; 8 week; 7 week,OK,
massbit_route,https://github.com/massbitprotocol/massbitroute,github.com/w3f/Grants-Program/blob/master/applications/index.md,2,,,,,,,0,,,OK,
material,,,1,,,,,,,,,,NO_REPO,
melodot,https://github.com/ZeroDAO/melodot,github.com/w3f/Grants-Program/blob/master/applications/Melodot.md,4,1.5,4.5,28000,6.75,3,9.0,4,,4.5 month; 1 month; 1.5 month; 1 month; 1 month; 6 month,OK,
MeProtocol,https://github.com/Me-Protocol/rusty-protocol-v0.1,github.com/w3f/Grants-Program/blob/master/applications/MeProtocol.md,2,2600,5,29600,13000.00,7,10.0,3,,5 month; 1 month; 2 month; 2 month,OK,
merkle_tree,https://github.com/frisitano/merkle-tree-db,github.com/w3f/Grants-Program/blob/master/applications/binary_merkle_tree.md,1,2,,25000,,2,3.5,2,,1.5 month; 2 week; 2 month; 2 month,OK,
migrationEase,https://github.com/Zondax/polkadot-web-migration,github.com/w3f/Grants-Program/blob/master/applications/MigrationEase.md,2,2.7,,87,,4,,3,,12 month; 2 month; 3 month; 1 month; 1.5 month; 1 month; 1.5 month; 1 month; 12 month; 12 month,OK,
mobile_dapp_connection,https://github.com/tesseract-one/Tesseract.rs,github.com/w3f/Grants-Program/blob/master/applications/Plutonication.md,3,0.83,2,25000,1.66,,6.0,4,,1 month; 2 month; 1 month; 1 month; 1 month; 1 month,OK,
mobile-game-framework-millestone,https://github.com/creator-rs/creator,github.com/w3f/Grants-Program/blob/master/applications/mobile-game-framework.md,3,2.0,,2,,,5.52,3,,12 week; 4 week; 4 week; 4 week,OK,
multisignature_management_tool,https://github.com/itering/subscan-multisig-ui,github.com/w3f/Grants-Program/blob/master/applications/multisignature_management_tool.md,2,,,,,2,,0,,25 day; 30 day,OK,
Multix-a-simple-UI-for-complex-multisigs,https://github.com/ChainSafe/Multix,github.com/w3f/Grants-Program/blob/master/applications/Multix-a-simple-UI-for-complex-multisig.md,1,1.5,1,30000,1.50,1,2.0,1,,1 month; 1 month,OK,
myriad_social,https://github.com/myriadsocial/myriad-node-parachain,github.com/w3f/Grants-Program/blob/master/applications/myriad_social.md,3,3,3,30000,9.00,11,6.0,3,,3 month; 1 month; 1 month; 1 month; 12 month,OK,
native-bitcoin-vaults,https://github.com/hashed-io/native-bitcoin-vaults-UI,github.com/w3f/Grants-Program/blob/master/applications/native-bitcoin-vaults.md,2,2,3,43200,6.00,,5.76,2,,3 month; 6 week; 6 week,OK,
NeuroZK,https://github.com/Cyborg-Network/cyborg-parachain,github.com/w3f/Grants-Program/blob/master/applications/NeuroZK.md,3,2,6,30000,12.00,7,12.0,3,,2 month; 6 month; 2 month; 2 month; 2 month; 3 month,OK,
new_bls12_hash_function,https://github.com/dishport/Indifferentiable-hashing-to-ordinary-elliptic-curves-of-j-0-with-the-cost-of-one-exponentiation,github.com/w3f/Grants-Program/blob/master/applications/new_bls12_hash_function.md,2,1,6,15000,6.00,2,12.0,2,,6 month; 3 month; 3 month,OK,
NewOmega,https://github.com/WiktorStarczewski/newomega.polkadot,github.com/w3f/Grants-Program/blob/master/applications/newomega.md,4,2,2,15000,4.00,1,4.0,2,,1 week; 1 month; 1 month; 1 month; 2 month,OK,
nftaa,https://github.com/decenzio/nftaa,github.com/w3f/Grants-Program/blob/master/applications/nftaa.md,3,2,6,30000,12.00,5,12.0,3,,6 month; 2.5 month; 2 month; 1.5 month,OK,
nft_collectibles_wallet,https://github.com/GamePowerNetwork/gamepower-module-library,github.com/w3f/Grants-Program/blob/master/applications/nft_collectibles_wallet.md,1,2.1,,15000,,2,4.14,3,,7 week; 4 week; 4 week; 3 week,OK,
nft_explorer,https://github.com/uni-arts-chain/evm-nft-tracker,github.com/w3f/Grants-Program/blob/master/applications/nft_explorer.md,2,2,2.5,16000,5.00,3,5.0,2,,2.5 month; 1 month; 1.5 month,OK,
nftstore-network,https://github.com/NFTT-studio/NFTMart-Node,github.com/w3f/Grants-Program/blob/master/applications/NFTStore_Network.md,1,2,2,0,4.00,3,4.0,0,,2 month; 2 month,OK,
Nolik,https://github.com/chainify/nolik,github.com/w3f/Grants-Program/blob/master/applications/Nolik.md,2,1,2,9800,2.00,1,4.0,2,,48 hour; 2 month; 1 month; 1 month,OK,
nulink,https://github.com/NuLink-network/nulink-chain,github.com/w3f/Grants-Program/blob/master/applications/NuLink.md,2,2,6,10000,12.00,2,12.0,2,,1 day; 6 month; 4 month; 2 month,OK,
ocelloids_monitoring_sdk,https://github.com/sodazone/ocelloids,github.com/w3f/Grants-Program/blob/master/applications/ocelloids_monitoring_sdk.md,1,2,2,28000,4.00,2,4.0,1,,2 month; 2 month,OK,
ocelloids_xcm_monitoring_service,https://github.com/sodazone/xcm-monitoring,github.com/w3f/Grants-Program/blob/master/applications/ocelloids_xcm_monitoring_service.md,1,2,2,28000,4.00,2,4.0,1,,2 month; 2 month,OK,
offline_elction_tool,https://github.com/antiers-solutions/polkadot-staking-miner,github.com/w3f/Grants-Program/blob/master/docs/RFPs/offline_election_tool.md,1,1,,5000,,,1.84,3,,4 week; 2 week; 1 week; 1 week,OK,
offline_election_tool,https://github.com/antiers-solutions/polkadot-staking-miner,github.com/w3f/Grants-Program/blob/master/docs/RFPs/offline_election_tool.md,1,1,,5000,,,1.84,3,,4 week; 2 week; 1 week; 1 week,OK,
Omniverse_DLT,https://github.com/Omniverse-Web3-Labs/Omniverse-DLT-Introduction,github.com/w3f/Grants-Program/blob/master/applications/Omniverse DLT.md,2,3,4,30000,12.00,10,8.0,2,,4 month; 2 month; 2 month,OK,
On_chain_cash_exchange,https://github.com/bsn-si/ocex-smartcontract,github.com/w3f/Grants-Program/blob/master/applications/on-chain-cash.md,2,4,2,36100,8.00,11,4.0,2,,2 month; 1 month; 1 month,OK,
openbrush,https://github.com/727-Ventures/openbrush-contracts,github.com/w3f/Grants-Program/blob/master/applications/Syncra.md,3,2,,,,2,5.52,2,,12 week; 6 week; 6 week,OK,
openbrush_follow_up,https://github.com/Supercolony-net/openbrush-contracts,github.com/w3f/Grants-Program/blob/master/applications/ink-smart-contract-wizard.md,3,,,5000,,1,1.84,0,,4 week; 2 week; 2 week,OK,
openPayroll,https://github.com/polkadrys/openPayroll,github.com/w3f/Grants-Program/blob/master/applications/openPayroll.md,1,2,4,20000,8.00,4,8.0,1,,4 month; 4 month,OK,
openrollup-mvp-phase,https://github.com/open-rollup/pallet-open-rollup,github.com/w3f/Grants-Program/blob/master/applications/openrollup-mvp-phase-1.md,1,1.5,7.5,30000,11.25,1,15.0,1,,7 day; 7.5 month; 7.5 month,OK,
OpenSquare_offchain_voting,https://github.com/opensquare-network/collaboration,github.com/w3f/Grants-Program/blob/master/applications/OpenSquare-offchain-voting.md,1,,,,,6,,0,,2 week,OK,
OpenSquare_paid_qa,https://github.com/opensquare-network/paid-qa,github.com/w3f/Grants-Program/blob/master/applications/OpenSquare_paid_qa_protocol.md,1,5,,25000,,5,2.76,0,,6 week; 6 week,OK,
orochi-network-orosign-part1,https://github.com/orochi-network/orochi-networkhub.io,github.com/w3f/Grants-Program/blob/master/applications/orochi-network-orosign-part1.md,1,2,,10000,,6,2.0,1,,2 month,OK,
p2p_state_channels,https://github.com/peer3to/state-channels-plus,github.com/w3f/Grants-Program/blob/master/applications/P2PStateChannels.md,2,,3,100000,,,6.0,0,,3 month; 1.5 month; 1.5 month,OK,
pacificstore,https://github.com/vlbos/pacificstore-node,github.com/w3f/Grants-Program/blob/master/applications/pacific_store.md,1,1,,0,,5,5.52,2,,12 week; 6 week; 6 week,OK,
pallet_drand_client,https://github.com/random-meat/drand-substrate-client,github.com/w3f/Grants-Program/blob/master/applications/pallet-drand-client.md,1,1,2,28000,2.00,2,4.0,2,,2 month; 1 month; 1 month,OK,
pallet_supersig_decentration,https://github.com/kabocha-network/pallet_supersig,github.com/w3f/Grants-Program/blob/master/applications/pallet_supersig.md,3,2,,,,2,,3,,1 month; 7 week; 4 week; 4 week; 3 week,OK,
pallet-verifier,https://github.com/davidsemakula/pallet-verifier,github.com/w3f/Grants-Program/blob/master/applications/pallet-verifier.md,1,1,,30000,,1,,2,,4 month; 8 week; 8 week,OK,
PANIC,https://github.com/SimplyVC/panic,github.com/w3f/Grants-Program/blob/master/applications/Validator_Monitoring_Service.md,1,1.5,2,29000,3.00,4,4.0,2,,2 month; 1 month; 1 month,OK,
parachain_staking,https://github.com/PureStake/moonbeam,github.com/w3f/Grants-Program/blob/master/applications/web3-compatible-api.md,2,2,,2,,,1.38,0,,6 week,OK,
parallel,https://github.com/parallel-finance/parallel,github.com/w3f/Grants-Program/blob/master/applications/Parallel.md,2,4,4,9,16.00,2,7.68,2,,4 month; 8 week; 8 week; 28 day; 28 day,OK,
paraport,https://github.com/paraportxyz/app,github.com/w3f/Grants-Program/blob/master/applications/paraport_m1.md,1,2,3,30000,6.00,2,3.0,0,,3 month,OK,
ParaSpell,https://github.com/dudo50/ParaSpell,github.com/w3f/Grants-Program/blob/master/applications/ParaSpell.md,1,1,2,10000,2.00,,4.0,1,,2 month; 2 month,OK,
Paraspell-followup,https://github.com/paraspell/sdk,github.com/w3f/Grants-Program/blob/master/applications/ParaSpell_follow-up2.md,3,1,2,10000,2.00,3,4.0,1,,2 month; 2 month,OK,
ParaSpell-followup2,https://github.com/paraspell/sdk,github.com/w3f/Grants-Program/blob/master/applications/ParaSpell_follow-up2.md,1,1,2,10000,2.00,3,4.0,1,,2 month; 2 month,OK,
patron,https://github.com/Brushfam/patron-backend,github.com/w3f/Grants-Program/blob/master/applications/patron.md,1,,,,,16,,0,,7 week; 7 week,OK,
perun_app_channels,https://github.com/perun-network/perun-polkadot-pallet,github.com/w3f/Grants-Program/blob/master/applications/perun_app_channels.md,3,2,6,90000,12.00,6,12.0,3,,6 month; 2 month; 1.5 month; 2.5 month,OK,
perun_channels,https://github.com/perun-network/perun-polkadot-pallet,github.com/w3f/Grants-Program/blob/master/applications/perun_app_channels.md,2,2,6,90000,12.00,6,12.0,3,,6 month; 2 month; 1.5 month; 2.5 month,OK,
perun_integration,https://github.com/perun-network/perun-polkadot-pallet,github.com/w3f/Grants-Program/blob/master/applications/perun_app_channels.md,5,2,6,90000,12.00,6,12.0,3,,6 month; 2 month; 1.5 month; 2.5 month,OK,
php-rpc-lib,https://github.com/gmajor-encrypt/php-scale-codec,github.com/w3f/Grants-Program/blob/master/applications/php-scale-lib.md,2,,,12000,,1,3.22,0,,8 week; 4 week; 2 week,OK,
php-rpc-lib-follow-up,https://github.com/gmajor-encrypt/php-substrate-api,github.com/w3f/Grants-Program/blob/master/docs/RFPs/php-api.md,1,,,,,,,0,,,OK,
php-scale-lib,https://github.com/gmajor-encrypt/php-scale-codec,github.com/w3f/Grants-Program/blob/master/applications/php-scale-lib.md,2,,,12000,,1,3.22,0,,8 week; 4 week; 2 week,OK,
php-substrate-api,https://github.com/neha0921/substrate-interface-package,github.com/w3f/Grants-Program/blob/master/applications/php-substrate-api.md,1,2,,0,,4,,2,,15 day; 10 day; 5 day,OK,
Plus,https://github.com/Nick-1979/polkadot-Js-Plus-extension,github.com/w3f/Grants-Program/blob/master/applications/Plus-follow-up.md,2,1,3,,3.00,1,6.0,1,,3 month; 3 month,OK,
Plutonication,https://github.com/RostislavLitovkin/Plutonication,github.com/w3f/Grants-Program/blob/master/applications/Plutonication.md,4,0.83,2,25000,1.66,,6.0,4,,1 month; 2 month; 1 month; 1 month; 1 month; 1 month,OK,
pocs,https://github.com/auguth/pocs,github.com/w3f/Grants-Program/blob/master/applications/index.md,3,,,,,,,0,,,OK,
polkadart,https://github.com/rankanizer/polkadart,github.com/w3f/Grants-Program/blob/master/applications/Polkadart.md,4,4.,15,75000,60.00,5,30.0,4,,27 month; 15 month; 4 month; 1 month; 6 month; 4 month,OK,
Polkadart_extension,https://github.com/leonardocustodio/polkadart,github.com/w3f/Grants-Program/blob/master/applications/polkadart_extension.md,1,1.5,4,30000,6.00,3,8.0,2,,4 month; 1 month; 3 month,OK,
polkadart-followup,https://github.com/leonardocustodio/polkadart,github.com/w3f/Grants-Program/blob/master/applications/polkadart_extension.md,1,1.5,4,30000,6.00,3,8.0,2,,4 month; 1 month; 3 month,OK,
polkadex,https://github.com/Polkadex-Substrate/Polkadex,github.com/w3f/Grants-Program/blob/master/applications/polkadex.md,1,3.5,,1,,5,3.22,2,,7 week; 5 week; 2 week,OK,
polkadot_analytics_platform,https://github.com/mobr-ai/PolkadotAnalytics,github.com/w3f/Grants-Program/blob/master/applications/polkadot_analytics_platform.md,1,0.85,1,10000,0.85,,2.0,1,,1 month; 1 month; 10 day; 1 month; 1 month,OK,
polkadot-contract-wizard,https://github.com/protofire/polkadot-contract-wizard,github.com/w3f/Grants-Program/blob/master/applications/inkscope-fuzzer.md,2,1.5,3,30000,4.50,2,6.0,2,,3 month; 1 month; 2 month,OK,
polkadot_dart,https://github.com/Pocket4D/Polkadot-Dart,github.com/w3f/Grants-Program/blob/master/applications/Polkadart.md,1,4.,15,75000,60.00,5,30.0,4,,27 month; 15 month; 4 month; 1 month; 6 month; 4 month,OK,
polkadot-desktop-app,,,3,,,,,,,,,,NO_REPO,
polkadotjs-ecdsa,,,1,,,,,,,,,,NO_REPO,
polkadotjs-ecdsa-hardware,https://github.com/gluneau/polkadotjs-ecdsa-hardware,github.com/w3f/Grants-Program/blob/master/applications/polkadotjs-ecdsa.md,1,,,0,,,0.92,0,,2 week; 2 week,OK,
polkadot-js-extension-per-account-auth,,,1,,,,,,,,,,NO_REPO,
polkadotjs_no_code,https://github.com/ezcodeco/Bubble-Plugin-Polkadot.js,github.com/w3f/Grants-Program/blob/master/applications/polkadotjs_no_code.md,2,2,2,18000,4.00,4,4.0,2,,2 month; 1 month; 1 month,OK,
polkadot-js-plus-nomination-pools,https://github.com/Nick-1979/polkadot-Js-Plus-extension,github.com/w3f/Grants-Program/blob/master/applications/Plus-follow-up.md,1,1,3,,3.00,1,6.0,1,,3 month; 3 month,OK,
polkadot-js-plus-social-recovery-wallet,https://github.com/Nick-1979/polkadot-Js-Plus-extension,github.com/w3f/Grants-Program/blob/master/applications/Plus-follow-up.md,1,1,3,,3.00,1,6.0,1,,3 month; 3 month,OK,
Polkadot-Protocol-Conformance-Tests,https://github.com/LimeChain/polkadot-conformance,github.com/w3f/Grants-Program/blob/master/applications/polkadot_tests.md,1,2.5,,28,,2,,1,,4 week; 8 week; 8 week,OK,
polkadot-runtime-releaser,https://github.com/hack-ink/polkadot-runtime-releaser,github.com/w3f/Grants-Program/blob/master/applications/polkadot-runtime-releaser.md,1,1,,22500,,1,3.68,1,,8 week; 8 week,OK,
polkadot_tests,https://github.com/Zondax/polkadot-testing,github.com/w3f/Grants-Program/blob/master/applications/polkadot_tests.md,1,2.5,,28,,2,,1,,4 week; 8 week; 8 week,OK,
Polkadot_Web_UI,https://github.com/RidOne-technologies/polkadot-angular-identicon,github.com/w3f/Grants-Program/blob/master/applications/Polkadot_Web_UI.md,1,0.62,,4000,,1,2.07,1,,5 week; 4 week,OK,
PolkaFlow,https://github.com/justmert/eco-flow-frontend,github.com/w3f/Grants-Program/blob/master/applications/polkaflow.md,1,1,2,10000,2.00,1,4.0,1,,2 month; 2 month,OK,
polkaj_android_support,https://github.com/emeraldpay/polkaj,github.com/w3f/Grants-Program/blob/master/applications/Polkadot-Dart.md,2,5.3,5,1,26.50,2,10.0,4,,5 month; 1 month; 1 month; 1.5 month; 1.5 month,OK,
polkakey,https://github.com/w3finance/PolkaKey,github.com/w3f/Grants-Program/blob/master/applications/PolkaKey.md,2,,,0,,,1.84,0,,3 week; 2 week; 2 week; 1 week; 2 week,OK,
polkamask,https://github.com/PolkaGate/polkaMask,github.com/w3f/Grants-Program/blob/master/applications/polkamask.md,1,2,3,28000,6.00,5,3.0,0,,3 month,OK,
polkamusic,https://github.com/polkamusic/PolkaMusic-Core,github.com/w3f/Grants-Program/blob/master/applications/polkamusic.md,1,4,,12000,,4,3.68,2,,24 hour; 24 hour; 24 hour; 6 month; 8 week; 4 week; 4 Week,OK,
polkashots,https://github.com/midl-dev/polkadot-snapshot-generator,github.com/w3f/Grants-Program/blob/master/applications/polkashots.md,1,0.5,,1,,1,1.0,1,,24 hour; 24 hour; 1 month,OK,
polkastats,https://github.com/Colm3na/polkastats-backend-v3,github.com/w3f/Grants-Program/blob/master/applications/polkastats.md,3,,3,3,,,6.22,0,,3 month; 6 week; 4 week; 4 week,OK,
polk-auction,https://github.com/CrommVardek/polk-auction-core,github.com/w3f/Grants-Program/blob/master/applications/polk-auction.md,3,1.7,,6800,,1,2.99,3,,4 week; 6 week; 3 week,OK,
Polkawatch,,,2,,,,,,,,,,NO_REPO,
polket_toearnfun,https://github.com/polketio/polket-node,github.com/w3f/Grants-Program/blob/master/applications/index.md,2,,,,,,,0,,,OK,
pontem-network,https://github.com/pontem-network/sp-move,github.com/w3f/Grants-Program/blob/master/applications/Substrate_Move_System_Pallet_1.md,3,2,1,48,2.00,2,1.0,0,,1 month,OK,
preparing-polkadot-pallet-balances-for-formal-verification,https://github.com/.../preparing-polkadot-pallet-balances-for-formal-verification.md,github.com/w3f/Grants-Program/blob/master/applications/Preparing Polkadot pallet_balances for Formal Verification.md,1,,,,,2,,0,,1 Month; 1 month,OK,
PRIMIS,https://github.com/Primis-Labs/client,github.com/w3f/Grants-Program/blob/master/applications/Primis.md,1,3,,10000,,3,2.76,1,,6 week; 6 week,OK,
PrivaDEX_aggregator,https://github.com/kapilsinha/privadex,github.com/w3f/Grants-Program/blob/master/applications/PrivaDEX_aggregator.md,4,2,5.5,55000,11.00,3,11.0,4,,5.5 month; 1.5 month; 1 month; 1.5 month; 1.5 month,OK,
Profond,https://github.com/profondHQ/profond-psp22-contract,github.com/w3f/Grants-Program/blob/master/applications/Profond.md,2,2,,10,,7,2.0,2,,2 month; 1 month; 1 month,OK,
project_aurras_mvp_phase,https://github.com/HugoByte/aurras,github.com/w3f/Grants-Program/blob/master/applications/project_aurras_mvp_phase_2.md,5,4,,42880,,6,,4,27.789,528 Person Day,OK,
prosopo,https://github.com/prosopo-io/provider,github.com/w3f/Grants-Program/blob/master/applications/prosopo.md,2,,,,,,,0,,19 day; 5 month; 10 week; 546 hour; 8 week; 273 hour,OK,
psc,https://github.com/OmniBTC/PSC,github.com/w3f/Grants-Program/blob/master/applications/index.md,1,,,,,,,0,,,OK,
qrucial_dao,https://github.com/Qrucial/QRUCIAL-DAO,github.com/w3f/Grants-Program/blob/master/applications/QRUCIAL_DAO.md,2,0.7,4,40000,2.80,3,8.0,2,,4 month; 2 month; 2 month,OK,
QSTN,https://github.com/QSTN-US/Polkadot-QSTN-v1,github.com/w3f/Grants-Program/blob/master/applications/QSTN.md,1,8,15,10000,120.00,2,35.0,2,,15 month; 15 month; 6 month; 2.5 month; 2.5 month,OK,
quadratic-funding,https://github.com/OAK-Foundation/quadratic-funding-pallet,github.com/w3f/Grants-Program/blob/master/docs/RFPs/on-chain-quadratic-funding.md,2,,,,,,,0,,,OK,
quadratic-funding-pallet,https://github.com/zhangjiannan/QFgrant,github.com/w3f/Grants-Program/blob/master/docs/RFPs/on-chain-quadratic-funding.md,3,,,,,,,0,,,OK,
queryWeb3,https://github.com/Query-Web3/database,github.com/w3f/Grants-Program/blob/master/applications/queryWeb3.md,1,60,4.5,30000,270.00,3,8.0,3,,4.5 month; 1.5 month; 1 month; 1 month,OK,
RainbowDAO-Protocol-ink!-Phase1,https://github.com/RainbowcityFoundation/RainbowDAO-Protocol-Ink-milestone_1,github.com/w3f/Grants-Program/blob/master/applications/RainbowDAO Protocol ink Phase 1.md,2,8,,48000,,11,3.68,2,,6 month; 3 month; 8 week; 3 week; 5 week,OK,
rb_substrate_client,https://github.com/uni-arts-chain/sr25519,github.com/w3f/Grants-Program/blob/master/applications/rb_substrate_client.md,1,2,,8000,,2,1.84,2,,4 week; 2 week; 2 week,OK,
RedStone,https://github.com/redstone-network/redstone-node,github.com/w3f/Grants-Program/blob/master/applications/RedStone Network.md,1,2,3,20000,6.00,4,6.0,2,,3 month; 1 month; 2 month,OK,
regionx,https://github.com/RegionX-Labs/RegionX,github.com/w3f/Grants-Program/blob/master/applications/RegionX.md,2,,4,30000,,2,6.5,3,,4 month; 1 month; 1.5 month,OK,
relaycode,https://github.com/itsyogesh/relaycode,github.com/w3f/Grants-Program/blob/master/applications/relaycode.md,2,2,2,30000,4.00,2,4.0,2,,2 month; 1 month; 1 month,OK,
research-feasibility-go-runtime,https://github.com/limechain/gosemble,github.com/w3f/Grants-Program/blob/master/applications/Polkadot-Protocol-Conformance-Tests.md,1,2,,49280,,3,,1,,,OK,
research-feasibiliy-java-host,https://github.com/LimeChain/java-host-research,github.com/w3f/Grants-Program/blob/master/docs/RFPs/alternative_polkadot_host_implementations.md,1,,,,,,,0,,,OK,
roloi,https://github.com/RoloiMoney/roloi-polkadot-w3f-grant,github.com/w3f/Grants-Program/blob/master/applications/Roloi.md,1,2,1,20000,2.00,3,2.0,1,,2 month; 1 month; 1 month,OK,
roloi-xcm-payment-automation,https://github.com/NeoPower-Digital/tempora,github.com/w3f/Grants-Program/blob/master/applications/roloi-xcm-payment-automation.md,2,3,2.5,52500,7.50,3,5.0,2,,2.5 month; 1.5 month; 1 month,OK,
Rubeus_keeper,https://github.com/bsn-si/rubeus-smartcontract,github.com/w3f/Grants-Program/blob/master/applications/Rubeus_keeper_st2.md,2,2,2,25000,4.00,7,4.0,2,,2 month; 1 month; 1 month,OK,
Rubeus_keeper_st2,https://github.com/bsn-si/rubeus-smartcontract,github.com/w3f/Grants-Program/blob/master/applications/Rubeus_keeper_st2.md,2,2,2,25000,4.00,7,4.0,2,,2 month; 1 month; 1 month,OK,
ruby,https://github.com/rubyprotocol/documents,github.com/w3f/Grants-Program/blob/master/applications/RubyProtocol.md,2,3,2,30000,6.00,4,8.0,2,,2 month; 5 month; 1 month,OK,
rv_kmir,https://github.com/runtimeverification/mir-semantics,github.com/w3f/Grants-Program/blob/master/applications/rv-kmir.md,4,1.5,,100000,,2,3.22,4,,14 week; 3 week; 3 week; 6 week; 8 week; 2 week,OK,
SaaS3,https://github.com/SaaS3-Foundation/dRuntime-fat,github.com/w3f/Grants-Program/blob/master/applications/SaaS3.md,2,2,3,10000,6.00,5,6.0,2,,3 month; 1 month; 2 month,OK,
saito-gamebridge,https://github.com/SaitoTech/saito-crypto-api-modules,,2,,,,,,,0,,,OK,
sandox_ms3_delivery,https://github.com/sandoxio/sandox,github.com/w3f/Grants-Program/blob/master/docs/RFPs/IDE_for_ink_Smart_Contracts.md,1,,,,,,,0,,,OK,
Sandox_st1_ms1_delivery,https://github.com/sandoxio/sandox,github.com/w3f/Grants-Program/blob/master/docs/RFPs/IDE_for_ink_Smart_Contracts.md,1,,,,,,,0,,,OK,
Sandox_st1_ms2_delivery,https://github.com/sandoxio/sandox,github.com/w3f/Grants-Program/blob/master/docs/RFPs/IDE_for_ink_Smart_Contracts.md,1,,,,,,,0,,,OK,
sarp-basic-functionality,https://github.com/scs/MIRAI,github.com/w3f/Grants-Program/blob/master/applications/pallet-verifier.md,1,1,,30000,,1,,2,,4 month; 8 week; 8 week,OK,
scale-codec-comparator,https://github.com/gmajor-encrypt/scale-codec-comparator,github.com/w3f/Grants-Program/blob/master/applications/xcm-tools-follow-up-2.md,3,1,,5000,,1,1.38,1,,3 Week; 3 week,OK,
ScoutCoinFabrik,https://github.com/CoinFabrik/scout,github.com/w3f/Grants-Program/blob/master/applications/CoinFabrik_On_Ink_Integration_Tests.md,2,2.5,,13500,,4,0.92,1,,2 week; 2 week,OK,
Security_Marketplace,https://github.com/ParthChaudhary31/Security_Marketplace_Backend,github.com/w3f/Grants-Program/blob/master/applications/Security_Marketplace.md,1,4,,29920,,7,,2,,12 hour; 1 week; 1 day; 14 week; 8 week; 6 week,OK,
sensio_network,,,1,,,,,,,,,,NO_REPO,
SEOR-code-less-smart-contract-platform,https://github.com/SealSC/smart-contracts,github.com/w3f/Grants-Program/blob/master/applications/SEOR-code-less-smart-contract-platform.md,2,3,,12500,,3,3.0,3,,95 day; 1 month; 1 month; 1 month,OK,
sequester,https://github.com/SequesterChain/pallets,github.com/w3f/Grants-Program/blob/master/applications/sequester.md,1,,,25000,,2,2.3,0,,5 week; 5 week,OK,
shadows-network,https://github.com/ShadowsNetwork/shadows,github.com/w3f/Grants-Program/blob/master/applications/shadows-network.md,1,5,3,1,15.00,6,6.0,2,,3 month; 1.6 month; 1.4 month,OK,
Shivarthu,https://github.com/amiyatulu/shivarthu,github.com/w3f/Grants-Program/blob/master/applications/Shivarthu.md,2,2,8,20000,16.00,3,16.0,2,,15 day; 15 day; 8 Month; 4 month; 4 month,OK,
signac,https://github.com/digitalnativeinc/signac,github.com/w3f/Grants-Program/blob/master/applications/signac.md,2,1,,30000,,1,3.22,2,,4 week; 10 week,OK,
signet,https://github.com/TalismanSociety/siws,github.com/w3f/Grants-Program/blob/master/applications/signet.md,1,1,1,26400,1.00,2,1.0,2,,1 month; 5 month; 5 month,OK,
silent_data,https://github.com/appliedblockchain/silentdata-node-public,github.com/w3f/Grants-Program/blob/master/applications/project_silentdata.md,1,,,,,2,,0,,2 month,OK,
sirato-substrate-explorer-phase3,https://github.com/web3labs/epirus-substrate,github.com/w3f/Grants-Program/blob/master/applications/hybrid.md,1,1,,10000,,1,5.52,3,,12 week; 6 week; 3 week; 3 week,OK,
skyekiwi-protocol,https://github.com/skyekiwi/skyekiwi-protocol,github.com/w3f/Grants-Program/blob/master/applications/skyekiwi-protocol.md,2,2,4,30000,8.00,,8.0,2,,4 month; 16 week; 2 month; 2 month,OK,
skyepass,https://github.com/skyekiwi/skyepass-vault,github.com/w3f/Grants-Program/blob/master/applications/skyepass.md,1,2.5,,28500,,3,6.67,2,,16 week; 3 Week; 35 Hour; 3 Week; 50 hour; 10 Week; 12 month,OK,
skynet-substrate-integration,https://github.com/SkynetLabs/skynet-substrate,github.com/w3f/Grants-Program/blob/master/applications/skynet-substrate-integration.md,1,0.1875,8,30000,1.50,11,16.0,1,,8 Month; 8 month,OK,
slonigiraf,https://github.com/slonigiraf/recommendation-letter,github.com/w3f/Grants-Program/blob/master/applications/slonigiraf.md,1,1,1,10000,1.00,1,2.0,1,,1 month; 1 month,OK,
slothunter,https://github.com/hack-ink/slothunter,github.com/w3f/Grants-Program/blob/master/applications/polkadot-runtime-releaser.md,2,1,,22500,,1,3.68,1,,8 week; 8 week,OK,
social_recivery_wallet,https://github.com/hypha-dao/hashed-wallet,github.com/w3f/Grants-Program/blob/master/docs/RFPs/social-recovery-wallet.md,3,,,,,,2.99,3,,4 week; 5 week; 4 week,OK,
societal,https://github.com/sctllabs/societal-front-end,github.com/w3f/Grants-Program/blob/master/applications/Societal.md,2,3,4,30000,12.00,3,8.0,2,,4 month; 2 month; 2 month,OK,
societal-grant,https://github.com/sctllabs/societal-grant-2-submission,github.com/w3f/Grants-Program/blob/master/applications/Societal.md,5,3,4,30000,12.00,3,8.0,2,,4 month; 2 month; 2 month,OK,
sol2ink,https://github.com/727-Ventures/sol2ink,github.com/w3f/Grants-Program/blob/master/applications/sol2ink.md,1,1,,36000,,5,6.44,1,,20 week; 8 week,OK,
sol2ink-delivery,https://github.com/Supercolony-net/sol2ink,github.com/w3f/Grants-Program/blob/master/applications/sol2ink-follow-up.md,1,2,,60000,,5,6.44,2,,10 week; 8 week; 10 week,OK,
Solang-developer-experience-improvements,https://github.com/hyperledger/solang,github.com/w3f/Grants-Program/blob/master/applications/ink-pallet-benchmarking-phase-2.md,2,1,,6000,,4,2.3,1,,2 day; 2 day; 1 day; 2 day; 3 day; 3 day; 3 day; 3 day; 1 day; 1 day; 1 day; 1 day,OK,
Solang_Playground,https://github.com/hyperledger-labs/solang-playground,github.com/w3f/Grants-Program/blob/master/applications/Solang_Playground.md,4,,13,25000,,8,26.0,4,,13 month; 4 month; 5 month; 3 month; 3 month; 2 month,OK,
solidity-trie-verifier,https://github.com/polytope-labs/solidity-merkle-trees,github.com/w3f/Grants-Program/blob/master/applications/solidity-trie-verifier.md,1,2.5,,30000,,2,2.76,1,,6 Week; 6 Week,OK,
solidity-verifier-for-accountable-light-client,https://github.com/ethereum/EIPs,github.com/w3f/Grants-Program/blob/master/applications/NFT_Bridge_Protocol_for_NFT_Migration_and_Data_Exchange.md,2,2,,,,2,,4,,7 week; 66 day; 2 week; 21 day; 2 week; 20 day; 1 week; 10 day; 1 week; 15 day,OK,
spacewalk,https://github.com/pendulum-chain/spacewalk,github.com/w3f/Grants-Program/blob/master/applications/spacewalk-bridge.md,2,0.5,3,30000,1.50,3,8.5,3,,3 Month; 1 month; 2 month; 2.5 month,OK,
spartan_poc_consensus_module,https://github.com/subspace/spartan-codec,github.com/w3f/Grants-Program/blob/master/applications/spartan_poc_consensus_module.md,3,2,,29999,,2,5.52,3,,36 hour; 18 month; 12 week; 4 week; 4 week; 4 Week,OK,
SpellRouter_Milestone,https://github.com/paraspell/xcm-router,,2,,,,,,,0,,,OK,
sr25519_donna,https://github.com/TerenceGe/sr25519-donna,github.com/w3f/Grants-Program/blob/master/applications/sr25519_donna.md,2,,,0,,,1.84,0,,4 week; 2 week; 2 week,OK,
ssal,https://github.com/MatteoPerona/ssal_commods,github.com/w3f/Grants-Program/blob/master/applications/ssal-commods-dex.md,1,2.5,2,10000,5.00,15,4.0,1,,2 Month; 2 month,OK,
stable-asset,https://github.com/nutsfinance/stable-asset,github.com/w3f/Grants-Program/blob/master/applications/stable-asset.md,3,2,1,20000,2.00,2,2.15,3,,1 month; 1.5 week; 1.5 week; 2 week,OK,
staking-rewards-viewer,https://github.com/jackson-harris-iii/staking-rewards-viewer,github.com/w3f/Grants-Program/blob/master/applications/staking-rewards-collector-front-end.md,1,,,,,1,,1,,12 day,OK,
Standard_Protocol,https://github.com/digitalnativeinc/standard-substrate,github.com/w3f/Grants-Program/blob/master/applications/new-order.md,1,1,,15000,,1,2.3,1,,10 week,OK,
Stardust,https://github.com/adit313/State-of-the-Stablecoin-Industry,github.com/w3f/Grants-Program/blob/master/applications/stardust.md,2,2,,10,,2,2.3,2,,5 month; 8 hour; 5 Week; 2 Week; 3 Week,OK,
starks_network,https://github.com/gbctech/starks-node,github.com/w3f/Grants-Program/blob/master/applications/starks_network.md,1,3,1,1,3.00,5,2.0,1,,1 month; 1 month,OK,
Starry_Network,https://github.com/Starry-Network/starry_node,github.com/w3f/Grants-Program/blob/master/applications/Starry_Network.md,1,1,2.5,10000,2.50,1,5.0,1,,2.5 month; 2.5 month,OK,
stone-index-on-substrate,https://github.com/stonedefi/stone-index-substrate-ui,github.com/w3f/Grants-Program/blob/master/applications/stone-index-on-substrate.md,1,3,,0,,4,0.69,0,,3 week,OK,
storageHub,https://github.com/Moonsong-Labs/storage-hub-runtime-poc,github.com/w3f/Grants-Program/blob/master/applications/StorageHub.md,2,,,,,6,,0,,2 Month; 1 Month; 1 Month; 1 Month; 1 month,OK,
Stylograph,https://github.com/deep-ink-ventures/genesis-dao-node,github.com/w3f/Grants-Program/blob/master/applications/Stylograph.md,1,3,,100000,,,5.0,2,,5 month; 3 month; 2 month,OK,
subalfred,https://github.com/hack-ink/subalfred,github.com/w3f/Grants-Program/blob/master/applications/subalfred.md,3,1,,30000,,1,3.68,3,,8 week; 5 week; 2 week; 1 week,OK,
subauction,https://github.com/galacticcouncil/Basilisk-node,github.com/w3f/Grants-Program/blob/master/applications/subauction.md,2,2,,,,2,,2,,3 month; 5 week; 3 week,OK,
subcoin,https://github.com/subcoin-project/subcoin,github.com/w3f/Grants-Program/blob/master/applications/Subcoin.md,3,1,3,30000,3.00,1,6.0,3,,3 month; 1 month; 1 month; 1 month,OK,
subdao-network,https://github.com/SubDAO-Network/subdao-node,github.com/w3f/Grants-Program/blob/master/applications/SubDAO_Network.md,1,4,2,0,8.00,5,4.0,0,,2 month; 2 month,OK,
subdao-network_chrome_extension,https://github.com/SubDAO-Network/subdao-extension,github.com/w3f/Grants-Program/blob/master/applications/SubDAO_Network.md,1,4,2,0,8.00,5,4.0,0,,2 month; 2 month,OK,
subdao-network_polkasign,https://github.com/SubDAO-Network/polkasign-contract,github.com/w3f/Grants-Program/blob/master/applications/SubDAO_Network.md,1,4,2,0,8.00,5,4.0,0,,2 month; 2 month,OK,
subdex,https://github.com/subdarkdex/pallet-subdex,github.com/w3f/Grants-Program/blob/master/applications/subdex.md,1,2,,2,,,1.84,0,,8 week,OK,
SubGame_Network,https://github.com/SubGame-Network/subgame-network,github.com/w3f/Grants-Program/blob/master/applications/SubGame_Network.md,2,3,,0,,3,5.52,0,,12 week; 12 week,OK,
SubIdentity,https://github.com/TDSoftware/subidentity-webapp,github.com/w3f/Grants-Program/blob/master/applications/SubIdentity.md,3,3,3,49500,9.00,5,6.0,3,,3 month; 1 month; 1 month; 1 month,OK,
subquery,https://github.com/OnFinality-io/subql,github.com/w3f/Grants-Program/blob/master/applications/subquery.md,1,2,1.5,1,3.00,3,2.96,2,,1.5 month; 1 month; 2 week,OK,
SubRelay,https://github.com/subrelay/subrelay-api,github.com/w3f/Grants-Program/blob/master/applications/subrelay.md,2,1.5,5,30000,7.50,3,7.5,2,,5 month; 2.5 month; 5 month,OK,
subscript_lang,https://github.com/ascontract/subscript,github.com/w3f/Grants-Program/blob/master/applications/subscript_lang.md,1,2,2,2,4.00,2,4.0,1,,2 month; 2 month,OK,
SubsCrypt,https://github.com/oxydev/SubsCrypt-solidty,github.com/w3f/Grants-Program/blob/master/applications/SubsCrypt.md,3,5,,30,,2,5.29,3,,9 week; 3 week; 5 week; 6 week,OK,
subsmt,https://github.com/farcloud-labs/subsmt,github.com/w3f/Grants-Program/blob/master/applications/subsmt.md,2,3,2,10000,6.00,2,4.0,2,,2 month; 1 month; 1 month,OK,
Substats,https://github.com/CESSProject/substats,github.com/w3f/Grants-Program/blob/master/applications/substats.md,3,2,5,,10.00,5,10.0,3,,5 month; 2 month; 2 month; 1 month,OK,
substrate_client_java,https://github.com/strategyobject/substrate-client-java,github.com/w3f/Grants-Program/blob/master/applications/Deitos_Network.md,2,3,,30,,4,5.52,2,,12 week; 3 month; 6 week; 6 week,OK,
substrate_core_polywrapper,https://github.com/polywrap/integrations,github.com/w3f/Grants-Program/blob/master/applications/substrate_core_polywrapper.md,1,2,1,50000,2.00,4,2.0,1,,1 month; 1 month,OK,
substrate_evm_adapter,https://github.com/subclone/subeth,github.com/w3f/Grants-Program/blob/master/applications/substrate-evm-adapter.md,2,1,,30000,,1,6.9,2,,15 week; 6 week; 9 week,OK,
substrate-molochdao,https://github.com/DoraFactory/Substrate-Moloch-V1,,2,,,,,,,0,,,OK,
Substrate_Move_System_Pallet,https://github.com/eigerco/substrate-move,github.com/w3f/Grants-Program/blob/master/applications/Substrate_Move_System_Pallet_1.md,2,2,1,48,2.00,2,1.0,0,,1 month,OK,
substrate_startkit_GUI,https://github.com/MVPWorkshop/substrate-startkit-gui-api,github.com/w3f/Grants-Program/blob/master/applications/pallet_maci.md,2,,,,,2,,0,,4 month; 2 month; 1 month; 1 month,OK,
substrate-tutorials,https://github.com/rusty-crewmates/substrate-tutorials,github.com/w3f/Grants-Program/blob/master/applications/pallet_supersig.md,2,2,,,,2,,3,,1 month; 7 week; 4 week; 4 week; 3 week,OK,
subvt_telegram_bot-milestones-1-and,https://github.com/helikon-labs/subvt,github.com/w3f/Grants-Program/blob/master/applications/subvt-telegram-bot.md,1,0.33,3,9600,0.99,1,6.0,2,,8 month; 9 month; 3 month; 1.5 month; 1.5 month,OK,
subwallet,https://github.com/yxf/subwallet,github.com/w3f/Grants-Program/blob/master/applications/subwallet.md,2,,,0,,,3.68,0,,8 week; 4 week; 4 week,OK,
subxtpy,https://github.com/philoniare/subxtpy,github.com/w3f/Grants-Program/blob/master/applications/bison.md,2,2,3,30000,6.00,2,6.0,3,,3 month; 1 month; 1.5 month; 0.5 month,OK,
sunshine-keybase,https://github.com/sunshine-protocol/sunshine-keybase,github.com/w3f/Grants-Program/blob/master/applications/sunshine-keybase.md,1,,,,,3,1.38,1,,6 week,OK,
sup,,,2,,,,,,,,,,NO_REPO,
supersig_fellowship,https://github.com/decentration/pallet_supersig,github.com/w3f/Grants-Program/blob/master/applications/supersig_fellowship.md,2,2,,,,2,,2,,1 month; 11 week; 5 week; 6 week,OK,
SwarmNL,https://github.com/algorealmInc/SwarmNL,github.com/w3f/Grants-Program/blob/master/applications/swarm-nl.md,2,1,3,48000,3.00,2,7.0,2,,3 month; 1.5 month; 2.5 month; 10 week; 2 week; 1 week; 1 week; 3 week; 1 week; 2 week; 2 week; 1 week,OK,
swift_api,https://github.com/tesseract-one/Substrate.swift,github.com/w3f/Grants-Program/blob/master/applications/mobile_dapp_connection.md,2,,,,,2,,0,,8 week; 6 week; 6 week,OK,
swush-dex-aggregator,https://github.com/swush-labs/swush-app,github.com/w3f/Grants-Program/blob/master/applications/swush-dex-aggregator.md,2,1.5,5,25000,7.50,2,5.0,2,,5 month; 2.5 month; 2.5 month,OK,
SydTek,https://github.com/jgophd/Developed-Materials-and-Raw-Data,github.com/w3f/Grants-Program/blob/master/applications/index.md,3,,,,,,,0,,,OK,
t3rn-xbi,https://github.com/t3rn/xbi,github.com/w3f/General-Grants-Program/blob/master/grants/speculative/t3rn.md,1,,,,,1,,0,,2 Week; 6 week; 4 Week; 4 Week,OK,
tcdt,https://github.com/tcdt-lab/bcdns,,4,,,,,,,0,,,OK,
tdot,https://github.com/nutsfinance/stable-asset,github.com/w3f/Grants-Program/blob/master/applications/tdot.md,3,2,,14000,,3,2.07,3,,4 week; 1 week; 2 week; 2 week,OK,
tellor,https://github.com/tellor-io/tellor-parachain-contracts,github.com/w3f/Grants-Program/blob/master/applications/Tellor.md,1,2,4,40000,8.00,4,8.0,2,,4 month; 2 month; 2 month,OK,
Threshold_Signature,https://github.com/Fiono11/cli,github.com/w3f/Grants-Program/blob/master/applications/ThresholdSignature.md,2,1,1,15000,1.00,1,2.0,2,,1 month; 0.5 month; 0.5 month,OK,
TogetherCrew_Community_health_check,https://github.com/RnDAO/tc-Documentation,github.com/w3f/Grants-Program/blob/master/applications/community-health-check.md,2,6,,15,,9,6.67,4,,10 week; 4 week; 6 week; 3 week; 6 week,OK,
tokeneconomics-survey,https://github.com/taqtiqa-mark/tokenomics-survey-2022,,3,,,,,,,0,,,OK,
Tokenguard - Milestone 1 & 2,https://github.com/tokenguardio/dashboard-creator-client,github.com/w3f/Grants-Program/blob/master/applications/Tokenguard.md,1,1.5,2,30000,3.00,8,4.46,2,,2 month; 2 month; 2 week,OK,
tpscore,https://github.com/BCS-Labs/tpscore-etl-system,github.com/w3f/Grants-Program/blob/master/applications/TPScore.md,2,2,2,10000,4.00,2,4.0,2,,2 month; 1 month; 1 month,OK,
tracking_chain,https://github.com/TrackingChains/TrackingChain,github.com/w3f/Grants-Program/blob/master/applications/tracking_chain.md,4,1,6.5,16,6.50,1,12.69,4,,6.5 month; 3 month; 1 month; 1.5 month; 3 week,OK,
TreasuryTracker,https://github.com/stake-plus/treasury-tracker,github.com/w3f/Grants-Program/blob/master/applications/TreasuryTracker.md,1,1.25,1,10000,1.25,3,1.0,0,,1 month,OK,
TREX_Network,https://github.com/NexTokenTech/TREX,github.com/w3f/Grants-Program/blob/master/applications/TREX_Network.md,1,,,10000,,6,2.0,1,,2 month,OK,
tribal_protocol,https://github.com/tribal-protocol/tribal_contract,github.com/w3f/Grants-Program/blob/master/applications/tribal_protocol.md,1,3,4,40000,12.00,3,4.0,3,,4 Month; 45 Day; 45 Day; 30 Day,OK,
tuxedo,https://github.com/Off-Narrative-Labs/Tuxedo,github.com/w3f/Grants-Program/blob/master/applications/TuxedoDapp.md,3,2,3,24000,6.00,2,6.0,1,,3 month; 1 month; 2 month,OK,
TuxedoDApp,https://github.com/mlabs-haskell/TuxedoDapp,github.com/w3f/Grants-Program/blob/master/applications/TuxedoDapp.md,2,2,3,24000,6.00,2,6.0,1,,3 month; 1 month; 2 month,OK,
tuxedo-parachain,https://github.com/Off-Narrative-Labs/Tuxedo,github.com/w3f/Grants-Program/blob/master/applications/TuxedoDapp.md,2,2,3,24000,6.00,2,6.0,1,,3 month; 1 month; 2 month,OK,
typechain-polkadot,https://github.com/Supercolony-net/typechain-polkadot,github.com/w3f/Grants-Program/blob/master/applications/typechain-polkadot.md,2,2,,44800,,5,6.9,3,,8 week; 8 week; 8 week; 6 week,OK,
typechain-polkadot-follow-up,https://github.com/727-Ventures/typechain-polkadot,github.com/w3f/Grants-Program/blob/master/applications/typechain-polkadot-follow-up.md,1,,,,,5,3.57,2,,8 week; 7.5 week; 12 week,OK,
typechain_revived,https://github.com/C-Forge/typechain-polkadot,github.com/w3f/Grants-Program/blob/master/applications/typechain_revived.md,2,3,,30000,,3,,2,,25 month; 75 month; 5 month,OK,
typink,https://github.com/dedotdev/typink,github.com/w3f/Grants-Program/blob/master/applications/typink.md,2,1.5,3,30,4.50,2,5.5,2,,3 month; 1.5 month; 1 month,OK,
uke_protocol,https://github.com/Uke-Messaging/uke,github.com/w3f/Grants-Program/blob/master/applications/Diffy_chat.md,2,3,3,30000,9.00,6,3.0,2,,3 month; 5 month; 5 month,OK,
unified_collator_node_deployment,https://github.com/for-parity-with-love/unified-collator-node-deployment,github.com/w3f/Grants-Program/blob/master/applications/unified_collator_node_deployment.md,1,,2.5,24500,,2,5.0,0,,2.5 month; 2.5 month,OK,
universaldot-me,https://github.com/UniversalDot/pallets,github.com/w3f/Grants-Program/blob/master/applications/universaldot-me.md,2,2.5,4,35000,10.00,3,8.0,2,,4 month; 2 month; 2 month,OK,
upgradeability,https://github.com/trustfractal/ink-upgrade-template,github.com/w3f/Grants-Program/blob/master/applications/upgradeability-by-proxy.md,1,,,,,2,2.0,2,,1 month; 1 month,OK,
validated_streams,https://github.com/comrade-coop/validated-streams,github.com/w3f/Grants-Program/blob/master/applications/validated-streams.md,2,1,3,10000,3.00,3,6.0,2,,3 month; 1.5 month; 1.5 month,OK,
Validator_Monitoring_Service,https://github.com/p2p-org/polkadot_monitoring_service,github.com/w3f/Grants-Program/blob/master/applications/Validator_Monitoring_Service.md,2,1.5,2,29000,3.00,4,4.0,2,,2 month; 1 month; 1 month,OK,
validators_selection,https://github.com/miepsik/validators_selection,github.com/w3f/Grants-Program/blob/master/applications/validators_selection.md,1,1,,9000,,1,1.38,2,,30 day; 4 week; 20 day; 2 week; 10 day,OK,
validators_selection1,https://github.com/miepsik/validators_selection,github.com/w3f/Grants-Program/blob/master/applications/validators_selection.md,1,1,,9000,,1,1.38,2,,30 day; 4 week; 20 day; 2 week; 10 day,OK,
ventur,https://github.com/Popular-Coding/ventur,github.com/w3f/Grants-Program/blob/master/applications/ventur.md,2,4,2,30000,8.00,2,4.0,2,,2 month; 1 month; 1 month,OK,
vera_defi_phase,https://github.com/veradefi/defi,github.com/w3f/Grants-Program/blob/master/applications/vera_defi.md,1,1.5,,6000,,2,3.68,1,,8 week; 8 week,OK,
walt-id_nft-infra,https://github.com/walt-id/waltid-nftkit,github.com/w3f/Grants-Program/blob/master/applications/walt-id_nft-infra.md,1,,,,,9,,1,,4 month,OK,
wasmedge_substrate,https://github.com/WasmEdge/WasmEdge,github.com/w3f/Grants-Program/blob/master/applications/wasmedge_substrate.md,2,,,,,2,,0,,3 month; 1 month; 1 month; 6 month,OK,
wasm-opt-for-rust,https://github.com/brson/wasm-opt-rs,github.com/w3f/Grants-Program/blob/master/applications/wasm-opt-for-rust.md,2,0.4,,30000,,2,,2,,4 month; 2 month; 2 month,OK,
wasm_runtimes_fuzzing,https://github.com/pventuzelo/wasm_runtimes_fuzzing,github.com/w3f/Grants-Program/blob/master/applications/wasm_runtimes_fuzzing.md,4,,3,4,,,5.76,0,,3 month; 2 week; 4 week; 4 week; 2 week,OK,
Web3Box,https://github.com/web3box-labs/apps,github.com/w3f/Grants-Program/blob/master/applications/Web3Box.md,1,2,,10000,,3,2.76,1,,6 week; 6 week,OK,
web3-compatible-api,https://github.com/PureStake/moonbeam,github.com/w3f/Grants-Program/blob/master/applications/web3-compatible-api.md,1,2,,2,,,1.38,0,,6 week,OK,
Web3Go,https://github.com/web3go-xyz/web3go-xyz-v2,github.com/w3f/Grants-Program/blob/master/applications/Web3Go.md,2,2,3,40000,6.00,5,13.0,2,,3 month; 2 month; 8 month,OK,
webb_extended_mixer,https://github.com/webb-tools/webb-dapp,,1,,,,,,,0,,,OK,
Webb_Mixer,https://github.com/webb-tools/anon,github.com/w3f/Grants-Program/blob/master/applications/MIXERv2.md,1,5,4,100000,20.00,,7.0,2,,4 month; 2 month; 1 month,OK,
Webb_Mixer_Extended,https://github.com/webb-tools/anon,github.com/w3f/Grants-Program/blob/master/applications/MIXERv2.md,1,5,4,100000,20.00,,7.0,2,,4 month; 2 month; 1 month,OK,
WeTEE,https://github.com/wetee-dao/chain,github.com/w3f/Grants-Program/blob/master/applications/WeTEE_Network.md,3,2,3.5,21000,7.00,4,7.0,3,,3.5 month; 1 month; 1 month; 1.5 month,OK,
whiteflag-on-fennel-protocol,https://github.com/fennelLabs/Fennel-Protocol,github.com/w3f/Grants-Program/blob/master/applications/Fennel_Protocol.md,2,3,3,50000,9.00,6,6.0,3,,3 month; 1 month; 1 month; 1 month,OK,
wika_network,https://github.com/randombishop/wika_etl,github.com/w3f/Grants-Program/blob/master/applications/wika_network.md,2,1,3,15000,3.00,6,8.0,3,,3 Month; 1 month; 1 month; 3 month,OK,
Xcavate,https://github.com/XcavateBlockchain/MVP_Lending_Pool,github.com/w3f/Grants-Program/blob/master/applications/Xcavate.md,1,4,2,8500,8.00,8,4.0,1,,2 month; 2 month,OK,
xcm-domain-service,https://github.com/azero-id/xcm-domain-service,github.com/w3f/Grants-Program/blob/master/applications/xcm-domain-service.md,2,1,2,30000,2.00,5,4.0,2,,2 month; 1 month; 1 month,OK,
xcm-sdk,https://github.com/blockcoders/xcm-sdk,github.com/w3f/Grants-Program/blob/master/applications/cross-chain-wallet.md,2,3,6,64000,18.00,3,12.0,4,,6 month; 2 month; 1 month; 2 month; 1 month,OK,
xcmsend,https://github.com/XcmSend/app-v0.0.1,github.com/w3f/Grants-Program/blob/master/applications/xcmsend.md,2,2,,30,,,1.84,0,,8 week; 4 week; 4 week,OK,
xcm-tools,https://github.com/gmajor-encrypt/xcm-tools,github.com/w3f/Grants-Program/blob/master/applications/xcm-tools-follow-up-2.md,3,1,,5000,,1,1.38,1,,3 Week; 3 week,OK,
xcm-tools-follow-up,https://github.com/gmajor-encrypt/xcm-tools,github.com/w3f/Grants-Program/blob/master/applications/xcm-tools-follow-up-2.md,2,1,,5000,,1,1.38,1,,3 Week; 3 week,OK,
xcnft,https://github.com/paraspell-research/xcnft-pallet,github.com/w3f/Grants-Program/blob/master/applications/xcNFT.md,2,1,6,30,6.00,3,12.0,2,,6 month; 6 month; 6 month; 4 month; 2 month,OK,
xNFT,https://github.com/antiers-solutions/xNFT,github.com/w3f/Grants-Program/blob/master/applications/xcNFT.md,1,1,6,30,6.00,3,12.0,2,,6 month; 6 month; 6 month; 4 month; 2 month,OK,
yatima,https://github.com/yatima-inc/yatima,github.com/w3f/Grants-Program/blob/master/applications/yatima.md,3,4,3,29999,12.00,6,5.76,3,,3 month; 3 week; 3 week; 6 week,OK,
yibanchen,https://github.com/YibanChen/yc-node,github.com/w3f/Grants-Program/blob/master/applications/yiban_chen1.md,2,2,,25000,,2,4.14,3,,9 week; 3 week; 3 week; 3 week,OK,
yieldscan_phase,https://github.com/yieldscan/yieldscan-frontend,github.com/w3f/Grants-Program/blob/master/applications/yieldscan_phase_2.md,1,3,1.5,20000,4.50,3,3.0,1,,1.5 month; 1.5 month,OK,
Zaturn_generic-attestable-oracle-parachain,https://github.com/Acurast/acurast-substrate,,1,,,,,,,0,,,OK,
zeeve_larch,https://github.com/Zeeve-App/larch,github.com/w3f/Grants-Program/blob/master/applications/ink-playground-ide-improvements.md,2,3,,24000,,3,,2,,,OK,
zenlink,https://github.com/zenlinkpro/whitepaper,github.com/w3f/Grants-Program/blob/master/applications/zenlink-smart-contract.md,1,4,,0,,5,0.92,1,,2 week; 2 week,OK,
zenlink_dex_smart_contract,https://github.com/zenlinkpro/whitepaper,github.com/w3f/Grants-Program/blob/master/applications/zenlink-smart-contract.md,1,4,,0,,5,0.92,1,,2 week; 2 week,OK,
ZeroDAO_Network-millestone,https://github.com/ZeroDAO/ZeroDAO-node,github.com/w3f/Grants-Program/blob/master/applications/ZeroDAO_Network.md,1,3.5,,15000,,2,3.22,1,,7 week; 7 week,OK,
zeropool-2-snjax,https://github.com/zeropoolnetwork/fawkes-crypto,github.com/w3f/Grants-Program/blob/master/applications/ZeroPool.md,1,3,4,63000,12.00,5,8.0,2,,4 month; 2 month; 2 month,OK,
zk-plonk,https://github.com/AstarNetwork/plonk,github.com/w3f/Grants-Program/blob/master/applications/zero-network.md,1,2,6.5,45000,13.00,2,13.0,3,,6.5 month; 2 month; 3 month; 1.5 month,OK,
zk-rollups,https://github.com/PlasmNetwork/ZKRollups,github.com/w3f/Grants-Program/blob/master/applications/zk-rollups.md,1,1,3,0,3.00,3,3.75,1,,3 month; 0.75 month,OK,
ZK-Snarks_with_Substrate_tutorial,https://github.com/bright/zk-snarks-with-substrate,,2,,,,,,,0,,,OK,
Zkverse,https://github.com/Zkvers/substrate-zk,github.com/w3f/Grants-Program/blob/master/applications/zkverse.md,1,1,2.5,24000,2.50,2,5.0,2,,2.5 month; 1 month; 1.5 month,OK,
zkwasm-rollups-transfer,https://github.com/KogarashiNetwork/Kogarashi,github.com/w3f/Grants-Program/blob/master/applications/zkwasm-rollups-transfer.md,2,2,5,20000,10.00,2,10.0,2,,5 month; 2 month; 3 month,OK,
