project_id,repo_url,resolved_commit,has_ci,has_tests,has_docker,has_docs,has_audit,has_lintfmt,onchain_runtime,has_contracts,dep_consensus,dep_crosschain,dep_zkcrypto,dep_contract,dep_frontend,n_pallets,n_extrinsics,n_storage,n_events,n_ink_msgs,n_sol_funcs,n_contracts_def,n_rpc,n_exports,n_funcs,n_classes,n_routes,status
admeta,https://github.com/AdMetaNetwork/admeta,d133bce5adaa41dc2acffa8f10b63928d22751b4,1,0,1,1,1,1,1,0,1,0,0,0,0,4,0,3,2,0,0,0,0,0,0,0,0,OK
Afloat,https://github.com/hashed-io/afloat-client-api,f71cb3c13690151632a0344f1421cae866c0dcfc,0,1,0,0,0,1,0,0,1,0,0,0,1,0,0,0,0,0,0,0,0,15,44,12,0,OK
agridot,https://github.com/kacena123/AgriDot,c54553b96181ed2a46c53c8c3073c5fe1c4c257a,0,1,0,0,0,0,0,0,1,0,0,1,1,0,0,0,0,0,0,0,0,33,113,9,0,OK
Aisland-DocSig,https://github.com/aisland-dao/docsig,b23cc85356d16baa35b06734492b261a45d15880,0,0,1,0,0,0,0,0,0,0,0,1,1,0,0,0,0,0,0,0,0,10,885,109,33,OK
ajuna,https://github.com/ajuna-network/Ajuna.SDK,d7a3403beeb617e785942021b31d7eb7581876bd,1,1,0,0,0,1,0,0,0,0,0,0,1,0,0,0,0,0,0,0,0,0,0,0,0,OK
AlgoCash,https://github.com/ReserveLabs/AlgoCash,64097eedd3677ce595e0538c6df0149f21a0f816,0,0,0,0,0,0,0,1,0,0,0,1,0,0,0,0,0,18,0,4,0,0,0,0,0,OK
anagolay-project-idiyanale-phase,https://github.com/anagolay/w3f-grant-support-repo,d3c2cc09a8f9aa56c079814ed1b201a3abd8eab5,0,0,0,0,0,0,0,0,0,0,0,0,0,0,0,0,0,0,0,0,0,0,0,0,0,OK
anchor,https://github.com/ff13dfly/Anchor,4ff4976a5f767c82844417f03ff376e677a8164c,0,1,0,0,0,0,0,0,1,0,1,1,1,2,4,2,1,0,0,0,0,0,138,0,0,OK
apron-network,https://github.com/Apron-Network/apron-node,3c1a9efced6093e5788e4f3da87ec5fe981f356f,0,0,1,0,0,0,1,0,1,0,0,1,0,0,0,0,0,0,0,0,0,0,0,0,0,OK
ares_protocol,https://github.com/aresprotocols/ares-module,b4a9e0a0c8b7c5c1ba0919769ba372d62b848e3d,0,1,1,0,0,0,1,0,1,0,0,0,1,0,0,0,0,0,0,0,0,21,77,1192,8,OK
ArtZero_InkWhale,https://github.com/ArtZero-io/Contracts,fe205b8203987ac3bfcdde5d0f969f5ad49e5ace,0,1,0,0,0,1,0,1,1,0,0,1,1,0,0,0,0,167,0,0,0,219,69,148,0,OK
assemblyscript-scale-codec,https://github.com/LimeChain/as-scale-codec,9d70bd6a2dcb8eca2afbe7d90ef2361771819eb3,1,1,0,0,0,0,0,0,0,0,0,1,0,0,0,0,0,0,0,0,0,27,5,29,0,OK
Awesome-Polka,https://github.com/tolgayayci/awesome-polka,a0a838df2470660d9d14050890366495781704d5,0,0,0,0,0,0,0,0,0,0,0,0,0,0,0,0,0,0,0,0,0,0,0,0,0,OK
BandersnatchVRF,https://github.com/Esscrypt/bandersnatch-vrf,6a25211ad95c84d0b259bac7bc49d6f798d44d2b,0,1,0,0,0,0,0,0,0,0,0,0,1,0,0,0,0,0,0,0,0,81,85,18,0,OK
bit_country,https://github.com/bit-country/Bit-Country-Blockchain,375aaf8a97aa5edd684fbc07697290575e1cb114,1,0,1,0,1,0,1,0,1,1,1,1,0,24,0,71,12,16,0,3,0,0,0,0,0,OK
blackprint_js,https://github.com/Blackprint/Blackprint,01e95e1cd41117b1b33db1c2fa83f8b2b5c58ee6,1,1,0,0,0,0,0,0,1,0,0,0,0,0,0,0,0,0,0,0,0,12,48,22,0,OK
bright_tresury,https://github.com/bright/bright-tresury,689b6c08dde426701bbab2685043660dfa22518e,0,1,1,1,0,1,0,0,1,0,0,1,1,0,0,0,0,0,0,0,0,1222,1232,750,149,OK
calamar,https://github.com/topmonks/calamar,76954c810465eafaab7755d7c19308cc36726d17,1,1,1,0,0,1,1,0,0,0,0,1,1,0,0,0,0,0,0,0,0,507,419,66,0,OK
candle_auction_ink,https://github.com/agryaznov/candle-auction-ink,f6e3c53ac9dc622cb79052c9ba010bdc54d4bef9,0,0,0,0,0,0,0,0,0,0,0,1,1,0,0,0,0,8,0,1,0,0,0,0,0,OK
canyon_network_phrase,https://github.com/canyon-network/canyon,48e5f1da23da30f922d174a1975995eba64de21a,1,0,1,0,0,0,1,0,1,0,0,1,0,4,0,10,2,0,0,0,5,0,0,0,0,OK
centrifuge-gsrpc-v2,https://github.com/centrifuge/go-substrate-rpc-client,fa39166a1274125d7e5f676353dc6a438f4a77aa,1,1,1,0,0,0,0,0,0,0,1,0,0,0,0,0,0,0,0,0,0,0,2023,73,0,OK
Cere_Turnkey_Private_Blockchain_Network,https://github.com/Cerebellum-Network/private-standalone-network-node,1bb1a23e7643d487c2914f25fff54851cb409fe9,1,0,1,1,0,0,1,0,1,0,0,1,0,0,0,0,0,0,0,0,0,0,0,0,0,OK
ces_data_store,https://github.com/CESSProject/data-store-pallet,0a1934e58efe8a51a860ded4c80446e9ecc89745,0,0,0,1,0,1,1,0,1,0,0,0,0,2,0,1,1,0,0,0,0,0,0,0,0,OK
CESS,https://github.com/Cumulus2021/cess,ed90b22fbc5c088d444c074124225941d3d313f4,0,0,0,1,0,1,1,0,1,0,0,1,0,6,0,45,3,0,0,0,0,0,0,0,0,OK
chainviz,https://github.com/helikon-labs/chainviz,bb93ab1fbe003fcd7f690f94d7ffb8b7e9eec43c,1,1,0,0,0,1,0,0,0,0,0,0,1,0,0,0,0,0,0,0,0,56,77,68,1,OK
choko-wallet,https://github.com/choko-wallet/wallet-app,74d922808276d102869b1939bc6fee9eb52b47a7,1,1,0,0,0,1,0,0,0,0,0,0,1,0,0,0,0,0,0,0,0,49,75,13,0,OK
CILA-omnichain-infrastructure,https://github.com/Collective-Intelligence-Labs/cila-substrate,e6b68cbf5c41a0c7b0d7e919a5c4d522051d7e0f,1,0,1,1,0,1,1,0,1,0,0,0,0,6,6,4,3,0,0,0,0,0,0,0,0,OK
clover_january21,https://github.com/clover-network/clover,ebbe3721a4bfdea2a7b72f8316f4d4bd866491c0,1,1,1,0,0,1,0,1,1,0,1,1,0,0,0,0,0,0,20,3,62,0,3,0,0,OK
Cogency,https://github.com/CogencyWeb3/Web3MediaPilot,c772f551a4860d7b0063ba7f246d871265291c6f,0,0,0,0,0,0,0,0,0,0,0,0,0,0,0,0,0,0,0,0,0,0,0,0,0,OK
CoinFabrik_On_Ink_Integration_Tests,https://github.com/CoinFabrik/on-ink-integration-tests,93db4273b562803d2f68400d3dd84412cf1c583c,1,0,0,0,0,0,0,0,0,1,0,1,0,0,1,0,0,48,0,31,0,0,1,0,0,OK
Contract_wizard,https://github.com/protofire/polkadot-contract-wizard,75b2f69b43aff1bad92fa5c32b776e44d80f811f,1,1,1,0,0,1,0,1,0,0,0,1,1,0,0,0,0,10,0,0,0,464,388,149,0,OK
CoongWallet,https://github.com/CoongCrafts/coong-wallet,42cfa03b9014934462a9f8497435ca257ca56332,1,1,1,0,0,1,0,0,0,0,0,0,1,0,0,0,0,0,0,0,0,216,335,104,0,OK
CosmWasmVM_CoreProduct,https://github.com/CosmWasm/cosmwasm,00746b5e21642a521d6bcdd2ddf22edcb8deda09,1,1,0,1,1,1,0,1,0,1,1,1,0,0,0,0,0,0,0,0,0,0,10,0,0,OK
c++polkadot-light-client,https://github.com/eqlabs/polkadot-light-client,cb3406098198c58f1a31a5ead11f5e5b31a82618,0,1,0,1,0,0,0,0,0,0,0,0,0,0,0,0,0,0,0,0,0,0,0,0,0,OK
create-substrate-app,https://github.com/philoniare/create-substrate-app,395ffec9891bf9fc15831bec3e25b8d38d20d676,0,1,0,1,0,1,0,0,0,0,0,0,1,0,0,0,0,0,0,0,0,16,18,10,1,OK
crossbow,https://github.com/dodorare/crossbow,7da4f92d7b1cc0ad2fbf6ed7f4765d8c473ac04e,1,1,0,1,0,1,0,0,0,1,0,0,0,0,0,0,0,0,0,0,0,0,0,0,0,OK
cryptex,https://github.com/ideal-lab5/smoldot,7bb3d7ed199b5eb71e3efdc613847122f85a05a1,1,1,1,0,1,0,0,0,1,0,1,1,1,0,0,0,0,0,0,0,0,64,207,32,0,OK
cryptolab-staking-reward-collector-front-end,https://github.com/cryptolab-network/chain-data-collector,91b563d7670d9bd91af5c618378a20dd62728ba0,0,0,0,0,0,0,0,0,0,0,0,0,1,0,0,0,0,0,0,0,0,20,15,36,0,OK
cScale,https://github.com/MatthewDarnell/cScale,58b2acb9db3af2b3e5108f9fdf111187ca00f39d,0,1,0,1,0,0,0,0,0,0,0,0,0,0,0,0,0,0,0,0,0,0,0,0,0,OK
curve_amm,https://github.com/equilibrium-eosdt/equilibrium-curve-amm,5c726482e5468136fc6e10d2f9e40bde84d5af3b,0,0,0,1,0,0,1,0,1,0,0,0,1,2,0,2,1,0,0,0,0,0,5,0,0,OK
cyborg,https://github.com/Cyborg-Network/cyborg-parachain,9685a55711b2e1ec63fdbc6603965e7b3784f8d6,1,0,1,0,0,0,1,0,1,1,0,1,0,4,6,8,2,0,0,0,0,0,0,0,0,OK
cyclops,https://github.com/ArthurHoeke/cyclops,2cf70dd4370e501abc47209cd53a602aaaef4559,0,1,0,0,0,1,0,0,0,0,0,0,1,0,0,0,0,0,0,0,0,39,127,13,39,OK
da_comparative_study,https://github.com/Chainscore/DA-Research,05d50fa309b98f0a8d50b80008687b972f57ec7c,1,1,1,0,0,0,0,0,0,0,0,1,1,0,0,0,0,0,0,0,0,13,52,5,0,OK
Dante_Network,https://github.com/dantenetwork/protocol-stack-for-ink,34cc24b32bcef99a3dccb7e0b349b21401551642,0,1,0,1,0,0,0,1,0,0,0,1,1,0,0,0,0,43,0,4,0,0,10,0,0,OK
daos,https://github.com/daos-org/daos,6aceca275d8dd1a2b2c7ae9ac42c7048a4f78bf9,0,0,0,0,0,0,0,0,0,0,0,0,0,12,0,32,6,0,0,0,0,0,0,0,0,OK
DAOsign,https://github.com/DAOsign/polkadot-smart-contracts,862aa66d485e0da34ae9fbbb0c91963ab97dcb2e,1,1,1,1,0,0,0,1,0,0,0,1,0,0,0,0,0,6,0,1,0,1,172,0,0,OK
dapp_wallet_integration_native_mobile_libraries,https://github.com/tesseract-one/Tesseract.android,c8ab6953240d8cb004a9293ee94222ff13bd0557,0,1,0,0,0,0,0,0,0,1,0,0,0,0,0,0,0,0,0,0,0,0,0,75,0,OK
dart-scale-codec,https://github.com/nbltrust/dart-scale-codec,22e062dfda1f0d49aab4e826d708bcf0949fc72e,0,1,0,0,0,0,0,0,0,0,0,0,0,0,0,0,0,0,0,0,0,0,0,0,0,OK
Datagen_Project,https://github.com/Datagen-Project/Datagen-Substrate-Grant,30fac49626bf290b9e7878a25b69d2dca2d5ce7d,1,0,1,1,0,1,1,0,1,0,0,0,0,6,0,19,3,0,0,0,0,0,0,0,0,OK
data_platform_with_deep_indexed_data_and_staking_reports,https://github.com/p2p-org/polkadot-grant,c22cab7f8356b9220c86cea95433beba1a309979,0,0,1,0,0,0,0,0,0,0,0,0,0,0,0,0,0,0,0,0,0,0,0,0,0,OK
datdot,https://github.com/playproject-io/datdot-service,791b8d5fdd31a36cec809b57a67d42db68e0ac89,0,0,0,0,0,0,0,0,0,0,0,0,1,0,0,0,0,0,0,0,0,7,60,0,0,OK
dauth_network,https://github.com/DAuth-Network/instant-proof,487d89776842ad737b0c06af9c55ad6732518394,0,0,1,0,0,0,0,0,0,1,1,1,0,0,0,0,0,0,0,0,0,0,12,0,0,OK
Decentralised_Security_Marketplace,https://github.com/ParthChaudhary31/Security_Marketplace_Smartcontract,b32d3aba5d47220cdfb0b1393a72d820a09f5b70,0,0,0,0,0,0,0,0,0,0,0,1,0,0,0,0,0,18,0,4,0,0,0,0,0,OK
Decentralized_Threshold_Signing_Service,https://github.com/Fiono11/decentralized_threshold_signing_service,8f735e2365364c0d2fd253c3127f755dc1d09ac1,0,1,1,0,0,0,0,0,0,0,0,0,0,0,0,0,0,0,0,0,0,2,82,1,0,OK
decentralml,https://github.com/livetreetech/DecentralML,5996cd0dd3d26e63831b57b83975fb9d7b252721,0,0,1,1,0,1,1,0,1,0,0,0,0,6,6,13,3,0,0,0,0,0,74,10,0,OK
deeper_network,https://github.com/deeper-chain/deeper-chain,e3bdb757529f4a52e1169d71659f19b8a1b66016,1,1,0,1,0,1,1,1,1,0,1,1,1,18,0,109,9,0,7,1,0,8,102,0,0,OK
Deitos_Network,https://github.com/Deitos-Network/deitos-ip,39488fdc2fc831d63dceb5eebcd6165247d5ae6b,0,1,1,1,0,0,0,0,0,0,0,0,0,0,0,0,0,0,0,0,0,0,1,0,1,OK
delightfuldot,https://github.com/CoongCrafts/delightfuldot,ab05612c309404477573a96dc2d45c2d46f0bab4,1,1,1,0,0,1,0,0,0,0,0,0,1,0,0,0,0,0,0,0,0,791,136,121,0,OK
delmonicos,https://github.com/Delmonicos/charger-node,f6b8ba673f6551b383b9a5b76c1e3cca5e5058f5,1,0,1,0,0,1,1,0,1,0,0,1,0,8,0,11,4,0,0,0,2,0,0,0,0,OK
democratic-governance,https://github.com/encointer/pallets,f6e15ecfc2a7c85905f13ec49db69073c0d3a8ae,1,0,0,0,0,1,0,0,0,0,0,0,0,18,47,67,9,0,0,0,13,0,0,0,0,OK
DIA_Bridgestate,https://github.com/diadata-org/bridgestate-ocw,b11e71a263099f1aca2695558d3b36a5176535f6,0,0,0,0,0,0,0,0,0,0,0,0,0,2,2,1,1,0,0,0,0,0,0,0,0,OK
Diffy_messenger_st1_ms1,https://github.com/Belsoft-rs/diffychat-pallet,78fbb3a973aa25cc9f270e02c551fc81825a4e78,1,0,1,1,0,1,1,0,1,0,0,0,0,2,3,2,1,0,0,0,0,0,0,0,0,OK
Diffy_messenger_st1_ms2,https://github.com/Belsoft-rs/diffychat-pallet,5ff7e47cf8b6a4bf6e26a55c3836dabe44d047d5,0,0,1,1,0,1,1,0,1,0,0,0,0,2,5,3,1,0,0,0,0,0,0,0,0,OK
dipole-oracle-millestone,https://github.com/DipoleTech/dipole-oracle,daf00351fb604db519e88a894aeee2c8209885a3,0,0,1,0,0,0,1,0,1,0,0,0,1,0,0,0,0,0,0,0,0,2,5,0,0,OK
distributed_cryptography_for_polkadot_wallets,https://github.com/perun-network/polkadot-wallet-grant,9bd4053d0868ecf85f2c89ca4d86f6054f3cbc1e,0,0,0,0,0,0,0,0,0,0,0,0,0,0,0,0,0,0,0,0,0,0,0,0,0,OK
distributedKeyManagement,https://github.com/KryptikApp/swordExample,c23e7a72d9161f6c7a8c44f5d03ba3e64fdd8da0,0,1,0,1,0,1,0,0,1,0,1,1,1,0,0,0,0,0,0,0,0,265,218,71,0,OK
DistrubutedKeyManagement,https://github.com/KryptikApp/sword,7eaab1b18123d2b098e27068c286842aa6ab50eb,0,0,0,0,0,0,0,0,0,0,0,0,0,0,0,0,0,0,0,0,0,0,0,0,0,OK
DKSAP,https://github.com/GreenLemonProtocol/dksap-polkadot,baa81158fdbb1d3f06a8a062b32ca06c3e867c42,0,1,0,0,0,0,0,0,0,0,0,1,1,0,0,0,0,9,0,1,0,6,10,0,4,OK
dora-factory-multisig,https://github.com/DoraFactory/dorafactory-multisig,0857c6489d78d7fd0ec92f59434e02e688b62788,0,1,1,1,0,1,0,0,0,0,0,0,1,0,0,0,0,0,0,0,0,2,2,0,3,OK
Doter,https://github.com/ChainBridgeNetworkTeam/Doter,b3a6b09ec981b64f329f421e34596ce2e37c96e0,0,1,0,1,0,0,0,0,1,0,0,1,1,0,0,0,0,0,0,0,0,183,608,66,0,OK
dotflow,https://github.com/TheDotflow/dotflow-ink,465ecd535adad7b5de9f8d5a5b25158cc1055b69,1,0,1,0,0,1,0,1,0,0,0,1,0,0,0,0,0,24,0,2,0,0,0,0,0,OK
dot-login,https://github.com/singkeo/dot-login,dcfc09006da7a033c61f7c7e8f40df85721a52da,0,0,1,0,0,0,0,0,0,0,1,0,0,0,0,0,0,0,0,0,0,0,0,0,0,OK
dotly,https://github.com/justmert/dotly-backend,e4c75adf54c67a2d86f3d22860b55553641a0004,0,1,0,0,0,0,0,0,0,0,0,0,0,0,0,0,0,0,0,0,0,0,159,21,25,OK
dot_marketplace,https://github.com/WowLabz/dot_marketplace_docker,e4fc9a5ba074ba9df86f66ac5141a90f073dc90f,0,0,1,0,0,0,0,0,0,0,0,0,0,0,0,0,0,0,0,0,0,0,0,0,0,OK
dot_marketplace-Phase3,https://github.com/WowLabz/dot-marketplace-v2,f45f18301056765d913eecfaba1b72350b878b92,0,0,1,1,0,1,1,0,1,0,0,0,0,4,0,8,2,0,0,0,0,0,0,0,0,OK
dot_marketplace_v2,https://github.com/WowLabz/dot-marketplace-v2,06ca3b17963a93d09a05a73e63ac5aebc813de10,0,0,1,1,0,1,1,0,1,0,0,0,0,4,0,8,2,0,0,0,0,0,0,0,0,OK
dotmog,https://github.com/dotmog/SubstrateNetApi,7f3463903493ad241c3a7f2b7d893b17a3812ba0,0,0,0,0,0,0,0,0,0,0,0,0,0,0,0,0,0,0,0,0,0,0,0,0,0,OK
dotnix,https://github.com/sporyon/dotnix-core,e29a51734d61c150adfcba2fa6a018250e14e667,0,0,0,0,0,0,0,0,0,0,0,0,0,0,0,0,0,0,0,0,0,0,0,0,0,OK
dotnix_followup,https://github.com/sporyon/dotnix-core,88d566372d584b699bb92b45862a8191ff7fe4de,1,0,0,0,0,0,0,0,0,0,0,0,0,0,0,0,0,0,0,0,0,0,0,0,0,OK
DotPay,https://github.com/bytepayment/bytepay,216386fc5d86c4e01c6d424914403fe60d5354fb,0,1,1,1,0,1,0,0,0,0,0,1,1,0,0,0,0,5,0,1,0,44,68,20,1,OK
dotpulse,https://github.com/CrossChainLabs-DOT/dotpulse-api,f3cf33274b9dbea3404e36faef4e3f01e496701e,0,1,1,0,0,0,0,0,0,0,0,0,0,0,0,0,0,0,0,0,0,3,6,0,9,OK
eiger-PNS,https://github.com/eigerco/polkadot-native-storage,aa636ff6a4e96705aa37426f36e627d741a13e84,0,1,1,1,0,0,1,0,1,1,0,0,0,8,14,10,3,0,0,0,6,0,0,0,0,OK
eightfish,https://github.com/eightfish-org/eightfish,1cddd6c44d02e025ac74d4595c7d30ced4c9066d,0,1,1,1,0,1,1,0,1,0,0,0,0,2,0,4,1,0,0,0,2,0,0,0,0,OK
ElasticLabs_PolakdotAgentKit,https://github.com/elasticlabs-org/polkadot-agent-kit,edb75aaf1d2d1f999b62425642bd39b3d4b27203,1,1,0,0,0,1,0,0,1,1,0,1,1,0,0,0,0,0,0,0,0,374,573,84,0,OK
eliza-plugin-dot,https://github.com/ChainSupport/eliza-plugin-dot,a10238298076bdcdec679f73eb5636ffb74992f4,0,1,0,1,0,0,0,0,0,0,1,0,1,0,0,0,0,0,0,0,0,24,14,27,0,OK
ElizaPolkadotPlugin,https://github.com/elizaOS/eliza,9ea1bd682f0de73dd22b28ff5aff119ed57f8e39,0,0,0,0,0,0,0,0,0,0,0,0,0,0,0,0,0,0,0,0,0,0,0,0,0,OK
epirus_substrate_explorer,https://github.com/web3labs/epirus-substrate,7b9f6695638b7da1c6844176feec9e28209426c2,1,1,1,0,0,1,0,1,0,0,0,1,1,0,0,0,0,0,0,0,0,418,193,241,0,OK
epirus_substrate_explorer-phase2,https://github.com/web3labs/epirus-substrate,c27c1dc56ca69d263e61d0f0d5e59b979eb19057,1,1,1,0,0,1,0,1,0,0,0,1,1,0,0,0,0,0,0,0,0,474,260,281,0,OK
epirus_substrate-phase2,https://github.com/web3labs/epirus-substrate,0c79496b75cd2c50996a067dfd9353c375362506,1,1,1,0,0,1,0,1,0,0,0,1,1,0,0,0,0,0,0,0,0,565,288,344,0,OK
escrow,https://github.com/herou/EscrowPallet,4a2150f6cd1519dcc83195ca6c309e56f40a08dc,0,0,0,0,0,0,0,0,0,0,0,0,0,0,0,0,0,0,0,0,0,0,0,0,0,OK
Evanesco_Network,https://github.com/Evanesco-Labs/WhiteNoise.rs,3d37dbf691177bbd660df0fb7b8c60a6a79cc5c4,0,1,0,1,0,0,0,0,0,0,1,0,0,0,0,0,0,0,0,0,0,0,0,0,0,OK
Faceless,https://github.com/HeisenbergLin22/Faceless_milestone2_delivery,2db2b8a068f48a5beae4907188b096159427fed4,0,1,1,1,0,1,1,0,1,0,0,1,1,4,0,5,2,0,0,0,0,18,63,0,0,OK
faceless_delivery,https://github.com/HeisenbergLin22/Faceless_milestone1,fa34685ebaccc67212ea68fe06a0a0787aa7a12e,0,1,1,1,0,1,1,0,1,0,0,1,1,4,0,2,2,0,0,0,0,18,63,0,0,OK
fair_squares,https://github.com/Fair-Squares/fair-squares,4af2375d2885bebe0b965429fae40aade69e9c30,1,0,1,1,0,1,1,0,1,0,0,1,0,24,0,38,12,0,0,0,0,0,0,0,0,OK
faterium,https://github.com/faterium/faterium-node,8e1df0640059b4cdb81cafe9cca394f670e354cb,1,1,1,1,0,1,1,0,1,0,0,0,0,2,0,3,1,0,0,0,0,0,0,0,0,OK
Faucet,https://github.com/karooolis/sybil-resistant-substrate-faucet,a9c7b2fc87df5c0213595fef27d2f262774c4240,0,1,0,0,0,1,0,0,0,0,0,0,1,0,0,0,0,0,0,0,0,28,15,0,0,OK
fennel-protocol,https://github.com/fennelLabs/Fennel-Protocol,29d21e896e7e735a07d385bcd8eb1c2167aa3246,1,0,1,0,0,1,1,0,1,0,0,0,0,8,0,14,4,0,0,0,0,0,0,0,0,OK
FIAT-on-off-ramp,https://github.com/element36-io/ebics-java-service,7b050853c546a5bbb1f46b7ef4fa644034a8b36e,1,1,1,1,0,0,0,0,0,0,0,0,0,0,0,0,0,0,0,0,0,0,0,1013,1,OK
fidi-dotsight,https://github.com/fidi-tech/dotsight,12280b45f5f1ddd855d6b91eaee4abbf1916f534,1,1,0,0,0,1,0,0,0,0,0,0,0,0,0,0,0,0,0,0,0,54,8,44,2,OK
fractapp,https://github.com/fractapp/fractapp,6a8facadd43b421dbd9289d789a921f75f0532a1,0,1,0,1,0,1,0,0,1,0,0,0,1,0,0,0,0,0,0,0,0,323,379,10,0,OK
FuturProtocol,https://github.com/RELAI-Network/relai-network,19feb86afec6ed8c227ae860076086399aac5326,0,0,0,0,0,1,1,0,1,0,0,1,0,6,9,8,3,0,0,0,0,0,0,0,0,OK
Gafi,https://github.com/cryptoviet/gafi,2090ecdf9b829b8aef1aa27ce27d32eb214529ec,1,1,1,1,0,1,1,1,1,1,1,1,1,26,0,31,13,0,2,2,0,4,26,1,0,OK
galaxy,https://github.com/7flash/galaxy-polkadot,f97d5e2e5eab3322782f72d3b469d11cbf7e94a9,0,1,1,0,0,1,0,0,1,0,0,1,1,0,0,0,0,0,0,0,0,15,69,6,0,OK
GenesisDAO,https://github.com/deep-ink-ventures/genesis-dao-node,e8e1cfe1bcceeae832175883ecd448b9138b071e,0,1,1,1,0,1,1,0,1,0,0,1,0,5,21,13,3,0,0,0,0,0,0,0,0,OK
gluon,https://github.com/tearust/gluon-website,815843ecd61b75e1ee19ebaef9190954616bf0fa,0,1,1,1,0,1,0,0,1,0,1,1,1,0,0,0,0,0,0,0,0,54,61,34,18,OK
grant_management_webapp,https://github.com/antiers-solutions/gmw-frontend,93cefb64f55038d87c0e8498a591569afdf66bf3,0,1,1,0,0,0,0,0,1,0,0,0,1,0,0,0,0,0,0,0,0,27,116,4,0,OK
grantmaster,https://github.com/Zaniyar/grantmaster,b0b3c1cf56f79e97a6c39d41e324a02b15f4f76e,0,1,1,0,0,0,0,0,0,0,1,0,1,0,0,0,0,0,0,0,0,30,25,23,10,OK
GreenLemon,https://github.com/GreenLemonProtocol/dksap-polkadot,6cc3eaab72bef3e5d5cf7a7a215a835de7af8dfc,0,1,0,0,0,0,0,0,0,0,0,1,1,0,0,0,0,15,0,1,0,6,10,0,4,OK
halva_bootstrapping,https://github.com/halva-suite/halva,4103aeb62c08725b4045a2f62af315f4bb1ae685,0,1,0,1,0,1,0,1,0,0,0,0,1,0,0,0,0,0,0,0,0,73,34,32,0,OK
halva-framework,https://github.com/halva-suite/halva,02fb082de0c6f7d404030388cbf00a0d57b4b5b0,0,1,0,0,0,1,0,1,0,0,0,0,1,0,0,0,0,0,0,0,0,44,17,14,0,OK
hamster-millestone,https://github.com/hamster-shared/hamster,5e1ea087d1d4a7935573c0891e2603f9ff11d719,0,0,1,1,0,0,1,0,1,0,0,1,0,8,0,19,4,0,0,0,0,0,0,0,0,OK
hex-space-social-graph,https://github.com/rust-0x0/hex-space-protocol-substrate,3653ef6a45284297f457e4a749c1527f74cb7323,0,0,0,0,0,0,0,0,0,0,0,1,0,0,0,0,0,46,0,2,0,0,0,0,0,OK
High-Availability validator setup,https://github.com/tikv/tikv,88bd7f1fe2cbcac31d516f76b10f1f213375a06f,0,1,1,1,1,1,0,0,1,1,0,1,1,0,0,0,0,0,0,0,0,0,20,0,0,OK
hs-web3,https://github.com/airalab/hs-web3,d63ce43a5de964aa9259c1b5cde4b98be4bf6465,1,1,0,1,0,0,0,1,0,0,0,1,0,0,0,0,0,0,0,0,0,0,0,0,0,OK
hybrid,https://github.com/hybrid-explorer/hybrid-indexer,b7a5ebccfb25665236574e24bbf0adc198dbb0e9,1,0,1,1,0,0,0,0,0,0,0,0,0,0,0,0,0,0,0,0,0,0,0,0,0,OK
hybrid2,https://github.com/hybrid-explorer/hybrid-indexer,a15b1ce1a4e40546e22e818d034880ca37187a60,1,0,1,1,0,0,0,0,0,0,0,0,0,0,0,0,0,0,0,0,0,0,0,0,0,OK
hybrid-node-research,https://github.com/Zondax/mayon,bfb7f1da367f7dc7fa270927a8efeeae5c29fc8a,0,1,1,1,0,0,0,0,0,1,0,1,0,0,0,0,0,0,0,0,0,0,0,0,0,OK
Hyperdot,https://github.com/Infra3-Network/hyperdot-node,68be8b95b572a0ce884107b8b53503ce75fb9883,0,1,1,1,0,0,0,0,0,0,0,0,0,0,0,0,0,0,0,0,0,0,182,2,1,OK
hyperfridge,https://github.com/element36-io/hyperfridge-r0,9803622bf7c2a04f539489684547a06d6cf18dab,1,1,1,1,0,0,0,0,0,0,1,0,0,0,0,0,0,0,0,0,0,0,0,0,0,OK
idavoll_network,https://github.com/idavollnetwork/idavoll,79dc2c70e29d45f848067ad1d2e5a2805ce4d488,0,0,0,0,0,0,1,0,1,0,0,0,0,0,0,0,0,0,0,0,0,0,0,0,0,OK
identics_identity_indexer,https://github.com/vikiival/identics,5b410184662d322a5b98be779e3135a00d6cf3c3,0,1,1,0,0,0,0,0,0,0,0,0,0,0,0,0,0,0,0,0,0,733,198,314,22,OK
identity_directory,https://github.com/Shard-Labs/identity-directory,781b9f2a35b5ef69761afc89d48395c1250d0590,0,1,1,1,0,1,0,0,1,0,0,1,1,0,0,0,0,0,0,0,0,35,13,2,0,OK
imbue_network,https://github.com/imbuenetwork/imbue,952d181881b114258d778935b0b1b286db1d3dc0,1,0,1,0,0,0,1,0,1,1,0,0,0,2,0,9,1,0,0,0,0,1,0,0,0,OK
infimum,https://github.com/rhysbalevicius/infimum,1f22ce36f370b4111075877356b8058835d05ba7,1,1,1,0,0,0,1,0,1,0,1,1,1,2,8,3,1,0,0,0,0,24,7,10,0,OK
ink-analyzer,https://github.com/ink-analyzer/ink-analyzer,6e2488408f82e70a5794c2cf2b45dc231e8d7b90,1,1,1,0,0,1,0,1,0,0,0,1,0,0,0,0,0,326,0,155,0,0,0,0,0,OK
ink-analyzer-phase,https://github.com/ink-analyzer/ink-analyzer,9d0122863b9060234299e9ac6fc633ec82aa6c4d,1,1,1,0,0,1,0,1,0,0,0,1,0,0,0,0,0,475,0,224,0,0,0,0,0,OK
ink-boxes,https://github.com/nerdsince98/ink-boxes,a31e714b6fd04e60b04c66189360d77d64108029,0,1,1,0,0,1,0,0,0,1,1,1,1,0,0,0,0,1542,0,456,0,9,24,0,0,OK
ink-explorer,https://github.com/blockcoders/ink-substrate-explorer-api,973488b773b9bfade66ee1c1a4aa20e38bf9fcac,1,1,1,0,0,1,0,1,0,0,0,1,1,0,0,0,0,0,0,0,0,55,57,30,2,OK
ink-pallet-benchmarking,https://github.com/Nikhil-Desai-Talentica/substrate-node-template-benchmarking,17be56bb0b3d3e209c97877854b7c2b8ed103513,1,0,1,1,0,1,1,0,1,0,0,0,0,2,2,1,1,0,0,0,0,0,0,0,0,OK
ink-playground,https://github.com/Zeeve-App/ink-playground,5bb6b61e067ea1b9ce17d099d994993e891437c1,1,1,1,0,0,1,0,0,0,0,0,1,1,0,0,0,0,2,0,1,0,131,41,5,0,OK
inkscope-fuzzer,https://github.com/inkscopexyz/inkscope-fuzzer,b08eee70a3aaec656a6ed4a09e340fa99d53ce1a,1,1,1,1,0,0,0,0,0,0,0,1,0,0,0,0,0,47,0,14,0,0,1,0,0,OK
ink-smart-contract-wizard,https://github.com/avirajkhare00/ink-wizard,b8be74a53122294e3a87df8300f84a9e00e90555,1,1,1,0,0,0,0,0,0,0,0,1,0,0,0,0,0,0,0,0,0,0,64,20,0,OK
Intersetellar-network-WP2,https://github.com/Interstellar-Network/lib_circuits,66d1a4ab44c2cf98030d95492f71cc845bd441b7,1,1,0,0,0,0,0,0,0,1,0,0,0,0,0,0,0,0,0,0,0,0,0,0,0,OK
Interstellar-Network,https://github.com/Interstellar-Network/api_garble,2feaee1be19a15ac81151bddc0a3cf254c0e1933,1,1,1,0,0,0,0,0,0,1,0,0,0,0,0,0,0,0,0,0,0,0,0,0,0,OK
Interstellar-Network-WP2,https://github.com/Interstellar-Network/lib-garble-rs,a214782a7b3555d326ecb89e7d88994efe5768a0,1,1,0,0,0,0,0,0,0,0,0,0,0,0,0,0,0,0,0,0,0,0,0,0,0,OK
InvArch,https://github.com/InvArch/InvArch-Pallet-Library,cddb100b6b180dfdae7ba3ab310af71f7b4059c1,1,0,0,0,0,1,0,0,0,0,0,1,0,8,0,22,4,0,0,0,0,0,0,0,0,OK
invoice,https://github.com/gertt/Invoice,552c407cea71a5b2c09481d0a6a060f65e01b064,1,0,1,1,0,1,1,0,1,0,0,0,0,2,0,3,1,0,0,0,0,0,0,0,0,OK
ipfs_utilities,https://github.com/TDSoftware/substrate-ipfs,5e0a0744c7b510a68c899ba98d7e73f04f90e691,1,1,1,1,1,1,1,1,1,1,1,1,1,391,460,425,87,0,0,0,95,1,1,0,0,OK
iris,https://github.com/iridium-labs/iris-docs,34728a14f1750c457b1da89a733cd747a4ba19e7,0,0,0,1,0,0,0,0,0,0,0,1,0,0,0,0,0,0,0,0,0,0,0,0,0,OK
iris_followup,https://github.com/ideal-lab5/iris,ff95f2e811386f6231c441fafe3a1204ed82676b,1,0,1,1,0,1,1,0,1,0,0,1,0,18,0,39,9,0,0,0,3,0,0,0,0,OK
iris_milestone-delivery,https://github.com/iridium-labs/ui,4eddf19f80ff154ba0ab2ab7ad863126779069bf,0,1,1,0,0,0,0,0,0,0,0,0,1,0,0,0,0,0,0,0,0,6,20,2,0,OK
ismp-milestone-delivery,https://github.com/polytope-labs/ismp,da32de9b4550896fcca6dab59137dbeaae5fca13,0,0,0,0,0,0,0,0,0,0,0,0,0,0,0,0,0,0,0,0,0,0,0,0,0,OK
ISO8583,https://github.com/adit313/ISO8583-Blockchain-Integration-Plan,14dc4d34183a857831ad5a0df512703ae2d660d3,0,0,0,0,0,0,0,0,0,0,0,0,0,0,0,0,0,0,0,0,0,0,0,0,0,OK
iso_8583_PoC,https://github.com/subclone/payment-processor,de62a9c391a98e1a2f94a44bca5e8300d6343b08,1,1,1,0,0,0,0,0,1,0,0,0,1,0,0,0,0,0,0,0,5,24,46,3,11,OK
Iunokit,https://github.com/Luno-lab/LunoKit,6862f28bd636f3e4b8a1e605d12615295bccb85e,1,1,0,0,0,0,0,0,0,0,0,1,1,0,0,0,0,0,0,0,0,309,272,105,0,OK
java-client,https://github.com/emeraldpay/polkaj,cfca4c8aee1e693e5d483691b1fdaf3e401b64ce,1,1,0,1,0,0,0,0,0,0,0,0,0,0,0,0,0,0,0,0,0,0,0,59,0,OK
java_client_mileston,https://github.com/emeraldpay/polkaj,95b5c7bb1d31ea17fc76c40f33c26b02a5550b25,1,1,0,1,0,0,0,0,0,0,1,0,0,0,0,0,0,0,0,0,0,0,0,207,0,OK
keysafe_network,https://github.com/keysafe-protocol/keysafe-app,7c93f7a72b7a8661fc378d08adb0b00456b34ccc,0,0,0,0,0,0,0,0,0,1,0,1,0,0,0,0,0,0,0,0,0,0,0,0,0,OK
Knowledge-Oriented-Framework,https://github.com/mobr-ai/POnto,f618b934afbc3c92e54a9305dbe2b99976c4b320,0,0,0,0,0,0,0,0,0,0,0,1,0,0,0,0,0,0,0,0,0,98,969,14,0,OK
Kodadot_assethub_nft_indexer,https://github.com/kodadot/stick,78f61d32f089f4906409152dd6002184ccc4b0f5,1,1,1,0,0,1,0,0,0,0,0,0,0,0,0,0,0,0,0,0,0,671,247,136,0,OK
kodadot_atomic_swap_indexer,https://github.com/kodadot/stick,e8f46f4677b036b61a59cfa8bbdc90a788472a48,1,1,1,0,0,1,0,0,0,0,0,0,0,0,0,0,0,0,0,0,0,696,263,142,0,OK
konomi,https://github.com/konomi-network/cumulus,6635931263c463fdf1dfa74fe6d6102f5f261536,1,1,1,1,0,1,1,0,1,1,0,1,1,26,0,55,9,0,0,0,5,0,5,0,0,OK
KSM-embeddable-tip-or-donate-button,https://github.com/Shard-Labs/kusama-tips-widget,e2e1629ba77449c4141d5a7c1374cbd3874ba623,0,0,0,0,0,0,0,0,0,0,0,0,1,0,0,0,0,0,0,0,0,8,10,0,0,OK
kuma-wallet,https://github.com/blockcoders/kuma-wallet,76b8b4485d113c4f736476fa0a7e1534f2fa925a,1,1,0,0,1,1,0,0,0,0,0,1,1,0,0,0,0,0,0,0,0,285,517,120,0,OK
kylin-network,https://github.com/Kylin-Network/kylin-node,ba009a7c5403475b96c95f84624593d3b685f2b9,0,0,1,1,0,0,0,0,1,0,0,1,0,0,0,0,0,0,0,0,0,0,0,0,0,OK
KZero,https://github.com/kzero-xyz/kzero,eadc7efa85a480b20a0456f7d14531ba2c241a33,0,1,1,0,0,1,0,0,1,0,1,0,0,2,4,2,1,0,0,0,0,0,0,0,0,OK
lastic,https://github.com/LasticXYZ/squid-sdk,f5d011645adad502c6a3faf327b3a5e08a4289dc,0,1,0,0,0,1,0,0,0,0,0,0,0,0,0,0,0,0,0,0,0,59,17,65,0,OK
lastic-price-simulator-milestione,https://github.com/LasticXYZ/price-simulation,78a08a98b46b722ce34e1d8c5bef7895d1a737f5,0,1,1,0,0,0,0,0,0,0,0,1,0,0,0,0,0,0,0,0,0,0,46,10,0,OK
LedgerAssetsApp_G6_1,https://github.com/Zondax/ledger-statemint,1edaa1b776088d699890857395aab698a7003d05,1,1,0,1,0,1,0,0,0,0,1,0,0,0,0,0,0,0,0,0,0,9,2,0,0,OK
ledgerUpgrade,https://github.com/Zondax/ledger-polkadot,33e7840e830c937e88f7f88510cd4454823ac0ee,1,1,0,1,0,1,0,0,0,0,1,0,1,0,0,0,0,0,0,0,0,12,6,0,0,OK
liberland,https://github.com/liberland/liberland_substrate,65d9ba170a7204a623dd7f2c710fabe09f024a5a,1,1,1,1,1,1,1,1,1,1,1,1,1,31,44,67,12,0,0,0,0,3,16,0,0,OK
Libra,https://github.com/atscaletech/libra,367699b1bb13d888b3f4ae8c9d5586ce4ee1eda6,1,0,1,0,0,1,1,0,1,0,0,0,0,10,0,17,5,0,0,0,0,0,0,0,0,OK
LiisaPortfolioTracker,https://github.com/LiisaNFT/PolkadotNFTPortfolioTracker,91b3b01e664a48f2548cb00e1faed92a40470163,0,1,1,0,0,0,0,1,1,0,0,1,1,0,0,0,0,0,0,0,0,9466,446,7803,1,OK
lip_payments,https://github.com/virto-network/virto-node,73c2af347d320b5abd9e377867106d16314b1472,1,0,0,1,0,0,1,0,1,1,0,1,0,2,0,1,1,0,0,0,0,0,0,0,0,OK
load_balanced_endpoints_operations,https://github.com/geometry-labs/substrate-meta,e72efba8d47bd70b269d326ea34c9a7a5cdbb32b,0,0,0,0,0,0,0,0,0,0,0,0,0,0,0,0,0,0,0,0,0,0,0,0,0,OK
logion_wallet,https://github.com/logion-network/logion-wallet,32617dd228335e5ef5a47d0d5cfb8e7c3f3e7556,1,1,1,0,0,0,0,0,1,0,0,1,1,0,0,0,0,0,0,0,0,997,971,324,1,OK
lunie-governance_milestones-1,https://github.com/luniehq/lunie,d0d9fec4c3ab8f2cea7aa58ecf02125e7d57b936,1,1,1,0,1,1,0,0,1,1,0,1,1,0,0,0,0,0,0,0,0,264,654,37,10,OK
lunokit,https://github.com/Luno-lab/LunoKit,be5c713a42e099a6825e73c94c02c01de1a78a41,1,1,0,0,0,0,0,0,0,0,0,1,1,0,0,0,0,0,0,0,0,299,261,97,0,OK
MangoBOX,https://github.com/Mangoboxlabs/Mangoboxink,37b4d065b767a4f90c75b134fe7081cc1ed5bd96,1,1,1,0,0,1,0,0,1,0,1,1,1,0,0,0,0,416,0,103,0,12,38,0,0,OK
MangoSale,https://github.com/Mangoboxlabs/MangoSale,ac0b9cca21a6c92449e4aa86f50182e9ba9d68c2,1,1,1,0,0,1,0,0,1,0,1,1,1,0,0,0,0,363,0,96,0,15,41,1,0,OK
manta_network,https://github.com/Manta-Network/pallet-manta-dap,4c2da4562af3eb9093f65ac1fc05c7528876b64a,1,1,0,0,0,1,0,0,0,0,1,0,0,2,0,9,1,0,0,0,0,0,0,0,0,OK
massbit_route,https://github.com/massbitprotocol/massbitroute,736579909aefa80941e69e2550c76ba91e2daace,1,0,0,1,0,0,0,0,0,0,0,0,0,0,0,0,0,0,0,0,0,0,0,0,0,OK
melodot,https://github.com/ZeroDAO/melodot,6a99ba5981d055dcbc487d865fffb5be06956e9b,1,0,1,1,0,1,1,0,1,0,0,0,0,7,11,7,2,0,0,0,6,0,0,0,0,OK
MeProtocol,https://github.com/Me-Protocol/rusty-protocol-v0.1,44e8efabd4b63bd100004a136e9c6e780c4e70cf,0,1,1,0,0,0,0,1,1,0,0,1,0,0,0,0,0,213,0,0,0,554,75,363,0,OK
merkle_tree,https://github.com/frisitano/merkle-tree-db,84ee5bfecb64d95ae4750032e840495c08cdc6d8,1,0,1,0,0,0,0,0,0,0,1,0,0,0,0,0,0,0,0,0,0,0,0,0,0,OK
migrationEase,https://github.com/Zondax/polkadot-web-migration,93f1ab8a6d28403d1aa06d63188c5d54f4b9865c,1,1,1,1,0,0,0,0,0,0,1,1,1,0,0,0,0,0,0,0,0,517,863,162,0,OK
mobile_dapp_connection,https://github.com/tesseract-one/Tesseract.rs,b4856f641bde4749129c4b48804c5077381309b0,0,1,0,1,0,0,0,0,0,0,0,1,0,0,0,0,0,0,0,0,0,0,0,0,0,OK
mobile-game-framework-millestone,https://github.com/creator-rs/creator,ece9d1f84816ef7420533fe35167cb1a5baca6c5,1,0,0,1,0,0,0,0,0,0,0,0,0,0,0,0,0,0,0,0,0,0,0,1,0,OK
multisignature_management_tool,https://github.com/itering/subscan-multisig-ui,30f83b4a4d9f0f060c46db103cee3125e8f0e487,1,0,1,0,0,1,0,0,1,0,0,1,1,0,0,0,0,0,0,0,0,71,79,2,0,OK
Multix-a-simple-UI-for-complex-multisigs,https://github.com/ChainSafe/Multix,81889ed1e986e34e2c534476e9af7c069e2ba99b,1,1,1,0,0,1,0,0,0,0,0,0,1,0,0,0,0,0,0,0,0,5003,119,4267,0,OK
myriad_social,https://github.com/myriadsocial/myriad-node-parachain,3ab2927ad397fd14afd8d6280a65cc25331751fd,1,0,1,0,0,1,1,0,1,1,0,0,0,6,14,13,3,0,0,0,0,0,0,0,0,OK
native-bitcoin-vaults,https://github.com/hashed-io/native-bitcoin-vaults-UI,31800a2f526f378599f27244a7b9500f8fbefa09,1,0,0,0,0,1,0,0,1,0,0,1,1,0,0,0,0,0,0,0,0,60,56,6,5,OK
NeuroZK,https://github.com/Cyborg-Network/cyborg-parachain,9685a55711b2e1ec63fdbc6603965e7b3784f8d6,1,0,1,0,0,0,1,0,1,1,0,1,0,4,6,8,2,0,0,0,0,0,0,0,0,OK
new_bls12_hash_function,https://github.com/dishport/Indifferentiable-hashing-to-ordinary-elliptic-curves-of-j-0-with-the-cost-of-one-exponentiation,f1f95be904823c69ce31cd39ae3ae45b25b8c331,0,0,0,0,0,0,0,0,0,0,0,0,0,0,0,0,0,0,0,0,0,0,0,0,0,OK
NewOmega,https://github.com/WiktorStarczewski/newomega.polkadot,c0c5ca0,0,0,0,0,0,0,0,0,0,0,0,1,0,0,0,0,0,26,0,6,0,0,0,0,0,OK
nftaa,https://github.com/decenzio/nftaa,d64de1633f5e705416abdc1f696c3fc8ca4b761d,0,0,0,0,0,0,0,0,0,0,0,0,0,0,0,0,0,0,0,0,0,0,0,0,0,OK
nft_collectibles_wallet,https://github.com/GamePowerNetwork/gamepower-module-library,33a37a7d0b9945a299bb413611b90cc274ef582f,1,0,0,1,0,1,0,0,1,0,0,0,0,0,0,0,0,0,0,0,0,0,0,0,0,OK
nft_explorer,https://github.com/uni-arts-chain/evm-nft-tracker,93a179ae90ea937b5d9fb4219d9d6aec462cf856,0,0,1,0,0,0,0,1,0,0,0,1,1,0,0,0,0,0,0,0,0,0,0,0,0,OK
nftstore-network,https://github.com/NFTT-studio/NFTMart-Node,a0b265bfb9cb9006f2fb4b6d6e40314a7092f4c2,1,1,1,1,0,1,1,0,1,0,0,1,1,16,0,29,7,0,0,0,3,25,69,8,0,OK
Nolik,https://github.com/chainify/nolik,da94d55a09ec6c9e4e0be1bf38d88240f1773334,0,0,1,0,0,0,0,0,0,0,0,0,0,0,0,0,0,0,0,0,0,0,0,0,0,OK
nulink,https://github.com/NuLink-network/nulink-chain,f33c097135acee6d702139e52d84c4a597246711,0,0,1,0,0,0,1,0,1,0,0,1,0,4,0,6,2,0,0,0,0,0,0,0,0,OK
ocelloids_monitoring_sdk,https://github.com/sodazone/ocelloids,b2030f5b858656211406d6909cfe9eeeb8420b0e,1,1,0,0,0,1,0,1,0,0,0,1,1,0,0,0,0,0,0,0,0,80,237,17,0,OK
ocelloids_xcm_monitoring_service,https://github.com/sodazone/xcm-monitoring,910ee7f37cd19e41a3b3f57e82f4dffb10588a94,1,1,1,0,0,1,0,0,1,1,0,0,0,0,0,0,0,0,0,0,0,98,155,25,7,OK
offline_elction_tool,https://github.com/antiers-solutions/polkadot-staking-miner,b0335fa9fda4499a3a072036a758037c236aff02,1,1,1,0,0,1,0,0,1,0,0,0,0,0,0,0,0,0,0,0,0,0,0,0,0,OK
offline_election_tool,https://github.com/antiers-solutions/polkadot-staking-miner,b0335fa9fda4499a3a072036a758037c236aff02,1,1,1,0,0,1,0,0,1,0,0,0,0,0,0,0,0,0,0,0,0,0,0,0,0,OK
Omniverse_DLT,https://github.com/Omniverse-Web3-Labs/Omniverse-DLT-Introduction,715067e759198fa0d6f5d52f41bfb71c9fb5bc78,0,0,0,1,0,0,0,0,0,0,0,0,0,0,0,0,0,0,0,0,0,0,0,0,0,OK
On_chain_cash_exchange,https://github.com/bsn-si/ocex-smartcontract,59482e1d2885621f82a4298b69244b2d8f724aa9,0,0,1,0,0,0,0,0,0,0,1,1,0,0,0,0,0,8,0,1,0,0,0,0,0,OK
openbrush,https://github.com/727-Ventures/openbrush-contracts,f2f4b36bed1afd771d7d57e364494d27ef2cd0ec,1,1,1,1,0,1,0,1,1,0,0,1,1,0,0,0,0,196,0,0,0,11,108,4,0,OK
openbrush_follow_up,https://github.com/Supercolony-net/openbrush-contracts,c312380920985e3a8fa30c19e9ae1712bf7c0748,1,1,1,1,0,1,0,1,1,0,0,1,1,0,0,0,0,191,0,0,0,14,45,4,0,OK
openPayroll,https://github.com/polkadrys/openPayroll,8262e8f1c621f8456b2832cb53248b19fb05ed1b,1,0,1,0,0,0,0,0,0,0,0,1,0,0,0,0,0,33,0,1,0,0,0,0,0,OK
openrollup-mvp-phase,https://github.com/open-rollup/pallet-open-rollup,32d3b98aaa28207f20246de6041bf3317ddd5de8,1,0,1,0,0,1,0,0,0,0,0,0,0,2,0,3,1,0,0,0,0,0,0,0,0,OK
OpenSquare_offchain_voting,https://github.com/opensquare-network/collaboration,3c431cb9b67adaacc1c546e4db48cd737c484be0,0,1,0,0,0,1,0,0,1,0,0,1,1,0,0,0,0,0,0,0,0,190,263,8,38,OK
OpenSquare_paid_qa,https://github.com/opensquare-network/paid-qa,a0ce438f40f77f1191b3cfa8b242dcfd70d7c724,0,1,0,0,0,0,0,0,1,0,0,1,1,0,0,0,0,0,0,0,0,483,595,20,46,OK
p2p_state_channels,https://github.com/peer3to/state-channels-plus,43189afeeb92da7d0586b2441e4540af059ec67f,0,1,1,1,0,1,0,1,0,0,0,1,1,0,0,0,0,0,132,18,0,35,65,37,0,OK
pacificstore,https://github.com/vlbos/pacificstore-node,3306236b781a5bc343e80b6b984ebdb806860d90,0,0,0,0,0,0,0,0,0,0,0,0,0,0,0,0,0,0,0,0,0,0,0,0,0,OK
pallet_drand_client,https://github.com/random-meat/drand-substrate-client,379df830f4cd05a8e79d729848986df40333952f,0,1,0,0,0,0,0,0,0,0,0,0,0,0,0,0,0,0,0,0,0,0,0,0,0,OK
pallet_supersig_decentration,https://github.com/kabocha-network/pallet_supersig,15c8adc06f946082b22a836a640a0fd34de3bb6c,1,1,0,0,0,1,0,0,1,0,0,1,0,2,8,8,1,0,0,0,5,0,0,0,0,OK
pallet-verifier,https://github.com/davidsemakula/pallet-verifier,1d471e7b539daa54ee1988918cada1450d53989c,0,1,0,0,0,1,0,0,0,0,0,0,0,40,95,42,11,0,0,0,0,0,0,0,0,OK
PANIC,https://github.com/SimplyVC/panic,e1254f4727757189b336df821bce01d4312e6fe2,0,1,1,1,0,1,0,1,1,0,0,1,1,0,0,0,0,0,0,0,0,481,6614,752,77,OK
parachain_staking,https://github.com/PureStake/moonbeam,5b47c116e0df63b08e3b65590a11ebd6f7189303,1,1,0,0,0,1,1,1,1,1,1,1,1,14,0,28,9,0,101,5,9,170,246,32,0,OK
parallel,https://github.com/parallel-finance/parallel,a626bbb205e5051f2c14602d030426cabefa0093,1,1,1,1,0,1,1,0,1,1,0,1,1,16,0,30,6,0,0,0,1,0,3,0,0,OK
Paraspell-followup,https://github.com/paraspell/sdk,aea02541f7168d7a7f566b7311fcf70f6a977115,1,1,0,1,0,1,0,0,0,1,0,1,1,0,0,0,0,0,0,0,0,43,36,2,0,OK
ParaSpell-followup2,https://github.com/paraspell/sdk,83b64081b8591319d5ea6e80bbe4766ba3eb9ac5,1,1,0,1,0,1,0,0,1,1,0,1,1,0,0,0,0,0,0,0,0,100,52,52,0,OK
patron,https://github.com/Brushfam/patron-backend,d6bb21b010d4b9abf13c7ee7bce4b3898c3a1fc0,1,0,0,1,0,0,0,1,0,0,0,1,0,0,0,0,0,0,0,0,0,0,0,0,0,OK
perun_app_channels,https://github.com/perun-network/perun-polkadot-pallet,54c55acabfe2f5b57a79b4330726cf572453c0f0,1,1,1,0,0,0,0,0,0,0,0,0,0,2,0,2,1,0,0,0,0,0,0,0,0,OK
perun_channels,https://github.com/perun-network/perun-polkadot-pallet,344360c3e298cf615f9483a4985dbc9c9d2a8e1b,0,0,0,0,0,0,0,0,0,0,0,0,0,0,0,0,0,0,0,0,0,0,0,0,0,OK
perun_integration,https://github.com/perun-network/perun-polkadot-pallet,797f59d0b02cffe24d00d288a06b0195c41ffaa1,1,1,1,0,0,0,0,0,0,0,0,0,0,2,0,2,1,0,0,0,0,0,0,0,0,OK
php-rpc-lib,https://github.com/gmajor-encrypt/php-scale-codec,f58a10f37180385bff86f9660c6215acfaf1377a,1,1,0,0,0,0,0,1,0,0,0,0,0,0,0,0,0,0,0,0,0,0,0,0,0,OK
php-rpc-lib-follow-up,https://github.com/gmajor-encrypt/php-substrate-api,78a77693d0f03e5eb65ccc18d7b5b2bc77ebbb11,1,1,0,0,0,0,0,0,0,0,0,1,0,0,0,0,0,0,0,0,0,0,0,0,0,OK
php-scale-lib,https://github.com/gmajor-encrypt/php-scale-codec,d6c84a1bf523d3e7662e014ee03eb3ab5d4a1c6b,1,1,0,0,0,0,0,1,0,0,0,0,0,0,0,0,0,0,0,0,0,0,0,0,0,OK
php-substrate-api,https://github.com/neha0921/substrate-interface-package,ec0ec58bd4686be7a48ab682a1960400a1b65745,0,1,0,0,0,0,0,0,0,0,0,0,0,0,0,0,0,0,0,0,0,0,9,1,0,OK
Plus,https://github.com/Nick-1979/polkadot-Js-Plus-extension,53639f28ba283ef85d101bf0fc40b81b9aa6f6c2,1,1,0,1,0,1,0,0,1,1,0,1,1,0,0,0,0,0,0,0,0,463,505,306,0,OK
Plutonication,https://github.com/RostislavLitovkin/Plutonication,964b16f24ffed9de74592b305866371f4f061a76,1,1,1,0,0,1,0,0,1,0,0,1,1,0,0,0,0,0,0,0,0,22,34,8,0,OK
pocs,https://github.com/auguth/pocs,097d3b552bff54b2e699201f1050edca38379329,1,1,1,0,0,1,1,1,1,0,0,1,0,11,61,61,4,13,0,2,0,0,56,0,0,OK
polkadex,https://github.com/Polkadex-Substrate/Polkadex,c49b04ea963549dc840500beb8c74179943a01d4,0,1,1,0,0,0,1,0,1,0,0,0,1,0,0,0,0,0,0,0,8,0,1,0,0,OK
polkadot_analytics_platform,https://github.com/mobr-ai/PolkadotAnalytics,dab7898bd92d6b95dddfeefcfe2512d48a711544,0,1,1,1,0,0,0,0,0,0,0,0,0,0,0,0,0,0,0,0,0,0,61,17,11,OK
polkadot-contract-wizard,https://github.com/protofire/polkadot-contract-wizard,75b2f69b43aff1bad92fa5c32b776e44d80f811f,1,1,1,0,0,1,0,1,0,0,0,1,1,0,0,0,0,10,0,0,0,464,388,149,0,OK
polkadot_dart,https://github.com/Pocket4D/Polkadot-Dart,493a4ce6ea7aff7b319d20117adba43073b4e138,1,1,0,0,0,0,0,0,0,0,1,1,0,0,0,0,0,0,0,0,0,0,0,2,0,OK
polkadotjs-ecdsa-hardware,https://github.com/gluneau/polkadotjs-ecdsa-hardware,60f96b94821988359b0c3350cb6718b603be95b7,0,0,0,0,0,0,0,0,0,0,0,0,0,0,0,0,0,0,0,0,0,0,0,0,0,OK
polkadotjs_no_code,https://github.com/ezcodeco/Bubble-Plugin-Polkadot.js,8b0680892557a26c574a0f6f32192d3b0f97d79f,0,0,0,0,0,0,0,0,0,0,0,0,0,0,0,0,0,0,0,0,0,0,13,0,0,OK
polkadot-js-plus-nomination-pools,https://github.com/Nick-1979/polkadot-Js-Plus-extension,7d1e4843f224cc2bcd7122796339a5b17c23e96a,1,1,0,1,0,1,0,0,1,1,0,1,1,0,0,0,0,0,0,0,0,553,643,358,0,OK
polkadot-js-plus-social-recovery-wallet,https://github.com/Nick-1979/polkadot-Js-Plus-extension,fef84d6ffbd1e427a7df6de81fe89cec0e860920,1,1,0,1,0,1,0,0,1,1,0,1,1,0,0,0,0,0,0,0,0,580,701,370,0,OK
Polkadot-Protocol-Conformance-Tests,https://github.com/LimeChain/polkadot-conformance,7c89d26c7221324474f0b7ab8fddeea2ecea440f,1,1,0,1,0,0,0,0,0,0,0,0,0,0,0,0,0,0,0,0,0,0,0,0,0,OK
polkadot-runtime-releaser,https://github.com/hack-ink/polkadot-runtime-releaser,b620f09913829bdb95d6610e1d7a327599b317cb,1,0,1,0,0,1,0,0,0,0,0,1,0,0,0,0,0,0,0,0,0,0,0,0,0,OK
polkadot_tests,https://github.com/Zondax/polkadot-testing,0ae9c28e0a2c0fb1076d723fd3f207d25b914111,0,0,0,1,0,0,0,0,0,0,0,0,0,0,0,0,0,0,0,0,0,0,0,0,0,OK
Polkadot_Web_UI,https://github.com/RidOne-technologies/polkadot-angular-identicon,b4745aa650e4da5efd12a6e25e81c8d8b1dc2f4c,0,1,0,0,0,1,0,0,0,0,0,0,1,0,0,0,0,0,0,0,0,14,0,6,0,OK
PolkaFlow,https://github.com/justmert/eco-flow-frontend,170707defb2e00fbb475a7e338593fd80c343636,0,1,0,0,0,0,0,0,0,0,0,0,1,0,0,0,0,0,0,0,0,30,77,0,0,OK
polkaj_android_support,https://github.com/emeraldpay/polkaj,ce1454eb6578818a731444630363d64eba959f0a,1,1,0,1,0,0,0,0,0,0,1,0,0,0,0,0,0,0,0,0,0,0,0,224,0,OK
polkakey,https://github.com/w3finance/PolkaKey,7d2bf55bd67b6729d9ed88ef8c962836f9729903,0,1,0,0,0,0,0,0,0,0,0,0,1,0,0,0,0,0,0,0,0,10,31,1,0,OK
polkamask,https://github.com/PolkaGate/polkaMask,37defb1c2cad65942c2e8102ac591ca556c7d127,1,1,1,1,0,1,0,0,0,0,0,0,1,0,0,0,0,0,0,0,0,74,172,8,0,OK
polkamusic,https://github.com/polkamusic/PolkaMusic-Core,0159178b66375770058e37070f8fc838e88ee8a0,0,0,1,1,0,0,1,0,1,0,0,0,0,0,0,0,0,0,0,0,0,0,15,0,0,OK
polkashots,https://github.com/midl-dev/polkadot-snapshot-generator,cb31d53daf2cabcd06f765c6d7642032ad0a05aa,0,0,1,0,0,0,0,0,0,0,0,0,0,0,0,0,0,0,0,0,0,0,0,0,0,OK
polkastats,https://github.com/Colm3na/polkastats-backend-v3,c4d524e74fc30c9cf499fcb56517add50934c6c9,0,0,1,0,0,0,0,0,0,0,0,0,1,0,0,0,0,0,0,0,0,17,21,1,0,OK
polk-auction,https://github.com/CrommVardek/polk-auction-core,8b7018067b3ac453d3e1408cf3f86c6e9a343011,0,1,1,1,0,0,0,0,0,0,0,0,0,0,0,0,0,0,0,0,0,0,0,82,0,OK
polket_toearnfun,https://github.com/polketio/polket-node,d7f576fb5747a31960dae9aff09debb2622abcb7,1,0,1,1,0,1,1,0,1,0,0,0,0,14,0,25,6,0,0,0,9,0,0,0,0,OK
pontem-network,https://github.com/pontem-network/sp-move,49d6f1d8598aca86bf7e59f309a078cd573fcc0e,1,1,1,0,0,1,1,0,1,0,0,0,0,0,0,0,0,0,0,0,0,0,0,0,0,OK
PRIMIS,https://github.com/Primis-Labs/client,5bd986ea16ecb867a82db8da015555ed5383f89b,0,1,0,1,0,0,0,0,1,0,0,1,1,0,0,0,0,0,0,0,0,49,192,4,3,OK
PrivaDEX_aggregator,https://github.com/kapilsinha/privadex,fe9cd0519038c61cd92e0ccd183f2711246cff75,0,1,1,0,0,1,0,0,0,1,1,1,0,0,0,0,0,9,0,0,0,175,46,88,0,OK
Profond,https://github.com/profondHQ/profond-psp22-contract,c437dba6da656a2ffe7268d57470982e75e3886a,0,1,0,0,0,0,0,1,0,0,1,1,1,0,0,0,0,13,0,0,0,0,1,0,0,OK
project_aurras_mvp_phase,https://github.com/HugoByte/aurras,e1ebe7a2e420f4b9208f47d7f119d9ecd6fa0bed,1,1,1,1,0,0,0,0,0,1,1,0,1,0,0,0,0,0,0,0,0,23,164,4,0,OK
prosopo,https://github.com/prosopo-io/provider,92778344c101e30b4a345e1646c0914b466cf6ac,0,1,1,0,0,0,0,0,0,0,0,0,1,0,0,0,0,0,0,0,0,64,64,25,9,OK
psc,https://github.com/OmniBTC/PSC,da10743ae93948b54c92e6779496bce3c4120a88,1,1,0,1,0,1,1,1,1,1,1,1,1,5,0,12,2,0,74,15,0,0,4,0,0,OK
qrucial_dao,https://github.com/Qrucial/QRUCIAL-DAO,b4f3e38ef59dca983b98b7f0b402a68bf7683846,1,1,1,1,1,1,1,0,1,0,1,1,1,4,12,5,2,0,0,0,0,48,189,1,13,OK
QSTN,https://github.com/QSTN-US/Polkadot-QSTN-v1,3119471887f0e2c2401c6fb7581686016679936a,0,1,0,1,0,1,1,0,1,0,0,0,1,6,51,21,3,0,0,0,0,30,152,4,0,OK
quadratic-funding,https://github.com/OAK-Foundation/quadratic-funding-pallet,92e624a8b85c920c10993177332d849942f0eab9,1,0,1,1,0,1,1,0,1,0,0,0,0,4,0,8,2,0,0,0,0,0,0,0,0,OK
quadratic-funding-pallet,https://github.com/zhangjiannan/QFgrant,9e1b2b0838d642781b4fb7f36af3dd4c6711e18a,0,0,1,1,0,0,1,0,1,1,0,1,0,0,0,0,0,0,0,0,2,0,0,0,0,OK
queryWeb3,https://github.com/Query-Web3/database,32e7220893eaf33ff811a4d906893692f7f25d99,0,0,1,0,0,0,0,0,0,0,0,0,0,0,0,0,0,0,0,0,0,0,85,7,0,OK
RainbowDAO-Protocol-ink!-Phase1,https://github.com/RainbowcityFoundation/RainbowDAO-Protocol-Ink-milestone_1,e4f3dded0805c48d8706bff62a1f10d2a717caf8,1,1,0,0,0,1,0,0,0,0,1,1,0,0,0,0,0,407,0,103,0,0,0,0,0,OK
rb_substrate_client,https://github.com/uni-arts-chain/sr25519,87faf24943e58d2cc86396996e663280f62ca0a9,1,1,1,0,0,0,0,0,0,0,0,0,0,0,0,0,0,0,0,0,0,0,0,0,0,OK
RedStone,https://github.com/redstone-network/redstone-node,8d5f29c01171142f136e6987eb7973ffb018b12f,1,1,1,1,0,1,1,0,1,1,1,1,0,10,0,36,5,0,0,0,0,0,0,0,0,OK
regionx,https://github.com/RegionX-Labs/RegionX,d52b2173ab41d6b1e3db3a6a4ed65587d68ba455,1,1,0,0,0,1,0,1,0,1,0,1,1,0,0,0,0,14,0,0,0,10,15,0,0,OK
relaycode,https://github.com/itsyogesh/relaycode,1bdea8eecfa5b2a1994a2b720d6daac45b872e51,0,1,1,1,0,1,0,0,0,0,0,0,1,0,0,0,0,0,0,0,0,257,372,84,0,OK
research-feasibility-go-runtime,https://github.com/limechain/gosemble,e0e58a87c50b193a93cfd18737ebfa8d53c84f13,0,1,0,1,0,0,0,0,0,0,1,0,0,0,0,0,0,0,0,0,0,0,103,2,0,OK
research-feasibiliy-java-host,https://github.com/LimeChain/java-host-research,578c89685795540426a27ba2282b9da728769197,0,0,0,0,0,0,0,0,0,0,0,0,0,0,0,0,0,0,0,0,0,0,0,0,0,OK
roloi,https://github.com/RoloiMoney/roloi-polkadot-w3f-grant,fe0b09f35794b36c5878439b1f9765a1c3941c71,0,0,0,1,0,0,0,0,0,0,0,1,0,0,0,0,0,3,0,1,0,0,93,0,0,OK
roloi-xcm-payment-automation,https://github.com/NeoPower-Digital/tempora,d1e7f26ba7ab043b8a3079114bced58f9a2fa7e5,0,1,0,0,0,1,0,1,1,0,0,1,1,0,0,0,0,9,0,1,0,116,153,26,0,OK
Rubeus_keeper,https://github.com/bsn-si/rubeus-smartcontract,b8e8a22c7ddafbbae34fd9e59d1bb5e44e95b77a,0,0,0,0,0,0,0,0,0,0,0,1,1,0,0,0,0,6,0,1,0,10,13,0,0,OK
Rubeus_keeper_st2,https://github.com/bsn-si/rubeus-smartcontract,3a8ee7863a06806964b8153677325798f3e123f4,0,0,0,0,0,0,0,0,0,0,0,1,1,0,0,0,0,10,0,1,0,10,16,0,0,OK
ruby,https://github.com/rubyprotocol/documents,1322235c17d9ce0343474fbffdd35aa747bcb02f,0,0,0,0,0,0,0,0,0,0,0,0,0,0,0,0,0,0,0,0,0,0,0,0,0,OK
rv_kmir,https://github.com/runtimeverification/mir-semantics,cf2e3bcdcff5398ed7695bbf01e7838b9a477f3d,1,1,1,1,0,0,0,0,0,0,0,0,0,0,0,0,0,0,0,0,0,0,59,3,0,OK
SaaS3,https://github.com/SaaS3-Foundation/dRuntime-fat,6d3cc9842f921ae8a70a32f4d4e36d2bf5ecb877,0,0,0,0,0,1,0,0,0,0,0,1,0,0,0,0,0,5,0,0,0,2,3,0,0,OK
saito-gamebridge,https://github.com/SaitoTech/saito-crypto-api-modules,f8eb04e3059776d8b1cb300d682c681c00615643,0,0,0,0,0,0,0,0,0,0,0,0,0,0,0,0,0,0,0,0,0,5,5,7,0,OK
sandox_ms3_delivery,https://github.com/sandoxio/sandox,ec8becd4f19608dd42a4306a6757da627db429b2,0,0,0,0,0,0,0,0,1,0,0,1,1,0,0,0,0,0,0,0,0,11,242,25,0,OK
Sandox_st1_ms1_delivery,https://github.com/sandoxio/sandox,039724f133c6fc502615513e026a2aeb8864e38a,0,0,0,0,0,0,0,0,1,0,0,1,1,0,0,0,0,0,0,0,0,40,428,18,0,OK
Sandox_st1_ms2_delivery,https://github.com/sandoxio/sandox,b776643a898132ae512a611e4256b36ca7e1ab3f,0,0,0,0,0,0,0,0,1,0,0,1,1,0,0,0,0,0,0,0,0,40,452,23,0,OK
sarp-basic-functionality,https://github.com/scs/MIRAI,05bbab8d5c97a97485d3db1c0af84b83333f68c3,1,1,0,0,0,1,0,0,0,1,0,1,0,0,0,0,0,0,0,0,0,0,0,0,0,OK
scale-codec-comparator,https://github.com/gmajor-encrypt/scale-codec-comparator,c12b99207b20f226e489fbd90707f345c16f0131,1,1,0,1,0,0,0,0,1,1,0,1,1,0,0,0,0,0,0,0,0,19,122,3,0,OK
Security_Marketplace,https://github.com/ParthChaudhary31/Security_Marketplace_Backend,7e4c64b20f94a8a2eba885fbe81b2e082ab6447c,0,1,1,0,1,0,0,0,1,0,0,0,1,0,0,0,0,0,0,0,0,7,15,12,8,OK
SEOR-code-less-smart-contract-platform,https://github.com/SealSC/smart-contracts,6ad52a83105c033dd64a03b7f29c7dc4a0305c26,0,1,0,0,0,0,0,1,0,0,0,1,0,0,0,0,0,21,447,74,0,13,20,10,0,OK
sequester,https://github.com/SequesterChain/pallets,544c25db0805a66be29d9ffcd91950bc0159a3de,0,0,0,0,0,0,0,0,0,1,0,0,0,2,0,2,1,0,0,0,0,0,0,0,0,OK
shadows-network,https://github.com/ShadowsNetwork/shadows,2b2e522a523a275380650b6fa7c13aaed8017b17,0,0,1,0,0,0,1,0,1,0,0,0,0,0,0,0,0,0,0,0,0,0,0,0,0,OK
Shivarthu,https://github.com/amiyatulu/shivarthu,a38ff3aa038474613427a3ee4af3ed8108f70941,0,0,1,1,0,1,1,0,1,0,0,1,0,12,0,69,6,0,0,0,13,0,0,0,0,OK
signac,https://github.com/digitalnativeinc/signac,3e8681795a6c443dac7e789fca043fb0a8abdc8f,0,1,0,0,0,1,0,0,0,0,0,1,0,0,0,0,0,0,0,0,0,67,50,26,0,OK
signet,https://github.com/TalismanSociety/siws,86c6e921df2af1cfe8000fb76f3f3917f1ad0d19,0,1,0,0,0,1,0,0,1,0,0,0,1,0,0,0,0,0,0,0,0,9,1,3,0,OK
silent_data,https://github.com/appliedblockchain/silentdata-node-public,6297bc3f6d0eb573a123b5ace7406726c6009d29,0,1,0,0,0,1,0,0,0,0,0,0,0,0,0,0,0,0,0,0,0,89,52,2,5,OK
sirato-substrate-explorer-phase3,https://github.com/web3labs/epirus-substrate,0c79496b75cd2c50996a067dfd9353c375362506,1,1,1,0,0,1,0,1,0,0,0,1,1,0,0,0,0,0,0,0,0,565,288,344,0,OK
skyekiwi-protocol,https://github.com/skyekiwi/skyekiwi-protocol,18171d1174b12f78d85bbd92183d53d3924468f2,1,1,0,0,0,1,0,0,1,0,0,1,1,0,0,0,0,0,0,0,0,44,2,15,0,OK
skyepass,https://github.com/skyekiwi/skyepass-vault,07e1e5396ef69698e1e49041fa20cce9a69e86c5,0,1,0,0,0,0,0,1,0,0,0,1,0,0,0,0,0,9,0,1,0,5,7,5,0,OK
skynet-substrate-integration,https://github.com/SkynetLabs/skynet-substrate,75ecccf44e5c38dbafa2ffe6d3f3c5efe2649b2c,1,0,0,1,0,0,0,0,0,0,1,1,0,0,0,0,0,0,0,0,0,0,93,0,0,OK
slonigiraf,https://github.com/slonigiraf/recommendation-letter,0341bbb307eeadb5e8ebdb90dda8381841329b67,0,0,0,0,0,0,0,0,0,0,0,0,0,2,0,1,1,0,0,0,0,0,0,0,0,OK
slothunter,https://github.com/hack-ink/slothunter,42df0d3b1154712807e586cb41103753c9095ff4,1,1,1,0,0,1,0,0,0,1,0,1,0,0,0,0,0,0,0,0,0,0,0,0,0,OK
social_recivery_wallet,https://github.com/hypha-dao/hashed-wallet,fca1fcb28d54b2c59f990e0cb540e60229eb7002,1,1,1,0,0,0,0,0,1,0,1,1,1,0,0,0,0,0,0,0,0,34,167,8,0,OK
societal,https://github.com/sctllabs/societal-front-end,5bb1c71a84786bfa1612ba07c2b85d89b70c5747,0,1,0,0,0,1,0,0,0,0,0,0,1,0,0,0,0,0,0,0,0,19,65,0,0,OK
societal-grant,https://github.com/sctllabs/societal-grant-2-submission,3ea9ef45c3756a1ea641526caaf5b3944259c842,1,1,1,1,0,1,1,1,1,1,0,1,0,16,0,37,8,0,56,0,0,0,0,0,0,OK
sol2ink,https://github.com/727-Ventures/sol2ink,bc014edcbb738a66c0bbbe2e063d5c93d9df75b4,1,1,0,1,0,0,0,1,0,0,0,1,1,0,0,0,0,307,215,25,0,3,0,0,0,OK
sol2ink-delivery,https://github.com/Supercolony-net/sol2ink,9f1ae2f8c5cb90c9ea71d5ccf0341f2acc45d4b4,1,0,0,1,0,0,0,1,0,0,0,1,1,0,0,0,0,96,154,20,0,3,0,0,0,OK
Solang-developer-experience-improvements,https://github.com/hyperledger/solang,9a53ecbb32d0a56162e2b894463076cedfafa7e3,1,1,1,1,1,1,0,1,0,1,1,1,1,0,0,0,0,1,2158,1263,0,36,74,3,0,OK
Solang_Playground,https://github.com/hyperledger-labs/solang-playground,90b6230c1f4a7d38b49da09e3203126617d6ad6c,1,1,1,1,0,1,0,1,0,1,0,1,0,0,0,0,0,0,1,1,0,30,12,14,0,OK
solidity-trie-verifier,https://github.com/polytope-labs/solidity-merkle-trees,82698e828b883eeb1ee0f658956c0c0ad26f5f49,1,1,0,0,0,1,0,1,0,0,1,1,0,0,0,0,0,0,136,3,0,0,0,0,0,OK
solidity-verifier-for-accountable-light-client,https://github.com/ethereum/EIPs,1c4afdf312772e7b8490273adffd6f2e97db8c73,1,1,0,1,0,0,0,1,1,0,1,1,0,0,0,0,0,0,3151,649,0,46,282,57,0,OK
spacewalk,https://github.com/pendulum-chain/spacewalk,5aa6e8293a8952467504da93b88f910722c87b6d,1,1,1,1,0,1,1,0,1,1,1,1,0,24,0,56,10,0,0,0,24,,,,,OK
spartan_poc_consensus_module,https://github.com/subspace/spartan-codec,ddd6ab8f32e94f9e541dc91d79c49771fa1e504a,1,0,0,0,0,0,0,0,0,0,0,0,0,0,0,0,0,0,0,0,0,,,,,OK
sr25519_donna,https://github.com/TerenceGe/sr25519-donna,51074a2a4123538b1b610f8138b00f3e0c7e182e,0,1,0,0,0,0,0,0,0,0,0,0,0,0,0,0,0,0,0,0,0,,,,,OK
ssal,https://github.com/MatteoPerona/ssal_commods,0b04bf76e2b8358f3e892e3f47f7bf30f32d5bdc,0,0,0,0,0,0,0,0,0,0,0,1,0,0,0,0,0,20,0,1,0,,,,,OK
stable-asset,https://github.com/nutsfinance/stable-asset,2f6619b15d04879127586f791a33d40f86360ab8,0,0,1,0,0,0,0,0,1,0,0,1,1,2,0,2,1,0,0,0,0,,,,,OK
staking-rewards-viewer,https://github.com/jackson-harris-iii/staking-rewards-viewer,eeab7c477a7eea83796dda2eb4275061f5616708,0,1,1,0,0,0,0,0,1,0,0,1,1,0,0,0,0,0,0,0,0,,,,,OK
Standard_Protocol,https://github.com/digitalnativeinc/standard-substrate,6b1b5263de2923749a8fc5ab4f9144d25130e544,1,1,1,1,0,1,1,0,1,1,0,0,0,6,0,46,2,0,0,0,0,,,,,OK
Stardust,https://github.com/adit313/State-of-the-Stablecoin-Industry,79e38f0adc7fa8896948673d2ee7e043000f0d4a,0,0,0,0,0,0,0,0,0,0,0,0,0,0,0,0,0,0,0,0,0,,,,,OK
starks_network,https://github.com/gbctech/starks-node,8a64ba8d0332b799729124fe9ff230dc096f2521,1,1,1,1,1,1,1,1,1,0,1,1,1,0,0,0,0,0,0,0,54,,,,,OK
Starry_Network,https://github.com/Starry-Network/starry_node,cc9047c012453a229167b173d05ff6a4f3b7bbad,1,0,1,1,0,1,1,0,1,0,0,1,0,0,0,0,0,0,0,0,0,,,,,OK
stone-index-on-substrate,https://github.com/stonedefi/stone-index-substrate-ui,f05e3e6944d060b885f45241f2de9aa5fe1bd33b,0,1,0,0,0,0,0,0,0,0,0,0,1,0,0,0,0,0,0,0,0,,,,,OK
storageHub,https://github.com/Moonsong-Labs/storage-hub-runtime-poc,806dff4c8dba077f602209f3c8a419fc64dad155,1,0,1,1,0,1,1,0,1,0,0,0,0,6,6,7,3,0,0,0,0,,,,,OK
Stylograph,https://github.com/deep-ink-ventures/genesis-dao-node,e8e1cfe1bcceeae832175883ecd448b9138b071e,0,1,1,1,0,1,1,0,1,0,0,1,0,5,21,13,3,0,0,0,0,,,,,OK
subalfred,https://github.com/hack-ink/subalfred,dd4cff4e348acb34d9d7c29f8287ed62836b9ac9,1,1,0,1,0,1,0,0,1,0,0,1,0,0,0,0,0,0,0,0,0,,,,,OK
subauction,https://github.com/galacticcouncil/Basilisk-node,fc61547317310bd40fd8af19ce8ae134b57359d6,1,0,1,1,0,1,1,0,1,1,0,1,1,14,0,18,6,0,0,0,3,,,,,OK
subcoin,https://github.com/subcoin-project/subcoin,77a86db3967d65c78ad8fe8768d797357a0e2fd3,1,0,1,1,0,1,0,0,1,0,0,1,0,4,1,1,1,0,0,0,11,,,,,OK
subdao-network,https://github.com/SubDAO-Network/subdao-node,e58d1f1ae239f6cd0d7ced22dcf8b396636bff77,0,0,0,0,0,0,0,0,1,0,0,1,0,0,0,0,0,0,0,0,0,,,,,OK
subdao-network_chrome_extension,https://github.com/SubDAO-Network/subdao-extension,19336acab935692ac6094f2f6b147b86e26d6c5d,0,1,0,1,0,1,0,1,1,0,1,1,1,0,0,0,0,0,0,0,0,,,,,OK
subdao-network_polkasign,https://github.com/SubDAO-Network/polkasign-contract,f6e28903b0f3877c125590eca78c3fa9c0c08214,1,1,0,0,0,1,0,0,0,0,1,1,1,0,0,0,0,339,0,87,0,,,,,OK
subdex,https://github.com/subdarkdex/pallet-subdex,d78a7247db928cddd7a64b48810c72a6ef03193a,1,0,0,0,0,0,0,0,0,0,0,1,0,0,0,0,0,0,0,0,0,,,,,OK
SubGame_Network,https://github.com/SubGame-Network/subgame-network,49e3343af2b2814af9dfd11e772fc21f43a2d2a5,0,0,1,1,0,0,1,0,1,1,0,1,0,0,0,0,0,0,0,0,0,,,,,OK
SubIdentity,https://github.com/TDSoftware/subidentity-webapp,40b3503db65b77752f2f0580c857a667f54d0176,1,1,0,1,0,1,0,0,1,0,0,1,1,0,0,0,0,0,0,0,0,,,,,OK
subquery,https://github.com/OnFinality-io/subql,a7a6c30b3571889864e47c0e20cdce7b9ab537ff,1,1,1,1,0,1,0,0,0,0,0,1,1,0,0,0,0,0,0,0,0,,,,,OK
SubRelay,https://github.com/subrelay/subrelay-api,a106754e1e39771571e06659ab36a7eb410c3036,1,1,1,0,0,1,0,0,0,0,0,0,1,0,0,0,0,0,0,0,0,,,,,OK
subscript_lang,https://github.com/ascontract/subscript,e5cb4fe030139600194f6994a08ab8fd900dc0c7,0,1,0,0,0,0,0,0,0,0,0,0,0,0,0,0,0,0,0,0,0,,,,,OK
subsmt,https://github.com/farcloud-labs/subsmt,ab6480af10e1a3b7665c49ceca5da2dd7675b54d,0,0,1,1,0,0,0,0,0,0,1,1,1,2,1,0,1,1,0,1,0,,,,,OK
Substats,https://github.com/CESSProject/substats,7258ab4c2374d709ce0e65c14c1befe85e8bfaf9,0,1,1,0,0,0,0,0,1,0,0,0,1,0,0,0,0,0,0,0,0,,,,,OK
substrate_client_java,https://github.com/strategyobject/substrate-client-java,c17dfdf0d74ad74dcc2fded65a83e8563f8d69f3,1,1,0,1,0,0,1,0,0,0,1,1,0,0,0,0,0,0,0,0,0,,,,,OK
substrate_core_polywrapper,https://github.com/polywrap/integrations,5222f498ae5faa87c0ecb150eb41071d5fe1668f,1,1,1,0,0,1,0,1,0,0,0,1,1,0,0,0,0,0,0,0,0,,,,,OK
substrate_evm_adapter,https://github.com/subclone/subeth,e35529c10c5c6dda7a9fc84d052711d406362390,1,1,1,1,0,0,1,0,0,0,0,1,0,1,1,0,1,0,0,0,44,,,,,OK
substrate-molochdao,https://github.com/DoraFactory/Substrate-Moloch-V1,4f40fcbf50b46e8abefdc02d46dca8cd5d587d23,0,0,1,1,0,0,1,0,1,1,0,0,0,0,0,0,0,0,0,0,2,,,,,OK
Substrate_Move_System_Pallet,https://github.com/eigerco/substrate-move,e7af20b82e3b3f99df5d8a22610b5117e2687e77,1,1,1,1,1,1,0,1,0,0,1,1,1,0,0,0,0,0,59,18,0,,,,,OK
substrate_startkit_GUI,https://github.com/MVPWorkshop/substrate-startkit-gui-api,0ba1d3373234e0a57899cf336abf2c296ff9aba6,1,1,1,0,0,0,1,0,1,0,0,0,0,0,0,0,0,0,0,0,0,,,,,OK
substrate-tutorials,https://github.com/rusty-crewmates/substrate-tutorials,ab1a16c78dea616c9081d246288088fb6a9583ae,1,1,0,0,0,1,0,0,0,0,0,0,0,24,0,22,12,0,0,0,0,,,,,OK
subvt_telegram_bot-milestones-1-and,https://github.com/helikon-labs/subvt,87b587e76675c60900675b540208b88295f7de83,0,0,0,0,0,0,0,0,0,0,0,0,0,0,0,0,0,0,0,0,0,,,,,OK
subwallet,https://github.com/yxf/subwallet,6677ca95429ed8aea17a81ed506aa5d2bd77f8da,0,1,0,0,0,0,0,0,1,0,1,0,0,0,0,0,0,0,0,0,0,,,,,OK
subxtpy,https://github.com/philoniare/subxtpy,e146ba25bce857ade80f8576d25f505573d306bd,0,1,0,1,0,0,0,0,0,0,0,0,0,0,0,0,0,0,0,0,0,,,,,OK
sunshine-keybase,https://github.com/sunshine-protocol/sunshine-keybase,42c23ebb3442919991ecd7b1e3eee7767ac2a2a3,1,1,0,0,0,0,1,0,1,0,0,0,0,0,0,0,0,0,0,0,0,,,,,OK
supersig_fellowship,https://github.com/decentration/pallet_supersig,efd7cbbbdb2cd1c8b745230f380e2d14a1f0ae21,1,1,0,0,0,1,0,0,1,0,0,1,0,2,8,9,1,0,0,0,5,,,,,OK
SwarmNL,https://github.com/algorealmInc/SwarmNL,9049b7d0578529a5d86e5d872934b2cc192abe8d,1,1,1,1,0,0,0,0,0,0,1,1,0,0,0,0,0,0,0,0,0,,,,,OK
swift_api,https://github.com/tesseract-one/Substrate.swift,029ab47d91d3e97f753760610381f5fe9f7d5a88,1,1,0,0,0,0,1,0,0,0,0,0,0,0,0,0,0,0,0,0,0,,,,,OK
swush-dex-aggregator,https://github.com/swush-labs/swush-app,4bbaf94708ab6a4dec0aae79b7a6d94defc73253,1,1,1,1,0,1,0,0,0,1,0,0,1,0,0,0,0,0,0,0,0,,,,,OK
SydTek,https://github.com/jgophd/Developed-Materials-and-Raw-Data,a187609ce25d05d3cbddd3bd2694bfdd9c7e7ee6,0,0,0,0,0,0,0,0,0,0,0,1,0,0,0,0,0,0,0,0,0,,,,,OK
t3rn-xbi,https://github.com/t3rn/xbi,5587ed0e50b912a859a92f5e4fdd0a958259e06e,1,0,0,1,0,0,0,0,1,1,0,1,0,6,0,7,3,0,0,0,0,,,,,OK
tcdt,https://github.com/tcdt-lab/bcdns,f0ee26674302e03653cc1d8de03a40372647b690,0,1,1,1,0,0,1,0,1,0,1,0,1,14,32,28,8,0,0,0,0,,,,,OK
tdot,https://github.com/nutsfinance/stable-asset,77a1a9429739a0a547f19a7eb3231f764b4bc999,0,0,1,0,0,0,0,0,1,0,0,1,1,2,0,2,1,0,0,0,0,,,,,OK
tellor,https://github.com/tellor-io/tellor-parachain-contracts,7f8cf44f526d0c42fd35074024f2daa40c637579,1,1,1,0,0,0,0,1,0,0,0,1,0,0,0,0,0,0,534,80,0,,,,,OK
Threshold_Signature,https://github.com/Fiono11/cli,aadc58378d6c08b8f8e0ede9693d296198b61c08,0,0,1,0,0,0,0,0,0,0,1,0,0,0,0,0,0,0,0,0,0,,,,,OK
TogetherCrew_Community_health_check,https://github.com/RnDAO/tc-Documentation,b6a101b3c620fa2f53fab62bfdbf5ee255d519b8,0,0,0,0,0,0,0,0,0,0,0,0,0,0,0,0,0,0,0,0,0,,,,,OK
tokeneconomics-survey,https://github.com/taqtiqa-mark/tokenomics-survey-2022,91feb74112c07b05ede87287f046648294a96683,0,0,0,0,0,0,0,0,0,0,0,0,0,0,0,0,0,0,0,0,0,,,,,OK
Tokenguard - Milestone 1 & 2,https://github.com/tokenguardio/dashboard-creator-client,cd0edf04093418614416375da50fd60bb6034930,1,1,1,0,0,1,0,0,1,0,0,1,1,0,0,0,0,0,0,0,0,,,,,OK
tracking_chain,https://github.com/TrackingChains/TrackingChain,69742af590942439e95adab80cfe458f7637aa8e,1,1,1,0,0,1,0,1,0,0,0,1,1,0,0,0,0,0,0,0,0,,,,,OK
TreasuryTracker,https://github.com/stake-plus/treasury-tracker,e51bac63220ecb5d9af03116cdaf13129e80ac65,0,1,1,0,0,0,0,0,0,0,0,0,1,0,0,0,0,0,0,0,0,,,,,OK
TREX_Network,https://github.com/NexTokenTech/TREX,c8a914426cbc0292f2ecbe4f134b4fec8b5269a5,1,1,1,1,0,1,1,0,1,0,0,1,1,4,0,5,2,0,0,0,3,,,,,OK
tribal_protocol,https://github.com/tribal-protocol/tribal_contract,100d43279165f01ca3654806a816feb05916a650,0,0,0,0,0,0,0,0,0,0,0,1,0,0,0,0,0,6,0,1,0,,,,,OK
tuxedo,https://github.com/Off-Narrative-Labs/Tuxedo,0f7ba440aad5553dac5bd6ebbf3eda1a38245627,1,0,1,0,0,0,0,0,1,0,0,1,0,0,0,0,0,0,0,0,0,,,,,OK
TuxedoDApp,https://github.com/mlabs-haskell/TuxedoDapp,b190221f61cb9198f4e32022dfd0b072b5d921d8,0,1,0,0,0,0,0,0,0,0,0,0,1,0,0,0,0,0,0,0,0,,,,,OK
tuxedo-parachain,https://github.com/Off-Narrative-Labs/Tuxedo,e0c4dc723ab67e64b5f629a7b3f24f27347fe2e0,1,0,1,0,0,0,0,0,1,1,0,1,0,0,0,0,0,0,0,0,0,,,,,OK
typechain-polkadot,https://github.com/Supercolony-net/typechain-polkadot,8fd42b0ba6ab1bb5b9f7b31ac5a13c75898ea514,0,1,0,1,0,1,0,1,0,0,0,1,1,0,0,0,0,0,0,0,0,,,,,OK
typechain-polkadot-follow-up,https://github.com/727-Ventures/typechain-polkadot,3e392c606939c26e158b25cc7c9c92ee3e18a0c6,1,1,1,1,0,1,0,1,0,0,0,1,1,0,0,0,0,0,0,0,0,,,,,OK
typechain_revived,https://github.com/C-Forge/typechain-polkadot,221d891bf0f2ab63918a469bc8aaacf40579da79,1,1,1,1,0,1,0,1,0,0,0,1,1,0,0,0,0,3,0,2,0,,,,,OK
typink,https://github.com/dedotdev/typink,52f9c197bc7ed96e43184ac3e9e1659923563fbc,1,1,1,0,0,1,0,1,1,0,0,1,1,0,0,0,0,0,0,0,0,,,,,OK
uke_protocol,https://github.com/Uke-Messaging/uke,37cf6b81f3e32fb4e3664771d780bba1ea14ea48,0,1,1,0,0,1,0,0,0,0,0,0,1,0,0,0,0,0,0,0,0,,,,,OK
unified_collator_node_deployment,https://github.com/for-parity-with-love/unified-collator-node-deployment,33b7af8645f265544bd8ccf8532ac98b99bd0e7a,1,0,0,0,0,0,0,0,0,0,0,0,0,0,0,0,0,0,0,0,0,,,,,OK
universaldot.me,https://github.com/UniversalDot/pallets,7eff26021bcf4aa92433cf619dfa5cee8505b13e,0,0,0,0,0,0,0,0,0,0,0,0,0,20,0,18,10,0,0,0,0,,,,,OK
upgradeability,https://github.com/trustfractal/ink-upgrade-template,053dc294598c6134b2d1c83d7b1e009ed2c0f07d,0,0,0,0,0,0,0,0,0,0,0,1,0,0,0,0,0,13,0,3,0,,,,,OK
validated_streams,https://github.com/comrade-coop/validated-streams,f0acdceb66846ab001e652a14a38a71a7ec6b05c,0,0,1,0,0,1,1,0,1,0,0,0,0,2,1,2,1,0,0,0,0,,,,,OK
Validator_Monitoring_Service,https://github.com/p2p-org/polkadot_monitoring_service,f22ecc9abc6a9d784e4b76b36c7e70f2ae70f1f4,1,0,1,1,0,0,0,0,0,0,0,0,0,0,0,0,0,0,0,0,0,,,,,OK
validators_selection,https://github.com/miepsik/validators_selection,0c153ece516a2050a2aa53cac341ec47bba6e5da,0,1,1,0,0,0,0,0,0,0,0,0,0,0,0,0,0,0,0,0,0,,,,,OK
validators_selection1,https://github.com/miepsik/validators_selection,ed3c3ba1bcd74e06fe763bd232f2292ec081a0b8,0,1,1,0,0,0,0,0,0,0,0,0,0,0,0,0,0,0,0,0,0,,,,,OK
ventur,https://github.com/Popular-Coding/ventur,1658323b1500126cdf6b0904bbd7376fa7e3a512,1,0,1,1,1,1,1,0,1,0,0,0,0,8,0,13,4,0,0,0,0,,,,,OK
walt-id_nft-infra,https://github.com/walt-id/waltid-nftkit,ab576ddbb05f46a6595750bbd0740f3834440888,1,1,1,0,0,0,0,1,0,0,0,1,0,0,0,0,0,0,25,4,0,,,,,OK
wasmedge_substrate,https://github.com/WasmEdge/WasmEdge,546dd73b12c555a4f88d5e3b213adeb658a1c7dd,1,1,1,1,1,1,0,0,0,1,0,1,1,0,0,0,0,0,0,0,0,,,,,OK
wasm-opt-for-rust,https://github.com/brson/wasm-opt-rs,446835753ce7937e43258010ea414a985a6cff9a,1,1,0,0,0,0,0,0,0,1,0,1,0,0,0,0,0,0,0,0,0,,,,,OK
wasm_runtimes_fuzzing,https://github.com/pventuzelo/wasm_runtimes_fuzzing,7b47782f01187571446f2f2d376a1d6183ee68ff,1,0,1,1,0,0,0,0,0,0,0,1,0,0,0,0,0,0,0,0,0,,,,,OK
Web3Box,https://github.com/web3box-labs/apps,44ebd1972348d81c046c93163c0a2f5a4c7dcc6f,0,1,0,1,0,0,0,0,1,0,1,1,1,0,0,0,0,0,0,0,0,,,,,OK
web3-compatible-api,https://github.com/PureStake/moonbeam,aa712eb49c86a9c08765a2a15a67d1d9b65e1e60,1,0,1,0,0,1,1,1,1,0,0,1,1,0,0,0,0,0,0,3,0,,,,,OK
Web3Go,https://github.com/web3go-xyz/web3go-xyz-v2,cb7e5af594552e993f5ce185e4d5746d67431dcb,0,1,1,1,1,1,0,0,1,0,1,1,1,0,0,0,0,0,0,0,0,,,,,OK
webb_extended_mixer,https://github.com/webb-tools/webb-dapp,c6272bbef889ec5e456d6f2244136940c2d7dae9,1,1,0,0,0,1,0,1,1,1,1,1,1,0,0,0,0,0,0,0,0,,,,,OK
Webb_Mixer,https://github.com/webb-tools/anon,b286f76ecd69a5e0e8a3ff5aa3a66dbad6479af7,1,1,1,0,1,1,1,1,1,0,1,1,1,8,0,21,4,2,72,48,1,,,,,OK
Webb_Mixer_Extended,https://github.com/webb-tools/anon,643bf33256f504a2a84b76c0572b5c63397fa0f0,1,0,1,0,1,1,1,0,1,1,1,1,0,12,0,39,6,0,0,0,1,0,0,0,0,OK
WeTEE,https://github.com/wetee-dao/chain,f592a3fd1c269aafcd8bf9bb8ea182de8492af32,0,0,0,1,0,0,1,0,1,1,0,0,0,22,66,69,11,0,0,0,2,0,0,0,0,OK
whiteflag-on-fennel-protocol,https://github.com/fennelLabs/Fennel-Protocol,29d21e896e7e735a07d385bcd8eb1c2167aa3246,1,0,1,0,0,1,1,0,1,0,0,0,0,8,0,14,4,0,0,0,0,0,0,0,0,OK
wika_network,https://github.com/randombishop/wika_etl,9674ea8bce3054a8ec30ca757a53c1f441a4d45a,0,1,1,0,0,1,0,0,0,0,0,0,1,0,0,0,0,0,0,0,0,11,20,9,0,OK
Xcavate,https://github.com/XcavateBlockchain/MVP_Lending_Pool,b3e04707cc26a187398d7732600c83c9fb9e7add,1,0,0,1,0,1,1,0,1,0,0,1,0,6,9,8,3,0,0,0,0,0,0,0,0,OK
xcm-domain-service,https://github.com/azero-id/xcm-domain-service,599c5a150785a3b003b4e256f2c9ef5be0b1240d,0,0,0,0,0,0,0,1,0,1,0,1,0,2,0,2,1,37,0,3,0,0,0,0,0,OK
xcm-sdk,https://github.com/blockcoders/xcm-sdk,0d7c7feadd25cb81b766b9c0e0cede26015a86cf,1,1,0,0,0,1,0,0,0,1,0,0,1,0,0,0,0,0,0,0,0,35,45,10,0,OK
xcmsend,https://github.com/XcmSend/app-v0.0.1,9af8c9466435f1f38f6d85761400f3a5dbbba614,0,1,0,0,0,0,0,0,1,1,0,1,1,0,0,0,0,0,0,0,0,160,359,45,0,OK
xcm-tools,https://github.com/gmajor-encrypt/xcm-tools,a059e61f92cc0a44a2b9b039c1513fd23715c7c2,1,1,1,0,0,0,0,0,0,1,1,0,0,0,0,0,0,0,0,0,0,0,95,0,0,OK
xcm-tools-follow-up,https://github.com/gmajor-encrypt/xcm-tools,be79d3d59846fbedd9ec6fffe36b700fe884acf4,1,1,1,0,0,0,0,0,0,1,1,1,0,0,0,0,0,0,0,0,0,0,146,0,0,OK
xcnft,https://github.com/paraspell-research/xcnft-pallet,c6682ecdf2fe9fdc51a678b028d77a0a4e33efa6,0,1,1,0,0,0,0,0,0,1,0,0,0,4,42,10,2,0,0,0,0,0,0,0,0,OK
xNFT,https://github.com/antiers-solutions/xNFT,8b990bcfbe7d6c6ef04b0a39ee27d57eed722075,0,0,0,1,0,0,0,0,1,1,0,0,0,2,6,4,1,0,0,0,0,0,0,0,0,OK
yatima,https://github.com/yatima-inc/yatima,d9f20f51bca748878b8561661fe8bc19a7dba609,1,1,0,0,0,0,0,0,0,0,0,0,0,0,0,0,0,0,0,0,0,0,0,0,0,OK
yieldscan_phase,https://github.com/yieldscan/yieldscan-frontend,495f4661fad49ae8ef4891a1132258eb0fabd307,0,1,1,0,0,1,0,0,1,0,0,1,1,0,0,0,0,0,0,0,0,24,436,9,0,OK
Zaturn_generic-attestable-oracle-parachain,https://github.com/Acurast/acurast-substrate,b85a649a1600988e56bc8cd185631b96dc9dfec7,1,0,1,0,0,1,0,0,1,1,0,0,0,0,0,0,0,0,0,0,0,0,0,0,0,OK
zeeve_larch,https://github.com/Zeeve-App/larch,30aa28681493d92cbdb5d1f56c11063790bc518f,1,1,0,1,0,1,0,0,0,0,0,1,1,0,0,0,0,0,0,0,0,282,238,51,33,OK
zenlink,https://github.com/zenlinkpro/whitepaper,fe5fa761ad9105454c8a69af4e8a616eaf828f49,0,0,0,0,0,0,0,0,0,0,0,1,0,0,0,0,0,0,0,0,0,0,0,0,0,OK
zenlink_dex_smart_contract,https://github.com/zenlinkpro/whitepaper,3af1af967dde202b0376ed84671de979da7693f5,0,0,0,0,0,0,0,0,0,0,0,1,0,0,0,0,0,0,0,0,0,0,0,0,0,OK
ZeroDAO_Network-millestone,https://github.com/ZeroDAO/ZeroDAO-node,50e0ffc4f215fb26b593e3002a57bd546c6830ac,1,0,1,1,0,1,1,0,1,0,0,0,0,11,0,20,7,0,0,0,0,0,0,0,0,OK
zeropool-2-snjax,https://github.com/zeropoolnetwork/fawkes-crypto,5149f041ab7fa9b037cf104c8360360da66db427,1,1,0,0,0,1,0,0,0,0,1,1,0,0,0,0,0,0,0,0,0,0,0,0,0,OK
zk-plonk,https://github.com/AstarNetwork/plonk,8cbe9f822f6f60f9480b73eeb946d0a082f1e73e,1,0,1,1,0,1,0,0,0,0,1,0,0,4,0,3,2,0,0,0,2,4,109,39,0,OK
zk-rollups,https://github.com/PlasmNetwork/ZKRollups,b2ed9c58bf80eeae0d1cfa962751bda0ea5584c0,1,1,1,0,0,0,0,0,0,0,1,1,0,0,0,0,0,0,0,0,0,14,8,2,0,OK
ZK-Snarks_with_Substrate_tutorial,https://github.com/bright/zk-snarks-with-substrate,8f2315a50429fbb05efb71f9fe9f07aa546b1688,1,0,1,1,0,1,1,0,1,0,1,0,0,2,0,3,1,0,0,0,0,0,0,0,0,OK
Zkverse,https://github.com/Zkvers/substrate-zk,1cf490ae4f7fea5c8fc91d4a5a9b579ab971f786,0,0,1,0,0,1,1,0,1,0,1,0,0,2,0,3,1,0,0,0,0,0,0,0,0,OK
zkwasm-rollups-transfer,https://github.com/KogarashiNetwork/Kogarashi,f368953a1f04adfc26bd77e06a864325884042a8,1,1,1,0,0,0,0,0,0,0,1,0,0,4,0,2,1,0,0,0,0,0,0,0,0,OK
